STATION,NAME,DATE,PRCP,PRCP_ATTRIBUTES,SNWD,SNWD_ATTRIBUTES,TAVG,TAVG_ATTRIBUTES,TMAX,TMAX_ATTRIBUTES,TMIN,TMIN_ATTRIBUTES,TAVG_C,TMAX_C,TMIN_C,CITY
IRM00040747,"SANANDAJ, IR",2025-01-01,0.0,",,S",,,36,"H,,S",,,30.0,",,S",2.2222222222222223,,-1.1111111111111112,Sanandaj
IR000407540,"TEHRAN MEHRABAD, IR",2025-01-01,0.0,",,S",,,39,"H,,S",45.0,",,S",,,3.888888888888889,7.222222222222222,,Sanandaj
IRM00040731,"GHAZVIN, IR",2025-01-01,0.0,",,S",,,33,"H,,S",47.0,",,S",,,0.5555555555555556,8.333333333333334,,Sanandaj
IRM00040785,"KASHAN, IR",2025-01-01,1.71,",,S",1.2,",,S",34,"H,,S",,,31.0,",,S",1.1111111111111112,,-0.5555555555555556,Sanandaj
IR000040706,"TABRIZ, IR",2025-01-01,0.0,",,S",,,32,"H,,S",43.0,",,S",22.0,",,S",0.0,6.111111111111111,-5.555555555555555,Sanandaj
IRM00040729,"ZANJAN, IR",2025-01-01,0.0,",,S",1.2,",,S",30,"H,,S",41.0,",,S",20.0,",,S",-1.1111111111111112,5.0,-6.666666666666667,Sanandaj
IRM00040811,"AHWAZ, IR",2025-01-01,0.0,",,S",,,55,"H,,S",67.0,",,S",,,12.777777777777779,19.444444444444443,,Sanandaj
IR000040745,"MASHHAD, IR",2025-01-01,0.0,",,S",,,38,"H,,S",,,,,3.3333333333333335,,,Sanandaj
IRM00040738,"GORGAN, IR",2025-01-01,0.0,",,S",,,44,"H,,S",51.0,",,S",,,6.666666666666667,10.555555555555555,,Sanandaj
IRM00040858,"BUSHEHR, IR",2025-01-01,0.0,",,S",,,62,"H,,S",67.0,",,S",,,16.666666666666668,19.444444444444443,,Sanandaj
IRM00040821,"YAZD SHAHID SADOOGHI, IR",2025-01-01,0.26,",,S",,,40,"H,,S",49.0,",,S",,,4.444444444444445,9.444444444444445,,Sanandaj
IR000407660,"KERMANSHAH, IR",2025-01-01,0.0,",,S",,,36,"H,,S",47.0,",,S",24.0,",,S",2.2222222222222223,8.333333333333334,-4.444444444444445,Sanandaj
IR000408560,"ZAHEDAN, IR",2025-01-01,0.01,",,S",,,45,"H,,S",,,39.0,",,S",7.222222222222222,,3.888888888888889,Sanandaj
IRM00040769,"ARAK, IR",2025-01-01,0.11,",,S",,,32,"H,,S",37.0,",,S",,,0.0,2.7777777777777777,,Sanandaj
IRM00040712,"UROMIYEH, IR",2025-01-01,0.0,",,S",,,32,"H,,S",,,,,0.0,,,Sanandaj
IRM00040827,"NEHBANDAN, IR",2025-01-01,0.19,",,S",,,44,"H,,S",49.0,",,S",,,6.666666666666667,9.444444444444445,,Sanandaj
IRM00040798,"SHAHRE KORD, IR",2025-01-01,0.02,",,S",,,29,"H,,S",38.0,",,S",19.0,",,S",-1.6666666666666667,3.3333333333333335,-7.222222222222222,Sanandaj
IRM00040875,"BANDAR ABBASS INTERNATIONAL, IR",2025-01-01,0.0,",,S",,,71,"H,,S",78.0,",,S",63.0,",,S",21.666666666666668,25.555555555555557,17.22222222222222,Sanandaj
IRM00040831,"ABADAN, IR",2025-01-01,0.0,",,S",,,54,"H,,S",68.0,",,S",,,12.222222222222221,20.0,,Sanandaj
IR000040841,"KERMAN, IR",2025-01-01,0.25,",,S",,,38,"H,,S",47.0,",,S",,,3.3333333333333335,8.333333333333334,,Sanandaj
IRM00040879,"IRAN SHAHR, IR",2025-01-01,0.0,",,S",,,67,"H,,S",75.0,",,S",57.0,",,S",19.444444444444443,23.88888888888889,13.88888888888889,Sanandaj
IRM00040800,"ESFAHAN SHAHID BEHESHTI INTERNATIONAL, IR",2025-01-01,0.6,",,S",,,36,"H,,S",48.0,",,S",,,2.2222222222222223,8.88888888888889,,Sanandaj
IRM00040723,"BOJNORD, IR",2025-01-01,0.0,",,S",,,36,"H,,S",43.0,",,S",,,2.2222222222222223,6.111111111111111,,Sanandaj
IR000040848,"SHIRAZ, IR",2025-01-01,0.27,",,S",,,46,"H,,S",55.0,",,S",,,7.777777777777778,12.777777777777779,,Sanandaj
IRM00040809,"BIRJAND, IR",2025-01-01,0.26,",,S",,,38,"H,,S",46.0,",,S",,,3.3333333333333335,7.777777777777778,,Sanandaj
IRM00040827,"NEHBANDAN, IR",2025-01-02,0.24,",,S",,,37,"H,,S",44.0,",,S",,,2.7777777777777777,6.666666666666667,,Sanandaj
IRM00040738,"GORGAN, IR",2025-01-02,0.0,",,S",,,42,"H,,S",56.0,",,S",29.0,",,S",5.555555555555555,13.333333333333334,-1.6666666666666667,Sanandaj
IRM00040875,"BANDAR ABBASS INTERNATIONAL, IR",2025-01-02,0.0,",,S",,,65,"H,,S",75.0,",,S",51.0,",,S",18.333333333333332,23.88888888888889,10.555555555555555,Sanandaj
IRM00040800,"ESFAHAN SHAHID BEHESHTI INTERNATIONAL, IR",2025-01-02,0.0,",,S",,,31,"H,,S",46.0,",,S",,,-0.5555555555555556,7.777777777777778,,Sanandaj
IR000040745,"MASHHAD, IR",2025-01-02,0.0,",,S",,,36,"H,,S",,,,,2.2222222222222223,,,Sanandaj
IRM00040769,"ARAK, IR",2025-01-02,0.0,",,S",1.6,",,S",28,"H,,S",36.0,",,S",,,-2.2222222222222223,2.2222222222222223,,Sanandaj
IR000040848,"SHIRAZ, IR",2025-01-02,0.0,",,S",,,39,"H,,S",47.0,",,S",,,3.888888888888889,8.333333333333334,,Sanandaj
IRM00040821,"YAZD SHAHID SADOOGHI, IR",2025-01-02,0.0,",,S",,,37,"H,,S",44.0,",,S",,,2.7777777777777777,6.666666666666667,,Sanandaj
IR000407660,"KERMANSHAH, IR",2025-01-02,0.0,",,S",,,38,"H,,S",,,28.0,",,S",3.3333333333333335,,-2.2222222222222223,Sanandaj
IRM00040858,"BUSHEHR, IR",2025-01-02,0.0,",,S",,,58,"H,,S",,,48.0,",,S",14.444444444444445,,8.88888888888889,Sanandaj
IRM00040747,"SANANDAJ, IR",2025-01-02,0.0,",,S",,,35,"H,,S",,,,,1.6666666666666667,,,Sanandaj
IRM00040879,"IRAN SHAHR, IR",2025-01-02,0.06,",,S",,,59,"H,,S",70.0,",,S",,,15.0,21.11111111111111,,Sanandaj
IRM00040811,"AHWAZ, IR",2025-01-02,0.0,",,S",,,56,"H,,S",70.0,",,S",45.0,",,S",13.333333333333334,21.11111111111111,7.222222222222222,Sanandaj
IRM00040798,"SHAHRE KORD, IR",2025-01-02,0.0,",,S",0.4,",,S",26,"H,,S",35.0,",,S",,,-3.3333333333333335,1.6666666666666667,,Sanandaj
IRM00040723,"BOJNORD, IR",2025-01-02,0.0,",,S",,,35,"H,,S",41.0,",,S",,,1.6666666666666667,5.0,,Sanandaj
IR000407540,"TEHRAN MEHRABAD, IR",2025-01-02,0.0,",,S",,,39,"H,,S",46.0,",,S",31.0,",,S",3.888888888888889,7.777777777777778,-0.5555555555555556,Sanandaj
IR000040841,"KERMAN, IR",2025-01-02,0.19,",,S",4.3,",,S",30,"H,,S",37.0,",,S",,,-1.1111111111111112,2.7777777777777777,,Sanandaj
IRM00040731,"GHAZVIN, IR",2025-01-02,0.0,",,S",,,32,"H,,S",46.0,",,S",23.0,",,S",0.0,7.777777777777778,-5.0,Sanandaj
IRM00040785,"KASHAN, IR",2025-01-02,0.0,",,S",,,38,"H,,S",47.0,",,S",33.0,",,S",3.3333333333333335,8.333333333333334,0.5555555555555556,Sanandaj
IRM00040809,"BIRJAND, IR",2025-01-02,0.11,",,S",,,31,"H,,S",38.0,",,S",,,-0.5555555555555556,3.3333333333333335,,Sanandaj
IRM00040712,"UROMIYEH, IR",2025-01-02,0.0,",,S",,,31,"H,,S",43.0,",,S",22.0,",,S",-0.5555555555555556,6.111111111111111,-5.555555555555555,Sanandaj
IR000040706,"TABRIZ, IR",2025-01-02,0.0,",,S",,,31,"H,,S",43.0,",,S",22.0,",,S",-0.5555555555555556,6.111111111111111,-5.555555555555555,Sanandaj
IRM00040831,"ABADAN, IR",2025-01-02,0.0,",,S",,,53,"H,,S",66.0,",,S",42.0,",,S",11.666666666666666,18.88888888888889,5.555555555555555,Sanandaj
IRM00040729,"ZANJAN, IR",2025-01-02,0.0,",,S",0.8,",,S",29,"H,,S",40.0,",,S",16.0,",,S",-1.6666666666666667,4.444444444444445,-8.88888888888889,Sanandaj
IR000408560,"ZAHEDAN, IR",2025-01-02,0.06,",,S",,,37,"H,,S",44.0,",,S",,,2.7777777777777777,6.666666666666667,,Sanandaj
IRM00040769,"ARAK, IR",2025-01-03,0.0,",,S",0.4,",,S",23,"H,,S",34.0,",,S",13.0,",,S",-5.0,1.1111111111111112,-10.555555555555555,Sanandaj
IR000408560,"ZAHEDAN, IR",2025-01-03,0.0,",,S",,,35,"H,,S",46.0,",,S",,,1.6666666666666667,7.777777777777778,,Sanandaj
IRM00040831,"ABADAN, IR",2025-01-03,0.0,",,S",,,52,"H,,S",67.0,",,S",,,11.11111111111111,19.444444444444443,,Sanandaj
IRM00040712,"UROMIYEH, IR",2025-01-03,0.0,",,S",,,29,"H,,S",43.0,",,S",18.0,",,S",-1.6666666666666667,6.111111111111111,-7.777777777777778,Sanandaj
IRM00040875,"BANDAR ABBASS INTERNATIONAL, IR",2025-01-03,0.0,",,S",,,62,"H,,S",74.0,",,S",,,16.666666666666668,23.333333333333332,,Sanandaj
IRM00040821,"YAZD SHAHID SADOOGHI, IR",2025-01-03,0.0,",,S",,,36,"H,,S",,,,,2.2222222222222223,,,Sanandaj
IRM00040729,"ZANJAN, IR",2025-01-03,0.0,",,S",0.8,",,S",30,"H,,S",,,14.0,",,S",-1.1111111111111112,,-10.0,Sanandaj
IRM00040858,"BUSHEHR, IR",2025-01-03,0.0,",,S",,,59,"H,,S",,,47.0,",,S",15.0,,8.333333333333334,Sanandaj
IRM00040800,"ESFAHAN SHAHID BEHESHTI INTERNATIONAL, IR",2025-01-03,0.0,",,S",,,28,"H,,S",45.0,",,S",,,-2.2222222222222223,7.222222222222222,,Sanandaj
IRM00040738,"GORGAN, IR",2025-01-03,0.0,",,S",,,43,"H,,S",,,27.0,",,S",6.111111111111111,,-2.7777777777777777,Sanandaj
IRM00040879,"IRAN SHAHR, IR",2025-01-03,0.0,",,S",,,52,"H,,S",62.0,",,S",42.0,",,S",11.11111111111111,16.666666666666668,5.555555555555555,Sanandaj
IRM00040723,"BOJNORD, IR",2025-01-03,0.0,",,S",,,33,"H,,S",45.0,",,S",23.0,",,S",0.5555555555555556,7.222222222222222,-5.0,Sanandaj
IRM00040731,"GHAZVIN, IR",2025-01-03,0.0,",,S",,,33,"H,,S",47.0,",,S",22.0,",,S",0.5555555555555556,8.333333333333334,-5.555555555555555,Sanandaj
IRM00040785,"KASHAN, IR",2025-01-03,0.0,",,S",,,39,"H,,S",51.0,",,S",29.0,",,S",3.888888888888889,10.555555555555555,-1.6666666666666667,Sanandaj
IR000040841,"KERMAN, IR",2025-01-03,0.01,",,S",,,27,"H,,S",35.0,",,S",,,-2.7777777777777777,1.6666666666666667,,Sanandaj
IR000040706,"TABRIZ, IR",2025-01-03,0.0,",,S",,,29,"H,,S",40.0,",,S",,,-1.6666666666666667,4.444444444444445,,Sanandaj
IR000040848,"SHIRAZ, IR",2025-01-03,0.0,",,S",,,34,"H,,S",,,,,1.1111111111111112,,,Sanandaj
IRM00040747,"SANANDAJ, IR",2025-01-03,0.0,",,S",,,31,"H,,S",47.0,",,S",19.0,",,S",-0.5555555555555556,8.333333333333334,-7.222222222222222,Sanandaj
IR000407540,"TEHRAN MEHRABAD, IR",2025-01-03,0.0,",,S",,,40,"H,,S",,,30.0,",,S",4.444444444444445,,-1.1111111111111112,Sanandaj
IRM00040798,"SHAHRE KORD, IR",2025-01-03,0.0,"D,,S",0.4,",,S",23,"H,,S",36.0,",,S",10.0,",,S",-5.0,2.2222222222222223,-12.222222222222221,Sanandaj
IR000407660,"KERMANSHAH, IR",2025-01-03,0.0,",,S",,,35,"H,,S",48.0,",,S",24.0,",,S",1.6666666666666667,8.88888888888889,-4.444444444444445,Sanandaj
IRM00040827,"NEHBANDAN, IR",2025-01-03,0.0,",,S",,,35,"H,,S",44.0,",,S",30.0,",,S",1.6666666666666667,6.666666666666667,-1.1111111111111112,Sanandaj
IRM00040809,"BIRJAND, IR",2025-01-03,0.0,",,S",,,31,"H,,S",37.0,",,S",22.0,",,S",-0.5555555555555556,2.7777777777777777,-5.555555555555555,Sanandaj
IR000040745,"MASHHAD, IR",2025-01-03,0.0,",,S",,,36,"H,,S",42.0,",,S",33.0,",,S",2.2222222222222223,5.555555555555555,0.5555555555555556,Sanandaj
IRM00040811,"AHWAZ, IR",2025-01-03,0.0,",,S",,,54,"H,,S",70.0,",,S",42.0,",,S",12.222222222222221,21.11111111111111,5.555555555555555,Sanandaj
IRM00040800,"ESFAHAN SHAHID BEHESHTI INTERNATIONAL, IR",2025-01-04,0.0,",,S",,,28,"H,,S",49.0,",,S",,,-2.2222222222222223,9.444444444444445,,Sanandaj
IR000408560,"ZAHEDAN, IR",2025-01-04,0.0,",,S",,,34,"H,,S",,,21.0,",,S",1.1111111111111112,,-6.111111111111111,Sanandaj
IRM00040757,"SEMNAN, IR",2025-01-04,0.0,",,S",,,38,"H,,S",49.0,",,S",,,3.3333333333333335,9.444444444444445,,Sanandaj
IR000040706,"TABRIZ, IR",2025-01-04,0.0,",,S",,,29,"H,,S",,,17.0,",,S",-1.6666666666666667,,-8.333333333333334,Sanandaj
IRM00040821,"YAZD SHAHID SADOOGHI, IR",2025-01-04,0.0,",,S",,,40,"H,,S",51.0,",,S",,,4.444444444444445,10.555555555555555,,Sanandaj
IRM00040858,"BUSHEHR, IR",2025-01-04,0.0,",,S",,,59,"H,,S",65.0,",,S",,,15.0,18.333333333333332,,Sanandaj
IRM00040785,"KASHAN, IR",2025-01-04,0.0,",,S",,,39,"H,,S",54.0,",,S",27.0,",,S",3.888888888888889,12.222222222222221,-2.7777777777777777,Sanandaj
IRM00040879,"IRAN SHAHR, IR",2025-01-04,0.0,",,S",,,49,"H,,S",60.0,",,S",36.0,",,S",9.444444444444445,15.555555555555555,2.2222222222222223,Sanandaj
IR000407540,"TEHRAN MEHRABAD, IR",2025-01-04,0.0,",,S",,,41,"H,,S",52.0,",,S",31.0,",,S",5.0,11.11111111111111,-0.5555555555555556,Sanandaj
IRM00040809,"BIRJAND, IR",2025-01-04,0.0,",,S",,,31,"H,,S",42.0,",,S",,,-0.5555555555555556,5.555555555555555,,Sanandaj
IRM00040723,"BOJNORD, IR",2025-01-04,0.0,",,S",,,32,"H,,S",48.0,",,S",23.0,",,S",0.0,8.88888888888889,-5.0,Sanandaj
IRM00040729,"ZANJAN, IR",2025-01-04,0.0,",,S",0.8,",,S",32,"H,,S",47.0,",,S",15.0,",,S",0.0,8.333333333333334,-9.444444444444445,Sanandaj
IR000040745,"MASHHAD, IR",2025-01-04,0.0,",,S",,,39,"H,,S",,,,,3.888888888888889,,,Sanandaj
IRM00040738,"GORGAN, IR",2025-01-04,0.0,",,S",,,42,"H,,S",63.0,",,S",30.0,",,S",5.555555555555555,17.22222222222222,-1.1111111111111112,Sanandaj
IRM00040747,"SANANDAJ, IR",2025-01-04,0.0,",,S",,,32,"H,,S",,,18.0,",,S",0.0,,-7.777777777777778,Sanandaj
IRM00040875,"BANDAR ABBASS INTERNATIONAL, IR",2025-01-04,0.0,",,S",,,57,"H,,S",70.0,",,S",,,13.88888888888889,21.11111111111111,,Sanandaj
IRM00040712,"UROMIYEH, IR",2025-01-04,0.0,",,S",,,28,"H,,S",42.0,",,S",17.0,",,S",-2.2222222222222223,5.555555555555555,-8.333333333333334,Sanandaj
IR000407660,"KERMANSHAH, IR",2025-01-04,0.0,",,S",,,34,"H,,S",51.0,",,S",19.0,",,S",1.1111111111111112,10.555555555555555,-7.222222222222222,Sanandaj
IR000040848,"SHIRAZ, IR",2025-01-04,0.0,",,S",,,35,"H,,S",50.0,",,S",23.0,",,S",1.6666666666666667,10.0,-5.0,Sanandaj
IRM00040811,"AHWAZ, IR",2025-01-04,0.0,",,S",,,53,"H,,S",67.0,",,S",,,11.666666666666666,19.444444444444443,,Sanandaj
IRM00040827,"NEHBANDAN, IR",2025-01-04,0.0,",,S",,,36,"H,,S",46.0,",,S",27.0,",,S",2.2222222222222223,7.777777777777778,-2.7777777777777777,Sanandaj
IRM00040731,"GHAZVIN, IR",2025-01-04,0.0,",,S",,,35,"H,,S",54.0,",,S",23.0,",,S",1.6666666666666667,12.222222222222221,-5.0,Sanandaj
IR000040841,"KERMAN, IR",2025-01-04,0.0,",,S",,,29,"H,,S",42.0,",,S",17.0,",,S",-1.6666666666666667,5.555555555555555,-8.333333333333334,Sanandaj
IRM00040831,"ABADAN, IR",2025-01-04,0.0,",,S",,,51,"H,,S",,,,,10.555555555555555,,,Sanandaj
IRM00040769,"ARAK, IR",2025-01-04,0.0,",,S",0.4,",,S",24,"H,,S",41.0,",,S",,,-4.444444444444445,5.0,,Sanandaj
IRM00040798,"SHAHRE KORD, IR",2025-01-04,0.0,",,S",,,25,"H,,S",46.0,",,S",10.0,",,S",-3.888888888888889,7.777777777777778,-12.222222222222221,Sanandaj
IRM00040811,"AHWAZ, IR",2025-01-05,0.0,",,S",,,52,"H,,S",68.0,",,S",41.0,",,S",11.11111111111111,20.0,5.0,Sanandaj
IRM00040723,"BOJNORD, IR",2025-01-05,0.0,",,S",,,32,"H,,S",51.0,",,S",,,0.0,10.555555555555555,,Sanandaj
IR000040745,"MASHHAD, IR",2025-01-05,0.0,",,S",,,42,"H,,S",54.0,",,S",,,5.555555555555555,12.222222222222221,,Sanandaj
IRM00040875,"BANDAR ABBASS INTERNATIONAL, IR",2025-01-05,0.0,",,S",,,57,"H,,S",74.0,",,S",42.0,",,S",13.88888888888889,23.333333333333332,5.555555555555555,Sanandaj
IRM00040858,"BUSHEHR, IR",2025-01-05,0.0,",,S",,,58,"H,,S",65.0,",,S",,,14.444444444444445,18.333333333333332,,Sanandaj
IRM00040738,"GORGAN, IR",2025-01-05,0.0,",,S",,,44,"H,,S",66.0,",,S",27.0,",,S",6.666666666666667,18.88888888888889,-2.7777777777777777,Sanandaj
IRM00040798,"SHAHRE KORD, IR",2025-01-05,0.0,",,S",,,28,"H,,S",49.0,",,S",,,-2.2222222222222223,9.444444444444445,,Sanandaj
IR000407540,"TEHRAN MEHRABAD, IR",2025-01-05,0.0,",,S",,,42,"H,,S",54.0,",,S",33.0,",,S",5.555555555555555,12.222222222222221,0.5555555555555556,Sanandaj
IRM00040729,"ZANJAN, IR",2025-01-05,0.0,",,S",0.8,",,S",35,"H,,S",48.0,",,S",16.0,",,S",1.6666666666666667,8.88888888888889,-8.88888888888889,Sanandaj
IRM00040712,"UROMIYEH, IR",2025-01-05,0.0,",,S",,,30,"H,,S",43.0,",,S",18.0,",,S",-1.1111111111111112,6.111111111111111,-7.777777777777778,Sanandaj
IR000407660,"KERMANSHAH, IR",2025-01-05,0.0,",,S",,,39,"H,,S",,,25.0,",,S",3.888888888888889,,-3.888888888888889,Sanandaj
IRM00040827,"NEHBANDAN, IR",2025-01-05,0.0,",,S",,,38,"H,,S",51.0,",,S",25.0,",,S",3.3333333333333335,10.555555555555555,-3.888888888888889,Sanandaj
IRM00040747,"SANANDAJ, IR",2025-01-05,0.0,",,S",,,37,"H,,S",54.0,",,S",24.0,",,S",2.7777777777777777,12.222222222222221,-4.444444444444445,Sanandaj
IRM00040769,"ARAK, IR",2025-01-05,0.0,",,S",,,28,"H,,S",43.0,",,S",,,-2.2222222222222223,6.111111111111111,,Sanandaj
IRM00040831,"ABADAN, IR",2025-01-05,0.0,",,S",,,52,"H,,S",,,38.0,",,S",11.11111111111111,,3.3333333333333335,Sanandaj
IR000040841,"KERMAN, IR",2025-01-05,0.0,",,S",,,34,"H,,S",51.0,",,S",19.0,",,S",1.1111111111111112,10.555555555555555,-7.222222222222222,Sanandaj
IRM00040731,"GHAZVIN, IR",2025-01-05,0.0,",,S",,,39,"H,,S",,,24.0,",,S",3.888888888888889,,-4.444444444444445,Sanandaj
IR000040848,"SHIRAZ, IR",2025-01-05,0.0,",,S",,,37,"H,,S",54.0,",,S",23.0,",,S",2.7777777777777777,12.222222222222221,-5.0,Sanandaj
IR000408560,"ZAHEDAN, IR",2025-01-05,0.0,",,S",,,36,"H,,S",,,,,2.2222222222222223,,,Sanandaj
IRM00040757,"SEMNAN, IR",2025-01-05,0.0,",,S",,,38,"H,,S",49.0,",,S",30.0,",,S",3.3333333333333335,9.444444444444445,-1.1111111111111112,Sanandaj
IRM00040879,"IRAN SHAHR, IR",2025-01-05,0.0,",,S",,,52,"H,,S",63.0,",,S",36.0,",,S",11.11111111111111,17.22222222222222,2.2222222222222223,Sanandaj
IRM00040821,"YAZD SHAHID SADOOGHI, IR",2025-01-05,0.0,",,S",,,44,"H,,S",,,,,6.666666666666667,,,Sanandaj
IRM00040800,"ESFAHAN SHAHID BEHESHTI INTERNATIONAL, IR",2025-01-05,0.0,",,S",,,30,"H,,S",53.0,",,S",,,-1.1111111111111112,11.666666666666666,,Sanandaj
IRM00040809,"BIRJAND, IR",2025-01-05,0.0,",,S",,,32,"H,,S",45.0,",,S",19.0,",,S",0.0,7.222222222222222,-7.222222222222222,Sanandaj
IRM00040785,"KASHAN, IR",2025-01-05,0.0,",,S",,,41,"H,,S",57.0,",,S",27.0,",,S",5.0,13.88888888888889,-2.7777777777777777,Sanandaj
IR000040706,"TABRIZ, IR",2025-01-05,0.0,",,S",,,32,"H,,S",43.0,",,S",19.0,",,S",0.0,6.111111111111111,-7.222222222222222,Sanandaj
IR000407660,"KERMANSHAH, IR",2025-01-06,0.0,",,S",,,42,"H,,S",,,,,5.555555555555555,,,Sanandaj
IRM00040875,"BANDAR ABBASS INTERNATIONAL, IR",2025-01-06,0.0,",,S",,,60,"H,,S",,,43.0,",,S",15.555555555555555,,6.111111111111111,Sanandaj
IRM00040723,"BOJNORD, IR",2025-01-06,0.0,",,S",,,38,"H,,S",55.0,",,S",19.0,",,S",3.3333333333333335,12.777777777777779,-7.222222222222222,Sanandaj
IRM00040785,"KASHAN, IR",2025-01-06,0.0,",,S",,,42,"H,,S",50.0,",,S",33.0,",,S",5.555555555555555,10.0,0.5555555555555556,Sanandaj
IRM00040800,"ESFAHAN SHAHID BEHESHTI INTERNATIONAL, IR",2025-01-06,0.0,",,S",,,38,"H,,S",57.0,",,S",,,3.3333333333333335,13.88888888888889,,Sanandaj
IRM00040879,"IRAN SHAHR, IR",2025-01-06,0.0,",,S",,,54,"H,,S",68.0,",,S",37.0,",,S",12.222222222222221,20.0,2.7777777777777777,Sanandaj
IR000040848,"SHIRAZ, IR",2025-01-06,0.0,",,S",,,42,"H,,S",58.0,",,S",28.0,",,S",5.555555555555555,14.444444444444445,-2.2222222222222223,Sanandaj
IR000040841,"KERMAN, IR",2025-01-06,0.0,",,S",,,42,"H,,S",64.0,",,S",22.0,",,S",5.555555555555555,17.77777777777778,-5.555555555555555,Sanandaj
IRM00040747,"SANANDAJ, IR",2025-01-06,0.0,",,S",,,43,"H,,S",,,33.0,",,S",6.111111111111111,,0.5555555555555556,Sanandaj
IRM00040798,"SHAHRE KORD, IR",2025-01-06,0.0,",,S",,,38,"H,,S",56.0,",,S",12.0,",,S",3.3333333333333335,13.333333333333334,-11.11111111111111,Sanandaj
IRM00040809,"BIRJAND, IR",2025-01-06,0.0,",,S",,,36,"H,,S",55.0,",,S",21.0,",,S",2.2222222222222223,12.777777777777779,-6.111111111111111,Sanandaj
IRM00040811,"AHWAZ, IR",2025-01-06,0.02,",,S",,,56,"H,,S",67.0,",,S",,,13.333333333333334,19.444444444444443,,Sanandaj
IRM00040757,"SEMNAN, IR",2025-01-06,0.0,",,S",,,39,"H,,S",,,29.0,",,S",3.888888888888889,,-1.6666666666666667,Sanandaj
IRM00040729,"ZANJAN, IR",2025-01-06,0.01,",,S",0.8,",,S",35,"H,,S",,,29.0,",,S",1.6666666666666667,,-1.6666666666666667,Sanandaj
IRM00040821,"YAZD SHAHID SADOOGHI, IR",2025-01-06,0.0,",,S",,,48,"H,,S",,,38.0,",,S",8.88888888888889,,3.3333333333333335,Sanandaj
IR000408560,"ZAHEDAN, IR",2025-01-06,0.0,",,S",,,37,"H,,S",55.0,",,S",20.0,",,S",2.7777777777777777,12.777777777777779,-6.666666666666667,Sanandaj
IRM00040858,"BUSHEHR, IR",2025-01-06,0.0,",,S",,,61,"H,,S",,,44.0,",,S",16.11111111111111,,6.666666666666667,Sanandaj
IR000040745,"MASHHAD, IR",2025-01-06,0.0,",,S",,,42,"H,,S",53.0,",,S",28.0,",,S",5.555555555555555,11.666666666666666,-2.2222222222222223,Sanandaj
IRM00040738,"GORGAN, IR",2025-01-06,0.0,",,S",,,43,"H,,S",,,28.0,",,S",6.111111111111111,,-2.2222222222222223,Sanandaj
IRM00040831,"ABADAN, IR",2025-01-06,0.0,",,S",,,59,"H,,S",66.0,",,S",43.0,",,S",15.0,18.88888888888889,6.111111111111111,Sanandaj
IR000407540,"TEHRAN MEHRABAD, IR",2025-01-06,0.0,",,S",,,42,"H,,S",47.0,",,S",37.0,",,S",5.555555555555555,8.333333333333334,2.7777777777777777,Sanandaj
IR000040706,"TABRIZ, IR",2025-01-06,0.02,",,S",0.4,",,S",36,"H,,S",45.0,",,S",,,2.2222222222222223,7.222222222222222,,Sanandaj
IRM00040769,"ARAK, IR",2025-01-06,0.0,",,S",0.4,",,S",33,"H,,S",43.0,",,S",,,0.5555555555555556,6.111111111111111,,Sanandaj
IRM00040827,"NEHBANDAN, IR",2025-01-06,0.0,",,S",,,39,"H,,S",52.0,",,S",26.0,",,S",3.888888888888889,11.11111111111111,-3.3333333333333335,Sanandaj
IRM00040712,"UROMIYEH, IR",2025-01-06,0.0,",,S",,,33,"H,,S",45.0,",,S",27.0,",,S",0.5555555555555556,7.222222222222222,-2.7777777777777777,Sanandaj
IRM00040731,"GHAZVIN, IR",2025-01-06,0.02,",,S",,,38,"H,,S",45.0,",,S",30.0,",,S",3.3333333333333335,7.222222222222222,-1.1111111111111112,Sanandaj
IRM00040831,"ABADAN, IR",2025-01-07,0.19,",,S",,,59,"H,,S",66.0,",,S",55.0,",,S",15.0,18.88888888888889,12.777777777777779,Sanandaj
IR000040841,"KERMAN, IR",2025-01-07,0.0,",,S",,,42,"H,,S",59.0,",,S",31.0,",,S",5.555555555555555,15.0,-0.5555555555555556,Sanandaj
IRM00040821,"YAZD SHAHID SADOOGHI, IR",2025-01-07,0.0,",,S",,,45,"H,,S",52.0,",,S",,,7.222222222222222,11.11111111111111,,Sanandaj
IR000040848,"SHIRAZ, IR",2025-01-07,0.0,",,S",,,45,"H,,S",58.0,",,S",35.0,",,S",7.222222222222222,14.444444444444445,1.6666666666666667,Sanandaj
IRM00040879,"IRAN SHAHR, IR",2025-01-07,0.0,",,S",,,61,"H,,S",76.0,",,S",42.0,",,S",16.11111111111111,24.444444444444443,5.555555555555555,Sanandaj
IRM00040747,"SANANDAJ, IR",2025-01-07,0.0,",,S",,,40,"H,,S",,,29.0,",,S",4.444444444444445,,-1.6666666666666667,Sanandaj
IRM00040809,"BIRJAND, IR",2025-01-07,0.0,",,S",,,45,"H,,S",60.0,",,S",27.0,",,S",7.222222222222222,15.555555555555555,-2.7777777777777777,Sanandaj
IR000408560,"ZAHEDAN, IR",2025-01-07,0.0,",,S",,,38,"H,,S",54.0,",,S",23.0,",,S",3.3333333333333335,12.222222222222221,-5.0,Sanandaj
IRM00040712,"UROMIYEH, IR",2025-01-07,0.0,",,S",,,34,"H,,S",45.0,",,S",27.0,",,S",1.1111111111111112,7.222222222222222,-2.7777777777777777,Sanandaj
IRM00040769,"ARAK, IR",2025-01-07,0.0,",,S",,,37,"H,,S",44.0,",,S",,,2.7777777777777777,6.666666666666667,,Sanandaj
IRM00040827,"NEHBANDAN, IR",2025-01-07,0.0,",,S",,,42,"H,,S",53.0,",,S",30.0,",,S",5.555555555555555,11.666666666666666,-1.1111111111111112,Sanandaj
IRM00040738,"GORGAN, IR",2025-01-07,0.0,",,S",,,46,"H,,S",58.0,",,S",35.0,",,S",7.777777777777778,14.444444444444445,1.6666666666666667,Sanandaj
IR000040745,"MASHHAD, IR",2025-01-07,0.0,",,S",,,38,"H,,S",48.0,",,S",,,3.3333333333333335,8.88888888888889,,Sanandaj
IRM00040731,"GHAZVIN, IR",2025-01-07,0.0,",,S",,,36,"H,,S",47.0,",,S",27.0,",,S",2.2222222222222223,8.333333333333334,-2.7777777777777777,Sanandaj
IR000407540,"TEHRAN MEHRABAD, IR",2025-01-07,0.0,",,S",,,45,"H,,S",,,39.0,",,S",7.222222222222222,,3.888888888888889,Sanandaj
IRM00040811,"AHWAZ, IR",2025-01-07,0.04,",,S",,,57,"H,,S",63.0,",,S",55.0,",,S",13.88888888888889,17.22222222222222,12.777777777777779,Sanandaj
IR000407660,"KERMANSHAH, IR",2025-01-07,0.02,",,S",,,42,"H,,S",53.0,",,S",,,5.555555555555555,11.666666666666666,,Sanandaj
IR000040706,"TABRIZ, IR",2025-01-07,0.0,",,S",,,32,"H,,S",45.0,",,S",23.0,",,S",0.0,7.222222222222222,-5.0,Sanandaj
IRM00040875,"BANDAR ABBASS INTERNATIONAL, IR",2025-01-07,0.0,",,S",,,60,"H,,S",79.0,",,S",44.0,",,S",15.555555555555555,26.11111111111111,6.666666666666667,Sanandaj
IRM00040798,"SHAHRE KORD, IR",2025-01-07,0.0,",,S",,,38,"H,,S",46.0,",,S",,,3.3333333333333335,7.777777777777778,,Sanandaj
IRM00040800,"ESFAHAN SHAHID BEHESHTI INTERNATIONAL, IR",2025-01-07,0.0,",,S",,,42,"H,,S",53.0,",,S",,,5.555555555555555,11.666666666666666,,Sanandaj
IRM00040729,"ZANJAN, IR",2025-01-07,0.0,",,S",1.2,",,S",31,"H,,S",36.0,",,S",21.0,",,S",-0.5555555555555556,2.2222222222222223,-6.111111111111111,Sanandaj
IRM00040785,"KASHAN, IR",2025-01-07,0.0,",,S",,,45,"H,,S",49.0,",,S",38.0,",,S",7.222222222222222,9.444444444444445,3.3333333333333335,Sanandaj
IRM00040858,"BUSHEHR, IR",2025-01-07,0.0,",,S",,,65,"H,,S",,,58.0,",,S",18.333333333333332,,14.444444444444445,Sanandaj
IRM00040723,"BOJNORD, IR",2025-01-07,0.0,",,S",,,37,"H,,S",47.0,",,S",,,2.7777777777777777,8.333333333333334,,Sanandaj
IRM00040827,"NEHBANDAN, IR",2025-01-08,0.0,",,S",,,45,"H,,S",60.0,",,S",34.0,",,S",7.222222222222222,15.555555555555555,1.1111111111111112,Sanandaj
IRM00040785,"KASHAN, IR",2025-01-08,0.0,",,S",,,46,"H,,S",57.0,",,S",37.0,",,S",7.777777777777778,13.88888888888889,2.7777777777777777,Sanandaj
IR000408560,"ZAHEDAN, IR",2025-01-08,0.0,",,S",,,41,"H,,S",,,24.0,",,S",5.0,,-4.444444444444445,Sanandaj
IRM00040809,"BIRJAND, IR",2025-01-08,0.0,",,S",,,46,"H,,S",,,31.0,",,S",7.777777777777778,,-0.5555555555555556,Sanandaj
IR000040706,"TABRIZ, IR",2025-01-08,0.0,",,S",,,29,"H,,S",39.0,",,S",19.0,",,S",-1.6666666666666667,3.888888888888889,-7.222222222222222,Sanandaj
IRM00040875,"BANDAR ABBASS INTERNATIONAL, IR",2025-01-08,0.0,",,S",,,62,"H,,S",79.0,",,S",47.0,",,S",16.666666666666668,26.11111111111111,8.333333333333334,Sanandaj
IR000407660,"KERMANSHAH, IR",2025-01-08,0.0,",,S",,,42,"H,,S",52.0,",,S",,,5.555555555555555,11.11111111111111,,Sanandaj
IRM00040798,"SHAHRE KORD, IR",2025-01-08,0.0,",,S",,,33,"H,,S",,,,,0.5555555555555556,,,Sanandaj
IRM00040821,"YAZD SHAHID SADOOGHI, IR",2025-01-08,0.0,",,S",,,42,"H,,S",,,35.0,",,S",5.555555555555555,,1.6666666666666667,Sanandaj
IR000040848,"SHIRAZ, IR",2025-01-08,0.0,",,S",,,47,"H,,S",59.0,",,S",35.0,",,S",8.333333333333334,15.0,1.6666666666666667,Sanandaj
IRM00040879,"IRAN SHAHR, IR",2025-01-08,0.0,",,S",,,58,"H,,S",,,43.0,",,S",14.444444444444445,,6.111111111111111,Sanandaj
IR000407540,"TEHRAN MEHRABAD, IR",2025-01-08,0.0,",,S",,,47,"H,,S",55.0,",,S",,,8.333333333333334,12.777777777777779,,Sanandaj
IRM00040831,"ABADAN, IR",2025-01-08,0.0,",,S",,,58,"H,,S",65.0,",,S",,,14.444444444444445,18.333333333333332,,Sanandaj
IRM00040729,"ZANJAN, IR",2025-01-08,0.0,",,S",0.8,",,S",33,"H,,S",,,,,0.5555555555555556,,,Sanandaj
IRM00040800,"ESFAHAN SHAHID BEHESHTI INTERNATIONAL, IR",2025-01-08,0.0,",,S",,,39,"H,,S",54.0,",,S",,,3.888888888888889,12.222222222222221,,Sanandaj
IRM00040731,"GHAZVIN, IR",2025-01-08,0.0,",,S",,,39,"H,,S",52.0,",,S",30.0,",,S",3.888888888888889,11.11111111111111,-1.1111111111111112,Sanandaj
IRM00040769,"ARAK, IR",2025-01-08,0.0,",,S",0.4,",,S",36,"H,,S",44.0,",,S",,,2.2222222222222223,6.666666666666667,,Sanandaj
IRM00040712,"UROMIYEH, IR",2025-01-08,0.0,",,S",,,31,"H,,S",36.0,",,S",21.0,",,S",-0.5555555555555556,2.2222222222222223,-6.111111111111111,Sanandaj
IRM00040858,"BUSHEHR, IR",2025-01-08,0.0,",,S",,,64,"H,,S",,,60.0,",,S",17.77777777777778,,15.555555555555555,Sanandaj
IR000040745,"MASHHAD, IR",2025-01-08,0.0,",,S",,,35,"H,,S",38.0,",,S",,,1.6666666666666667,3.3333333333333335,,Sanandaj
IRM00040811,"AHWAZ, IR",2025-01-08,0.06,",,S",,,60,"H,,S",70.0,",,S",,,15.555555555555555,21.11111111111111,,Sanandaj
IR000040841,"KERMAN, IR",2025-01-08,0.0,",,S",,,37,"H,,S",49.0,",,S",,,2.7777777777777777,9.444444444444445,,Sanandaj
IRM00040723,"BOJNORD, IR",2025-01-08,0.0,",,S",,,34,"H,,S",46.0,",,S",24.0,",,S",1.1111111111111112,7.777777777777778,-4.444444444444445,Sanandaj
IRM00040747,"SANANDAJ, IR",2025-01-08,0.0,",,S",,,41,"H,,S",45.0,",,S",,,5.0,7.222222222222222,,Sanandaj
IRM00040738,"GORGAN, IR",2025-01-08,0.0,",,S",,,43,"H,,S",57.0,",,S",32.0,",,S",6.111111111111111,13.88888888888889,0.0,Sanandaj
IRM00040738,"GORGAN, IR",2025-01-09,0.0,",,S",,,44,"H,,S",59.0,",,S",,,6.666666666666667,15.0,,Sanandaj
IRM00040729,"ZANJAN, IR",2025-01-09,0.0,",,S",0.8,",,S",29,"H,,S",,,18.0,",,S",-1.6666666666666667,,-7.777777777777778,Sanandaj
IRM00040731,"GHAZVIN, IR",2025-01-09,0.0,",,S",,,40,"H,,S",54.0,",,S",28.0,",,S",4.444444444444445,12.222222222222221,-2.2222222222222223,Sanandaj
IR000040706,"TABRIZ, IR",2025-01-09,0.0,",,S",,,32,"H,,S",35.0,",,S",22.0,",,S",0.0,1.6666666666666667,-5.555555555555555,Sanandaj
IRM00040858,"BUSHEHR, IR",2025-01-09,0.0,",,S",,,62,"H,,S",67.0,",,S",57.0,",,S",16.666666666666668,19.444444444444443,13.88888888888889,Sanandaj
IRM00040723,"BOJNORD, IR",2025-01-09,0.0,",,S",,,31,"H,,S",48.0,",,S",21.0,",,S",-0.5555555555555556,8.88888888888889,-6.111111111111111,Sanandaj
IR000040841,"KERMAN, IR",2025-01-09,0.0,",,S",,,35,"H,,S",44.0,",,S",25.0,",,S",1.6666666666666667,6.666666666666667,-3.888888888888889,Sanandaj
IRM00040769,"ARAK, IR",2025-01-09,0.0,",,S",,,33,"H,,S",45.0,",,S",,,0.5555555555555556,7.222222222222222,,Sanandaj
IRM00040831,"ABADAN, IR",2025-01-09,0.0,",,S",,,58,"H,,S",71.0,",,S",47.0,",,S",14.444444444444445,21.666666666666668,8.333333333333334,Sanandaj
IRM00040785,"KASHAN, IR",2025-01-09,0.0,",,S",,,46,"H,,S",58.0,",,S",36.0,",,S",7.777777777777778,14.444444444444445,2.2222222222222223,Sanandaj
IRM00040712,"UROMIYEH, IR",2025-01-09,0.0,",,S",,,32,"H,,S",,,30.0,",,S",0.0,,-1.1111111111111112,Sanandaj
IRM00040827,"NEHBANDAN, IR",2025-01-09,0.0,",,S",,,45,"H,,S",55.0,",,S",36.0,",,S",7.222222222222222,12.777777777777779,2.2222222222222223,Sanandaj
IR000040745,"MASHHAD, IR",2025-01-09,0.0,",,S",,,37,"H,,S",51.0,",,S",,,2.7777777777777777,10.555555555555555,,Sanandaj
IR000408560,"ZAHEDAN, IR",2025-01-09,0.0,",,S",,,42,"H,,S",54.0,",,S",,,5.555555555555555,12.222222222222221,,Sanandaj
IR000407540,"TEHRAN MEHRABAD, IR",2025-01-09,0.0,",,S",,,46,"H,,S",55.0,",,S",39.0,",,S",7.777777777777778,12.777777777777779,3.888888888888889,Sanandaj
IRM00040811,"AHWAZ, IR",2025-01-09,0.0,",,S",,,61,"H,,S",,,,,16.11111111111111,,,Sanandaj
IRM00040798,"SHAHRE KORD, IR",2025-01-09,0.0,",,S",,,31,"H,,S",49.0,",,S",15.0,",,S",-0.5555555555555556,9.444444444444445,-9.444444444444445,Sanandaj
IRM00040747,"SANANDAJ, IR",2025-01-09,0.0,",,S",,,38,"H,,S",,,26.0,",,S",3.3333333333333335,,-3.3333333333333335,Sanandaj
IRM00040809,"BIRJAND, IR",2025-01-09,0.0,",,S",,,46,"H,,S",63.0,",,S",,,7.777777777777778,17.22222222222222,,Sanandaj
IR000407660,"KERMANSHAH, IR",2025-01-09,0.0,",,S",,,40,"H,,S",54.0,",,S",26.0,",,S",4.444444444444445,12.222222222222221,-3.3333333333333335,Sanandaj
IRM00040800,"ESFAHAN SHAHID BEHESHTI INTERNATIONAL, IR",2025-01-09,0.0,",,S",,,38,"H,,S",58.0,",,S",,,3.3333333333333335,14.444444444444445,,Sanandaj
IRM00040821,"YAZD SHAHID SADOOGHI, IR",2025-01-09,0.0,",,S",,,44,"H,,S",52.0,",,S",36.0,",,S",6.666666666666667,11.11111111111111,2.2222222222222223,Sanandaj
IRM00040875,"BANDAR ABBASS INTERNATIONAL, IR",2025-01-09,0.0,",,S",,,62,"H,,S",81.0,",,S",49.0,",,S",16.666666666666668,27.22222222222222,9.444444444444445,Sanandaj
IR000040848,"SHIRAZ, IR",2025-01-09,0.0,",,S",,,44,"H,,S",,,32.0,",,S",6.666666666666667,,0.0,Sanandaj
IRM00040879,"IRAN SHAHR, IR",2025-01-09,0.0,",,S",,,58,"H,,S",69.0,",,S",43.0,",,S",14.444444444444445,20.555555555555557,6.111111111111111,Sanandaj
IRM00040729,"ZANJAN, IR",2025-01-10,0.0,",,S",0.8,",,S",27,"H,,S",32.0,",,S",,,-2.7777777777777777,0.0,,Sanandaj
IRM00040858,"BUSHEHR, IR",2025-01-10,0.0,",,S",,,61,"H,,S",68.0,",,S",51.0,",,S",16.11111111111111,20.0,10.555555555555555,Sanandaj
IRM00040747,"SANANDAJ, IR",2025-01-10,0.0,",,S",,,37,"H,,S",54.0,",,S",,,2.7777777777777777,12.222222222222221,,Sanandaj
IRM00040809,"BIRJAND, IR",2025-01-10,0.0,",,S",,,42,"H,,S",61.0,",,S",28.0,",,S",5.555555555555555,16.11111111111111,-2.2222222222222223,Sanandaj
IR000040841,"KERMAN, IR",2025-01-10,0.0,",,S",,,37,"H,,S",52.0,",,S",24.0,",,S",2.7777777777777777,11.11111111111111,-4.444444444444445,Sanandaj
IR000040706,"TABRIZ, IR",2025-01-10,0.0,",,S",,,30,"H,,S",33.0,",,S",27.0,",,S",-1.1111111111111112,0.5555555555555556,-2.7777777777777777,Sanandaj
IRM00040731,"GHAZVIN, IR",2025-01-10,0.0,",,S",,,40,"H,,S",54.0,",,S",27.0,",,S",4.444444444444445,12.222222222222221,-2.7777777777777777,Sanandaj
IR000040745,"MASHHAD, IR",2025-01-10,0.0,",,S",,,37,"H,,S",51.0,",,S",26.0,",,S",2.7777777777777777,10.555555555555555,-3.3333333333333335,Sanandaj
IRM00040738,"GORGAN, IR",2025-01-10,0.0,",,S",,,43,"H,,S",59.0,",,S",31.0,",,S",6.111111111111111,15.0,-0.5555555555555556,Sanandaj
IR000408560,"ZAHEDAN, IR",2025-01-10,0.0,",,S",,,41,"H,,S",56.0,",,S",26.0,",,S",5.0,13.333333333333334,-3.3333333333333335,Sanandaj
IRM00040785,"KASHAN, IR",2025-01-10,0.0,",,S",,,46,"H,,S",61.0,",,S",33.0,",,S",7.777777777777778,16.11111111111111,0.5555555555555556,Sanandaj
IRM00040875,"BANDAR ABBASS INTERNATIONAL, IR",2025-01-10,0.0,",,S",,,62,"H,,S",80.0,",,S",46.0,",,S",16.666666666666668,26.666666666666668,7.777777777777778,Sanandaj
IRM00040798,"SHAHRE KORD, IR",2025-01-10,0.0,",,S",,,31,"H,,S",53.0,",,S",14.0,",,S",-0.5555555555555556,11.666666666666666,-10.0,Sanandaj
IRM00040821,"YAZD SHAHID SADOOGHI, IR",2025-01-10,0.0,",,S",,,46,"H,,S",59.0,",,S",33.0,",,S",7.777777777777778,15.0,0.5555555555555556,Sanandaj
IRM00040827,"NEHBANDAN, IR",2025-01-10,0.0,",,S",,,47,"H,,S",59.0,",,S",,,8.333333333333334,15.0,,Sanandaj
IRM00040723,"BOJNORD, IR",2025-01-10,0.0,",,S",,,32,"H,,S",53.0,",,S",18.0,",,S",0.0,11.666666666666666,-7.777777777777778,Sanandaj
IRM00040712,"UROMIYEH, IR",2025-01-10,0.0,",,S",,,30,"H,,S",32.0,",,S",28.0,",,S",-1.1111111111111112,0.0,-2.2222222222222223,Sanandaj
IR000407540,"TEHRAN MEHRABAD, IR",2025-01-10,0.0,",,S",,,48,"H,,S",,,40.0,",,S",8.88888888888889,,4.444444444444445,Sanandaj
IRM00040831,"ABADAN, IR",2025-01-10,0.0,",,S",,,58,"H,,S",,,46.0,",,S",14.444444444444445,,7.777777777777778,Sanandaj
IR000407660,"KERMANSHAH, IR",2025-01-10,0.0,",,S",,,42,"H,,S",,,28.0,",,S",5.555555555555555,,-2.2222222222222223,Sanandaj
IRM00040879,"IRAN SHAHR, IR",2025-01-10,0.0,",,S",,,57,"H,,S",70.0,",,S",42.0,",,S",13.88888888888889,21.11111111111111,5.555555555555555,Sanandaj
IRM00040769,"ARAK, IR",2025-01-10,0.0,",,S",,,35,"H,,S",49.0,",,S",24.0,",,S",1.6666666666666667,9.444444444444445,-4.444444444444445,Sanandaj
IRM00040811,"AHWAZ, IR",2025-01-10,0.0,",,S",,,58,"H,,S",74.0,",,S",,,14.444444444444445,23.333333333333332,,Sanandaj
IRM00040800,"ESFAHAN SHAHID BEHESHTI INTERNATIONAL, IR",2025-01-10,0.0,",,S",,,37,"H,,S",58.0,",,S",,,2.7777777777777777,14.444444444444445,,Sanandaj
IR000040848,"SHIRAZ, IR",2025-01-10,0.0,",,S",,,44,"H,,S",60.0,",,S",31.0,",,S",6.666666666666667,15.555555555555555,-0.5555555555555556,Sanandaj
IRM00040831,"ABADAN, IR",2025-01-11,0.01,",,S",,,61,"H,,S",74.0,",,S",46.0,",,S",16.11111111111111,23.333333333333332,7.777777777777778,Sanandaj
IR000408560,"ZAHEDAN, IR",2025-01-11,0.0,",,S",,,44,"H,,S",63.0,",,S",26.0,",,S",6.666666666666667,17.22222222222222,-3.3333333333333335,Sanandaj
IRM00040738,"GORGAN, IR",2025-01-11,0.0,",,S",,,44,"H,,S",62.0,",,S",29.0,",,S",6.666666666666667,16.666666666666668,-1.6666666666666667,Sanandaj
IR000407660,"KERMANSHAH, IR",2025-01-11,0.01,",,S",,,45,"H,,S",,,32.0,",,S",7.222222222222222,,0.0,Sanandaj
IR000040745,"MASHHAD, IR",2025-01-11,0.0,",,S",,,39,"H,,S",58.0,",,S",25.0,",,S",3.888888888888889,14.444444444444445,-3.888888888888889,Sanandaj
IRM00040798,"SHAHRE KORD, IR",2025-01-11,0.0,",,S",,,34,"H,,S",54.0,",,S",11.0,",,S",1.1111111111111112,12.222222222222221,-11.666666666666666,Sanandaj
IRM00040712,"UROMIYEH, IR",2025-01-11,0.04,",,S",,,30,"H,,S",32.0,",,S",,,-1.1111111111111112,0.0,,Sanandaj
IR000040706,"TABRIZ, IR",2025-01-11,0.0,",,S",,,32,"H,,S",35.0,",,S",29.0,",,S",0.0,1.6666666666666667,-1.6666666666666667,Sanandaj
IRM00040747,"SANANDAJ, IR",2025-01-11,0.02,",,S",,,38,"H,,S",54.0,",,S",23.0,",,S",3.3333333333333335,12.222222222222221,-5.0,Sanandaj
IRM00040858,"BUSHEHR, IR",2025-01-11,0.0,",,S",,,61,"H,,S",69.0,",,S",46.0,",,S",16.11111111111111,20.555555555555557,7.777777777777778,Sanandaj
IRM00040827,"NEHBANDAN, IR",2025-01-11,0.0,",,S",,,44,"H,,S",61.0,",,S",31.0,",,S",6.666666666666667,16.11111111111111,-0.5555555555555556,Sanandaj
IRM00040879,"IRAN SHAHR, IR",2025-01-11,0.0,",,S",,,58,"H,,S",73.0,",,S",41.0,",,S",14.444444444444445,22.77777777777778,5.0,Sanandaj
IRM00040729,"ZANJAN, IR",2025-01-11,0.0,",,S",0.8,",,S",32,"H,,S",51.0,",,S",16.0,",,S",0.0,10.555555555555555,-8.88888888888889,Sanandaj
IRM00040875,"BANDAR ABBASS INTERNATIONAL, IR",2025-01-11,0.0,",,S",,,64,"H,,S",82.0,",,S",,,17.77777777777778,27.77777777777778,,Sanandaj
IRM00040731,"GHAZVIN, IR",2025-01-11,0.0,",,S",,,42,"H,,S",55.0,",,S",30.0,",,S",5.555555555555555,12.777777777777779,-1.1111111111111112,Sanandaj
IRM00040769,"ARAK, IR",2025-01-11,0.0,",,S",,,37,"H,,S",54.0,",,S",,,2.7777777777777777,12.222222222222221,,Sanandaj
IRM00040821,"YAZD SHAHID SADOOGHI, IR",2025-01-11,0.0,",,S",,,49,"H,,S",65.0,",,S",37.0,",,S",9.444444444444445,18.333333333333332,2.7777777777777777,Sanandaj
IRM00040785,"KASHAN, IR",2025-01-11,0.0,",,S",,,46,"H,,S",58.0,",,S",37.0,",,S",7.777777777777778,14.444444444444445,2.7777777777777777,Sanandaj
IRM00040809,"BIRJAND, IR",2025-01-11,0.0,",,S",,,40,"H,,S",60.0,",,S",,,4.444444444444445,15.555555555555555,,Sanandaj
IRM00040811,"AHWAZ, IR",2025-01-11,0.0,",,S",,,61,"H,,S",76.0,",,S",46.0,",,S",16.11111111111111,24.444444444444443,7.777777777777778,Sanandaj
IR000040848,"SHIRAZ, IR",2025-01-11,0.0,",,S",,,45,"H,,S",,,29.0,",,S",7.222222222222222,,-1.6666666666666667,Sanandaj
IRM00040800,"ESFAHAN SHAHID BEHESHTI INTERNATIONAL, IR",2025-01-11,0.0,",,S",,,38,"H,,S",58.0,",,S",,,3.3333333333333335,14.444444444444445,,Sanandaj
IRM00040723,"BOJNORD, IR",2025-01-11,0.0,",,S",,,34,"H,,S",54.0,",,S",,,1.1111111111111112,12.222222222222221,,Sanandaj
IR000407540,"TEHRAN MEHRABAD, IR",2025-01-11,0.0,",,S",,,47,"H,,S",55.0,",,S",40.0,",,S",8.333333333333334,12.777777777777779,4.444444444444445,Sanandaj
IR000040841,"KERMAN, IR",2025-01-11,0.0,",,S",,,40,"H,,S",62.0,",,S",24.0,",,S",4.444444444444445,16.666666666666668,-4.444444444444445,Sanandaj
IRM00040875,"BANDAR ABBASS INTERNATIONAL, IR",2025-01-12,0.0,",,S",,,66,"H,,S",80.0,",,S",55.0,",,S",18.88888888888889,26.666666666666668,12.777777777777779,Sanandaj
IRM00040858,"BUSHEHR, IR",2025-01-12,0.0,",,S",,,65,"H,,S",72.0,",,S",,,18.333333333333332,22.22222222222222,,Sanandaj
IR000040848,"SHIRAZ, IR",2025-01-12,0.0,",,S",,,45,"H,,S",58.0,",,S",33.0,",,S",7.222222222222222,14.444444444444445,0.5555555555555556,Sanandaj
IRM00040729,"ZANJAN, IR",2025-01-12,0.02,",,S",0.8,",,S",38,"H,,S",46.0,",,S",28.0,",,S",3.3333333333333335,7.777777777777778,-2.2222222222222223,Sanandaj
IRM00040747,"SANANDAJ, IR",2025-01-12,0.36,",,S",,,37,"H,,S",47.0,",,S",33.0,",,S",2.7777777777777777,8.333333333333334,0.5555555555555556,Sanandaj
IRM00040798,"SHAHRE KORD, IR",2025-01-12,0.0,",,S",,,39,"H,,S",50.0,",,S",25.0,",,S",3.888888888888889,10.0,-3.888888888888889,Sanandaj
IRM00040821,"YAZD SHAHID SADOOGHI, IR",2025-01-12,0.0,",,S",,,50,"H,,S",62.0,",,S",37.0,",,S",10.0,16.666666666666668,2.7777777777777777,Sanandaj
IRM00040712,"UROMIYEH, IR",2025-01-12,0.04,",,S",0.4,",,S",32,"H,,S",,,26.0,",,S",0.0,,-3.3333333333333335,Sanandaj
IRM00040827,"NEHBANDAN, IR",2025-01-12,0.0,",,S",,,43,"H,,S",58.0,",,S",31.0,",,S",6.111111111111111,14.444444444444445,-0.5555555555555556,Sanandaj
IR000407540,"TEHRAN MEHRABAD, IR",2025-01-12,0.0,",,S",,,47,"H,,S",55.0,",,S",42.0,",,S",8.333333333333334,12.777777777777779,5.555555555555555,Sanandaj
IRM00040879,"IRAN SHAHR, IR",2025-01-12,0.0,",,S",,,62,"H,,S",78.0,",,S",44.0,",,S",16.666666666666668,25.555555555555557,6.666666666666667,Sanandaj
IRM00040800,"ESFAHAN SHAHID BEHESHTI INTERNATIONAL, IR",2025-01-12,0.0,",,S",,,42,"H,,S",59.0,",,S",,,5.555555555555555,15.0,,Sanandaj
IRM00040769,"ARAK, IR",2025-01-12,0.02,",,S",,,40,"H,,S",49.0,",,S",,,4.444444444444445,9.444444444444445,,Sanandaj
IR000407660,"KERMANSHAH, IR",2025-01-12,0.34,",,S",,,41,"H,,S",53.0,",,S",,,5.0,11.666666666666666,,Sanandaj
IRM00040811,"AHWAZ, IR",2025-01-12,0.05,",,S",,,63,"H,,S",75.0,",,S",,,17.22222222222222,23.88888888888889,,Sanandaj
IRM00040831,"ABADAN, IR",2025-01-12,0.0,",,S",,,63,"H,,S",,,,,17.22222222222222,,,Sanandaj
IRM00040809,"BIRJAND, IR",2025-01-12,0.0,",,S",,,44,"H,,S",63.0,",,S",24.0,",,S",6.666666666666667,17.22222222222222,-4.444444444444445,Sanandaj
IR000040841,"KERMAN, IR",2025-01-12,0.0,",,S",,,42,"H,,S",60.0,",,S",26.0,",,S",5.555555555555555,15.555555555555555,-3.3333333333333335,Sanandaj
IRM00040723,"BOJNORD, IR",2025-01-12,0.0,",,S",,,38,"H,,S",60.0,",,S",21.0,",,S",3.3333333333333335,15.555555555555555,-6.111111111111111,Sanandaj
IR000408560,"ZAHEDAN, IR",2025-01-12,0.0,",,S",,,46,"H,,S",,,,,7.777777777777778,,,Sanandaj
IRM00040738,"GORGAN, IR",2025-01-12,0.0,",,S",,,47,"H,,S",62.0,",,S",31.0,",,S",8.333333333333334,16.666666666666668,-0.5555555555555556,Sanandaj
IR000040706,"TABRIZ, IR",2025-01-12,0.08,",,S",0.8,",,S",32,"H,,S",35.0,",,S",,,0.0,1.6666666666666667,,Sanandaj
IRM00040731,"GHAZVIN, IR",2025-01-12,0.0,",,S",,,42,"H,,S",53.0,",,S",,,5.555555555555555,11.666666666666666,,Sanandaj
IR000040745,"MASHHAD, IR",2025-01-12,0.0,",,S",,,45,"H,,S",64.0,",,S",27.0,",,S",7.222222222222222,17.77777777777778,-2.7777777777777777,Sanandaj
IRM00040785,"KASHAN, IR",2025-01-12,0.0,",,S",,,47,"H,,S",55.0,",,S",39.0,",,S",8.333333333333334,12.777777777777779,3.888888888888889,Sanandaj
IRM00040800,"ESFAHAN SHAHID BEHESHTI INTERNATIONAL, IR",2025-01-13,0.0,",,S",,,40,"H,,S",58.0,",,S",,,4.444444444444445,14.444444444444445,,Sanandaj
IRM00040879,"IRAN SHAHR, IR",2025-01-13,0.0,",,S",,,62,"H,,S",75.0,",,S",48.0,",,S",16.666666666666668,23.88888888888889,8.88888888888889,Sanandaj
IRM00040821,"YAZD SHAHID SADOOGHI, IR",2025-01-13,0.0,",,S",,,46,"H,,S",56.0,",,S",,,7.777777777777778,13.333333333333334,,Sanandaj
IR000408560,"ZAHEDAN, IR",2025-01-13,0.0,",,S",,,48,"H,,S",62.0,",,S",34.0,",,S",8.88888888888889,16.666666666666668,1.1111111111111112,Sanandaj
IRM00040712,"UROMIYEH, IR",2025-01-13,0.0,",,S",,,33,"H,,S",,,,,0.5555555555555556,,,Sanandaj
IR000407540,"TEHRAN MEHRABAD, IR",2025-01-13,0.0,",,S",,,46,"H,,S",54.0,",,S",39.0,",,S",7.777777777777778,12.222222222222221,3.888888888888889,Sanandaj
IRM00040785,"KASHAN, IR",2025-01-13,0.0,",,S",,,47,"H,,S",59.0,",,S",35.0,",,S",8.333333333333334,15.0,1.6666666666666667,Sanandaj
IRM00040747,"SANANDAJ, IR",2025-01-13,0.0,",,S",,,37,"H,,S",40.0,",,S",35.0,",,S",2.7777777777777777,4.444444444444445,1.6666666666666667,Sanandaj
IRM00040738,"GORGAN, IR",2025-01-13,0.0,",,S",,,50,"H,,S",60.0,",,S",,,10.0,15.555555555555555,,Sanandaj
IRM00040723,"BOJNORD, IR",2025-01-13,0.0,",,S",,,38,"H,,S",,,26.0,",,S",3.3333333333333335,,-3.3333333333333335,Sanandaj
IRM00040875,"BANDAR ABBASS INTERNATIONAL, IR",2025-01-13,0.0,",,S",,,68,"H,,S",80.0,",,S",55.0,",,S",20.0,26.666666666666668,12.777777777777779,Sanandaj
IRM00040731,"GHAZVIN, IR",2025-01-13,0.0,",,S",,,40,"H,,S",55.0,",,S",28.0,",,S",4.444444444444445,12.777777777777779,-2.2222222222222223,Sanandaj
IRM00040831,"ABADAN, IR",2025-01-13,0.0,",,S",,,55,"H,,S",,,,,12.777777777777779,,,Sanandaj
IRM00040729,"ZANJAN, IR",2025-01-13,0.0,",,S",0.8,",,S",34,"H,,S",42.0,",,S",28.0,",,S",1.1111111111111112,5.555555555555555,-2.2222222222222223,Sanandaj
IRM00040811,"AHWAZ, IR",2025-01-13,0.0,",,S",,,56,"H,,S",67.0,",,S",47.0,",,S",13.333333333333334,19.444444444444443,8.333333333333334,Sanandaj
IRM00040827,"NEHBANDAN, IR",2025-01-13,0.0,",,S",,,44,"H,,S",54.0,",,S",31.0,",,S",6.666666666666667,12.222222222222221,-0.5555555555555556,Sanandaj
IRM00040798,"SHAHRE KORD, IR",2025-01-13,0.0,",,S",,,32,"H,,S",50.0,",,S",,,0.0,10.0,,Sanandaj
IRM00040769,"ARAK, IR",2025-01-13,0.0,",,S",,,34,"H,,S",41.0,",,S",26.0,",,S",1.1111111111111112,5.0,-3.3333333333333335,Sanandaj
IR000040706,"TABRIZ, IR",2025-01-13,0.0,",,S",,,33,"H,,S",,,,,0.5555555555555556,,,Sanandaj
IR000407660,"KERMANSHAH, IR",2025-01-13,0.0,",,S",,,38,"H,,S",,,,,3.3333333333333335,,,Sanandaj
IR000040841,"KERMAN, IR",2025-01-13,0.0,",,S",,,40,"H,,S",53.0,",,S",30.0,",,S",4.444444444444445,11.666666666666666,-1.1111111111111112,Sanandaj
IRM00040858,"BUSHEHR, IR",2025-01-13,0.0,",,S",,,62,"H,,S",67.0,",,S",56.0,",,S",16.666666666666668,19.444444444444443,13.333333333333334,Sanandaj
IR000040848,"SHIRAZ, IR",2025-01-13,0.0,",,S",,,46,"H,,S",,,31.0,",,S",7.777777777777778,,-0.5555555555555556,Sanandaj
IRM00040809,"BIRJAND, IR",2025-01-13,0.0,",,S",,,43,"H,,S",58.0,",,S",32.0,",,S",6.111111111111111,14.444444444444445,0.0,Sanandaj
IR000040745,"MASHHAD, IR",2025-01-13,0.0,",,S",,,47,"H,,S",,,34.0,",,S",8.333333333333334,,1.1111111111111112,Sanandaj
IRM00040785,"KASHAN, IR",2025-01-14,0.0,",,S",,,45,"H,,S",59.0,",,S",34.0,",,S",7.222222222222222,15.0,1.1111111111111112,Sanandaj
IRM00040809,"BIRJAND, IR",2025-01-14,0.0,",,S",,,39,"H,,S",52.0,",,S",,,3.888888888888889,11.11111111111111,,Sanandaj
IRM00040769,"ARAK, IR",2025-01-14,0.0,",,S",,,35,"H,,S",44.0,",,S",,,1.6666666666666667,6.666666666666667,,Sanandaj
IRM00040800,"ESFAHAN SHAHID BEHESHTI INTERNATIONAL, IR",2025-01-14,0.0,",,S",,,36,"H,,S",58.0,",,S",,,2.2222222222222223,14.444444444444445,,Sanandaj
IRM00040738,"GORGAN, IR",2025-01-14,0.0,",,S",,,47,"H,,S",65.0,",,S",32.0,",,S",8.333333333333334,18.333333333333332,0.0,Sanandaj
IRM00040798,"SHAHRE KORD, IR",2025-01-14,0.0,",,S",,,29,"H,,S",49.0,",,S",13.0,",,S",-1.6666666666666667,9.444444444444445,-10.555555555555555,Sanandaj
IR000407660,"KERMANSHAH, IR",2025-01-14,0.0,",,S",,,36,"H,,S",48.0,",,S",,,2.2222222222222223,8.88888888888889,,Sanandaj
IRM00040811,"AHWAZ, IR",2025-01-14,0.0,",,S",,,58,"H,,S",70.0,",,S",47.0,",,S",14.444444444444445,21.11111111111111,8.333333333333334,Sanandaj
IRM00040712,"UROMIYEH, IR",2025-01-14,0.0,",,S",,,31,"H,,S",,,27.0,",,S",-0.5555555555555556,,-2.7777777777777777,Sanandaj
IRM00040827,"NEHBANDAN, IR",2025-01-14,0.05,",,S",,,44,"H,,S",58.0,",,S",,,6.666666666666667,14.444444444444445,,Sanandaj
IR000040706,"TABRIZ, IR",2025-01-14,0.0,",,S",,,31,"H,,S",34.0,",,S",28.0,",,S",-0.5555555555555556,1.1111111111111112,-2.2222222222222223,Sanandaj
IR000407540,"TEHRAN MEHRABAD, IR",2025-01-14,0.0,",,S",,,45,"H,,S",54.0,",,S",37.0,",,S",7.222222222222222,12.222222222222221,2.7777777777777777,Sanandaj
IR000040848,"SHIRAZ, IR",2025-01-14,0.0,",,S",,,44,"H,,S",59.0,",,S",29.0,",,S",6.666666666666667,15.0,-1.6666666666666667,Sanandaj
IRM00040831,"ABADAN, IR",2025-01-14,0.0,",,S",,,56,"H,,S",69.0,",,S",45.0,",,S",13.333333333333334,20.555555555555557,7.222222222222222,Sanandaj
IR000040745,"MASHHAD, IR",2025-01-14,0.0,",,S",,,44,"H,,S",52.0,",,S",,,6.666666666666667,11.11111111111111,,Sanandaj
IRM00040875,"BANDAR ABBASS INTERNATIONAL, IR",2025-01-14,0.0,",,S",,,66,"H,,S",78.0,",,S",54.0,",,S",18.88888888888889,25.555555555555557,12.222222222222221,Sanandaj
IRM00040879,"IRAN SHAHR, IR",2025-01-14,0.0,",,S",,,61,"H,,S",72.0,",,S",46.0,",,S",16.11111111111111,22.22222222222222,7.777777777777778,Sanandaj
IRM00040729,"ZANJAN, IR",2025-01-14,0.0,",,S",0.8,",,S",33,"H,,S",47.0,",,S",18.0,",,S",0.5555555555555556,8.333333333333334,-7.777777777777778,Sanandaj
IRM00040747,"SANANDAJ, IR",2025-01-14,0.0,",,S",,,35,"H,,S",45.0,",,S",,,1.6666666666666667,7.222222222222222,,Sanandaj
IRM00040723,"BOJNORD, IR",2025-01-14,0.0,",,S",,,37,"H,,S",53.0,",,S",,,2.7777777777777777,11.666666666666666,,Sanandaj
IRM00040821,"YAZD SHAHID SADOOGHI, IR",2025-01-14,0.0,",,S",,,45,"H,,S",55.0,",,S",37.0,",,S",7.222222222222222,12.777777777777779,2.7777777777777777,Sanandaj
IR000408560,"ZAHEDAN, IR",2025-01-14,0.0,",,S",,,46,"H,,S",59.0,",,S",31.0,",,S",7.777777777777778,15.0,-0.5555555555555556,Sanandaj
IR000040841,"KERMAN, IR",2025-01-14,0.0,",,S",,,38,"H,,S",51.0,",,S",25.0,",,S",3.3333333333333335,10.555555555555555,-3.888888888888889,Sanandaj
IRM00040858,"BUSHEHR, IR",2025-01-14,0.0,",,S",,,60,"H,,S",,,,,15.555555555555555,,,Sanandaj
IRM00040731,"GHAZVIN, IR",2025-01-14,0.0,",,S",,,38,"H,,S",53.0,",,S",26.0,",,S",3.3333333333333335,11.666666666666666,-3.3333333333333335,Sanandaj
IRM00040712,"UROMIYEH, IR",2025-01-15,0.0,",,S",,,30,"H,,S",33.0,",,S",27.0,",,S",-1.1111111111111112,0.5555555555555556,-2.7777777777777777,Sanandaj
IR000040745,"MASHHAD, IR",2025-01-15,0.0,",,S",,,45,"H,,S",56.0,",,S",,,7.222222222222222,13.333333333333334,,Sanandaj
IR000407540,"TEHRAN MEHRABAD, IR",2025-01-15,0.0,",,S",,,46,"H,,S",57.0,",,S",38.0,",,S",7.777777777777778,13.88888888888889,3.3333333333333335,Sanandaj
IR000408560,"ZAHEDAN, IR",2025-01-15,0.0,",,S",,,42,"H,,S",58.0,",,S",,,5.555555555555555,14.444444444444445,,Sanandaj
IRM00040879,"IRAN SHAHR, IR",2025-01-15,0.0,",,S",,,59,"H,,S",71.0,",,S",44.0,",,S",15.0,21.666666666666668,6.666666666666667,Sanandaj
IRM00040827,"NEHBANDAN, IR",2025-01-15,0.0,",,S",,,43,"H,,S",58.0,",,S",31.0,",,S",6.111111111111111,14.444444444444445,-0.5555555555555556,Sanandaj
IR000407660,"KERMANSHAH, IR",2025-01-15,0.0,",,S",,,39,"H,,S",,,,,3.888888888888889,,,Sanandaj
IRM00040811,"AHWAZ, IR",2025-01-15,0.0,",,S",,,57,"H,,S",74.0,",,S",,,13.88888888888889,23.333333333333332,,Sanandaj
IR000040706,"TABRIZ, IR",2025-01-15,0.0,",,S",,,32,"H,,S",35.0,",,S",,,0.0,1.6666666666666667,,Sanandaj
IRM00040831,"ABADAN, IR",2025-01-15,0.0,",,S",,,57,"H,,S",71.0,",,S",44.0,",,S",13.88888888888889,21.666666666666668,6.666666666666667,Sanandaj
IRM00040731,"GHAZVIN, IR",2025-01-15,0.0,",,S",,,41,"H,,S",53.0,",,S",28.0,",,S",5.0,11.666666666666666,-2.2222222222222223,Sanandaj
IR000040841,"KERMAN, IR",2025-01-15,0.0,",,S",,,38,"H,,S",56.0,",,S",24.0,",,S",3.3333333333333335,13.333333333333334,-4.444444444444445,Sanandaj
IRM00040729,"ZANJAN, IR",2025-01-15,0.0,",,S",0.8,",,S",36,"H,,S",51.0,",,S",23.0,",,S",2.2222222222222223,10.555555555555555,-5.0,Sanandaj
IRM00040875,"BANDAR ABBASS INTERNATIONAL, IR",2025-01-15,0.0,",,S",,,66,"H,,S",,,52.0,",,S",18.88888888888889,,11.11111111111111,Sanandaj
IRM00040738,"GORGAN, IR",2025-01-15,0.0,",,S",,,47,"H,,S",53.0,",,S",36.0,",,S",8.333333333333334,11.666666666666666,2.2222222222222223,Sanandaj
IRM00040747,"SANANDAJ, IR",2025-01-15,0.0,",,S",,,36,"H,,S",54.0,",,S",23.0,",,S",2.2222222222222223,12.222222222222221,-5.0,Sanandaj
IRM00040785,"KASHAN, IR",2025-01-15,0.0,",,S",,,45,"H,,S",60.0,",,S",31.0,",,S",7.222222222222222,15.555555555555555,-0.5555555555555556,Sanandaj
IRM00040858,"BUSHEHR, IR",2025-01-15,0.0,",,S",,,60,"H,,S",,,,,15.555555555555555,,,Sanandaj
IRM00040821,"YAZD SHAHID SADOOGHI, IR",2025-01-15,0.0,",,S",,,49,"H,,S",,,35.0,",,S",9.444444444444445,,1.6666666666666667,Sanandaj
IRM00040809,"BIRJAND, IR",2025-01-15,0.0,",,S",,,38,"H,,S",55.0,",,S",,,3.3333333333333335,12.777777777777779,,Sanandaj
IR000040848,"SHIRAZ, IR",2025-01-15,0.0,",,S",,,45,"H,,S",,,27.0,",,S",7.222222222222222,,-2.7777777777777777,Sanandaj
IRM00040800,"ESFAHAN SHAHID BEHESHTI INTERNATIONAL, IR",2025-01-15,0.0,",,S",,,35,"H,,S",57.0,",,S",,,1.6666666666666667,13.88888888888889,,Sanandaj
IRM00040723,"BOJNORD, IR",2025-01-15,0.0,",,S",,,37,"H,,S",52.0,",,S",21.0,",,S",2.7777777777777777,11.11111111111111,-6.111111111111111,Sanandaj
IRM00040798,"SHAHRE KORD, IR",2025-01-15,0.0,",,S",,,33,"H,,S",57.0,",,S",8.0,",,S",0.5555555555555556,13.88888888888889,-13.333333333333334,Sanandaj
IRM00040769,"ARAK, IR",2025-01-15,0.0,",,S",,,31,"H,,S",,,,,-0.5555555555555556,,,Sanandaj
IR000407540,"TEHRAN MEHRABAD, IR",2025-01-16,0.0,",,S",,,46,"H,,S",,,,,7.777777777777778,,,Sanandaj
IRM00040809,"BIRJAND, IR",2025-01-16,0.0,",,S",,,42,"H,,S",57.0,",,S",,,5.555555555555555,13.88888888888889,,Sanandaj
IRM00040731,"GHAZVIN, IR",2025-01-16,0.0,",,S",,,42,"H,,S",56.0,",,S",28.0,",,S",5.555555555555555,13.333333333333334,-2.2222222222222223,Sanandaj
IRM00040723,"BOJNORD, IR",2025-01-16,0.0,",,S",,,38,"H,,S",53.0,",,S",26.0,",,S",3.3333333333333335,11.666666666666666,-3.3333333333333335,Sanandaj
IRM00040811,"AHWAZ, IR",2025-01-16,0.0,",,S",,,58,"H,,S",,,43.0,",,S",14.444444444444445,,6.111111111111111,Sanandaj
IRM00040800,"ESFAHAN SHAHID BEHESHTI INTERNATIONAL, IR",2025-01-16,0.0,",,S",,,38,"H,,S",54.0,",,S",,,3.3333333333333335,12.222222222222221,,Sanandaj
IRM00040879,"IRAN SHAHR, IR",2025-01-16,0.0,",,S",,,60,"H,,S",73.0,",,S",44.0,",,S",15.555555555555555,22.77777777777778,6.666666666666667,Sanandaj
IRM00040738,"GORGAN, IR",2025-01-16,0.0,",,S",,,45,"H,,S",54.0,",,S",33.0,",,S",7.222222222222222,12.222222222222221,0.5555555555555556,Sanandaj
IRM00040785,"KASHAN, IR",2025-01-16,0.0,",,S",,,49,"H,,S",62.0,",,S",31.0,",,S",9.444444444444445,16.666666666666668,-0.5555555555555556,Sanandaj
IR000040745,"MASHHAD, IR",2025-01-16,0.0,",,S",,,43,"H,,S",55.0,",,S",35.0,",,S",6.111111111111111,12.777777777777779,1.6666666666666667,Sanandaj
IR000040848,"SHIRAZ, IR",2025-01-16,0.0,",,S",,,47,"H,,S",64.0,",,S",29.0,",,S",8.333333333333334,17.77777777777778,-1.6666666666666667,Sanandaj
IR000408560,"ZAHEDAN, IR",2025-01-16,0.0,",,S",,,46,"H,,S",61.0,",,S",26.0,",,S",7.777777777777778,16.11111111111111,-3.3333333333333335,Sanandaj
IRM00040875,"BANDAR ABBASS INTERNATIONAL, IR",2025-01-16,0.0,",,S",,,67,"H,,S",78.0,",,S",50.0,",,S",19.444444444444443,25.555555555555557,10.0,Sanandaj
IRM00040747,"SANANDAJ, IR",2025-01-16,0.0,",,S",,,33,"H,,S",46.0,",,S",24.0,",,S",0.5555555555555556,7.777777777777778,-4.444444444444445,Sanandaj
IRM00040831,"ABADAN, IR",2025-01-16,0.0,",,S",,,60,"H,,S",70.0,",,S",46.0,",,S",15.555555555555555,21.11111111111111,7.777777777777778,Sanandaj
IRM00040827,"NEHBANDAN, IR",2025-01-16,0.0,",,S",,,46,"H,,S",60.0,",,S",30.0,",,S",7.777777777777778,15.555555555555555,-1.1111111111111112,Sanandaj
IR000040706,"TABRIZ, IR",2025-01-16,0.0,",,S",,,31,"H,,S",,,,,-0.5555555555555556,,,Sanandaj
IR000040841,"KERMAN, IR",2025-01-16,0.0,",,S",,,46,"H,,S",62.0,",,S",,,7.777777777777778,16.666666666666668,,Sanandaj
IRM00040729,"ZANJAN, IR",2025-01-16,0.0,",,S",,,36,"H,,S",48.0,",,S",22.0,",,S",2.2222222222222223,8.88888888888889,-5.555555555555555,Sanandaj
IR000407660,"KERMANSHAH, IR",2025-01-16,0.0,",,S",,,37,"H,,S",51.0,",,S",25.0,",,S",2.7777777777777777,10.555555555555555,-3.888888888888889,Sanandaj
IRM00040858,"BUSHEHR, IR",2025-01-16,0.0,",,S",,,60,"H,,S",68.0,",,S",50.0,",,S",15.555555555555555,20.0,10.0,Sanandaj
IRM00040821,"YAZD SHAHID SADOOGHI, IR",2025-01-16,0.0,",,S",,,51,"H,,S",65.0,",,S",,,10.555555555555555,18.333333333333332,,Sanandaj
IRM00040798,"SHAHRE KORD, IR",2025-01-16,0.0,",,S",,,36,"H,,S",52.0,",,S",11.0,",,S",2.2222222222222223,11.11111111111111,-11.666666666666666,Sanandaj
IRM00040769,"ARAK, IR",2025-01-16,0.06,",,S",,,37,"H,,S",53.0,",,S",,,2.7777777777777777,11.666666666666666,,Sanandaj
IRM00040712,"UROMIYEH, IR",2025-01-16,0.0,",,S",,,30,"H,,S",36.0,",,S",,,-1.1111111111111112,2.2222222222222223,,Sanandaj
IRM00040798,"SHAHRE KORD, IR",2025-01-17,0.02,",,S",,,34,"H,,S",46.0,",,S",24.0,",,S",1.1111111111111112,7.777777777777778,-4.444444444444445,Sanandaj
IRM00040769,"ARAK, IR",2025-01-17,0.0,",,S",,,33,"H,,S",46.0,",,S",,,0.5555555555555556,7.777777777777778,,Sanandaj
IRM00040800,"ESFAHAN SHAHID BEHESHTI INTERNATIONAL, IR",2025-01-17,0.01,",,S",,,40,"H,,S",53.0,",,S",,,4.444444444444445,11.666666666666666,,Sanandaj
IR000407660,"KERMANSHAH, IR",2025-01-17,0.0,",,S",,,37,"H,,S",51.0,",,S",27.0,",,S",2.7777777777777777,10.555555555555555,-2.7777777777777777,Sanandaj
IRM00040811,"AHWAZ, IR",2025-01-17,0.0,",,S",,,60,"H,,S",72.0,",,S",48.0,",,S",15.555555555555555,22.22222222222222,8.88888888888889,Sanandaj
IRM00040809,"BIRJAND, IR",2025-01-17,0.0,",,S",,,42,"H,,S",51.0,",,S",,,5.555555555555555,10.555555555555555,,Sanandaj
IRM00040723,"BOJNORD, IR",2025-01-17,0.01,",,S",,,36,"H,,S",,,,,2.2222222222222223,,,Sanandaj
IR000040841,"KERMAN, IR",2025-01-17,0.12,",,S",,,44,"H,,S",56.0,",,S",,,6.666666666666667,13.333333333333334,,Sanandaj
IRM00040831,"ABADAN, IR",2025-01-17,0.0,",,S",,,59,"H,,S",71.0,",,S",,,15.0,21.666666666666668,,Sanandaj
IRM00040879,"IRAN SHAHR, IR",2025-01-17,0.0,",,S",,,63,"H,,S",73.0,",,S",51.0,",,S",17.22222222222222,22.77777777777778,10.555555555555555,Sanandaj
IRM00040858,"BUSHEHR, IR",2025-01-17,0.0,",,S",,,66,"H,,S",74.0,",,S",57.0,",,S",18.88888888888889,23.333333333333332,13.88888888888889,Sanandaj
IRM00040875,"BANDAR ABBASS INTERNATIONAL, IR",2025-01-17,0.0,",,S",,,69,"H,,S",76.0,",,S",60.0,",,S",20.555555555555557,24.444444444444443,15.555555555555555,Sanandaj
IRM00040827,"NEHBANDAN, IR",2025-01-17,0.0,",,S",,,48,"H,,S",57.0,",,S",40.0,",,S",8.88888888888889,13.88888888888889,4.444444444444445,Sanandaj
IRM00040747,"SANANDAJ, IR",2025-01-17,0.0,",,S",,,32,"H,,S",47.0,",,S",22.0,",,S",0.0,8.333333333333334,-5.555555555555555,Sanandaj
IR000408560,"ZAHEDAN, IR",2025-01-17,0.01,",,S",,,51,"H,,S",62.0,",,S",,,10.555555555555555,16.666666666666668,,Sanandaj
IR000040848,"SHIRAZ, IR",2025-01-17,0.0,",,S",,,48,"H,,S",60.0,",,S",38.0,",,S",8.88888888888889,15.555555555555555,3.3333333333333335,Sanandaj
IRM00040785,"KASHAN, IR",2025-01-17,0.0,",,S",,,48,"H,,S",57.0,",,S",40.0,",,S",8.88888888888889,13.88888888888889,4.444444444444445,Sanandaj
IRM00040712,"UROMIYEH, IR",2025-01-17,0.0,",,S",,,32,"H,,S",45.0,",,S",,,0.0,7.222222222222222,,Sanandaj
IRM00040738,"GORGAN, IR",2025-01-17,0.39,",,S",,,45,"H,,S",50.0,",,S",,,7.222222222222222,10.0,,Sanandaj
IRM00040821,"YAZD SHAHID SADOOGHI, IR",2025-01-17,0.09,",,S",,,42,"H,,S",56.0,",,S",,,5.555555555555555,13.333333333333334,,Sanandaj
IRM00040729,"ZANJAN, IR",2025-01-17,0.0,",,S",0.4,",,S",34,"H,,S",43.0,",,S",,,1.1111111111111112,6.111111111111111,,Sanandaj
IR000040745,"MASHHAD, IR",2025-01-17,0.04,",,S",,,37,"H,,S",46.0,",,S",,,2.7777777777777777,7.777777777777778,,Sanandaj
IRM00040731,"GHAZVIN, IR",2025-01-17,0.0,",,S",,,40,"H,,S",52.0,",,S",,,4.444444444444445,11.11111111111111,,Sanandaj
IR000040706,"TABRIZ, IR",2025-01-17,0.0,",,S",,,33,"H,,S",43.0,",,S",26.0,",,S",0.5555555555555556,6.111111111111111,-3.3333333333333335,Sanandaj
IR000407540,"TEHRAN MEHRABAD, IR",2025-01-17,0.0,",,S",,,43,"H,,S",53.0,",,S",,,6.111111111111111,11.666666666666666,,Sanandaj
IRM00040811,"AHWAZ, IR",2025-01-18,0.0,",,S",,,58,"H,,S",,,48.0,",,S",14.444444444444445,,8.88888888888889,Sanandaj
IRM00040798,"SHAHRE KORD, IR",2025-01-18,0.04,",,S",,,28,"H,,S",,,,,-2.2222222222222223,,,Sanandaj
IRM00040747,"SANANDAJ, IR",2025-01-18,0.0,",,S",,,35,"H,,S",50.0,",,S",21.0,",,S",1.6666666666666667,10.0,-6.111111111111111,Sanandaj
IR000040841,"KERMAN, IR",2025-01-18,0.11,",,S",2.0,",,S",34,"H,,S",42.0,",,S",,,1.1111111111111112,5.555555555555555,,Sanandaj
IRM00040879,"IRAN SHAHR, IR",2025-01-18,0.26,",,S",,,60,"H,,S",68.0,",,S",,,15.555555555555555,20.0,,Sanandaj
IRM00040738,"GORGAN, IR",2025-01-18,0.0,",,S",,,46,"H,,S",59.0,",,S",36.0,",,S",7.777777777777778,15.0,2.2222222222222223,Sanandaj
IRM00040723,"BOJNORD, IR",2025-01-18,0.0,",,S",,,34,"H,,S",,,,,1.1111111111111112,,,Sanandaj
IRM00040800,"ESFAHAN SHAHID BEHESHTI INTERNATIONAL, IR",2025-01-18,0.0,",,S",,,35,"H,,S",50.0,",,S",,,1.6666666666666667,10.0,,Sanandaj
IR000040848,"SHIRAZ, IR",2025-01-18,0.0,",,S",,,44,"H,,S",55.0,",,S",,,6.666666666666667,12.777777777777779,,Sanandaj
IRM00040785,"KASHAN, IR",2025-01-18,0.0,",,S",,,45,"H,,S",54.0,",,S",39.0,",,S",7.222222222222222,12.222222222222221,3.888888888888889,Sanandaj
IR000040706,"TABRIZ, IR",2025-01-18,0.0,",,S",,,31,"H,,S",39.0,",,S",20.0,",,S",-0.5555555555555556,3.888888888888889,-6.666666666666667,Sanandaj
IRM00040731,"GHAZVIN, IR",2025-01-18,0.0,",,S",,,37,"H,,S",47.0,",,S",24.0,",,S",2.7777777777777777,8.333333333333334,-4.444444444444445,Sanandaj
IRM00040875,"BANDAR ABBASS INTERNATIONAL, IR",2025-01-18,0.0,",,S",,,67,"H,,S",76.0,",,S",57.0,",,S",19.444444444444443,24.444444444444443,13.88888888888889,Sanandaj
IRM00040729,"ZANJAN, IR",2025-01-18,0.0,",,S",0.4,",,S",32,"H,,S",44.0,",,S",,,0.0,6.666666666666667,,Sanandaj
IRM00040858,"BUSHEHR, IR",2025-01-18,0.0,",,S",,,60,"H,,S",66.0,",,S",,,15.555555555555555,18.88888888888889,,Sanandaj
IRM00040769,"ARAK, IR",2025-01-18,0.0,",,S",,,32,"H,,S",48.0,",,S",,,0.0,8.88888888888889,,Sanandaj
IRM00040821,"YAZD SHAHID SADOOGHI, IR",2025-01-18,0.0,",,S",,,42,"H,,S",51.0,",,S",,,5.555555555555555,10.555555555555555,,Sanandaj
IR000407660,"KERMANSHAH, IR",2025-01-18,0.0,",,S",,,38,"H,,S",52.0,",,S",22.0,",,S",3.3333333333333335,11.11111111111111,-5.555555555555555,Sanandaj
IR000407540,"TEHRAN MEHRABAD, IR",2025-01-18,0.0,",,S",,,41,"H,,S",46.0,",,S",37.0,",,S",5.0,7.777777777777778,2.7777777777777777,Sanandaj
IR000408560,"ZAHEDAN, IR",2025-01-18,0.47,",,S",,,39,"H,,S",54.0,",,S",34.0,",,S",3.888888888888889,12.222222222222221,1.1111111111111112,Sanandaj
IR000040745,"MASHHAD, IR",2025-01-18,0.0,",,S",,,36,"H,,S",,,,,2.2222222222222223,,,Sanandaj
IRM00040712,"UROMIYEH, IR",2025-01-18,0.0,",,S",,,32,"H,,S",42.0,",,S",22.0,",,S",0.0,5.555555555555555,-5.555555555555555,Sanandaj
IRM00040827,"NEHBANDAN, IR",2025-01-18,0.0,",,S",,,42,"H,,S",50.0,",,S",,,5.555555555555555,10.0,,Sanandaj
IRM00040831,"ABADAN, IR",2025-01-18,0.0,",,S",,,57,"H,,S",,,,,13.88888888888889,,,Sanandaj
IRM00040809,"BIRJAND, IR",2025-01-18,0.0,",,S",,,36,"H,,S",48.0,",,S",,,2.2222222222222223,8.88888888888889,,Sanandaj
IRM00040821,"YAZD SHAHID SADOOGHI, IR",2025-01-19,0.0,",,S",,,45,"H,,S",57.0,",,S",,,7.222222222222222,13.88888888888889,,Sanandaj
IRM00040712,"UROMIYEH, IR",2025-01-19,0.0,",,S",,,33,"H,,S",46.0,",,S",21.0,",,S",0.5555555555555556,7.777777777777778,-6.111111111111111,Sanandaj
IR000040745,"MASHHAD, IR",2025-01-19,0.0,",,S",,,39,"H,,S",49.0,",,S",28.0,",,S",3.888888888888889,9.444444444444445,-2.2222222222222223,Sanandaj
IRM00040879,"IRAN SHAHR, IR",2025-01-19,0.0,",,S",,,57,"H,,S",68.0,",,S",47.0,",,S",13.88888888888889,20.0,8.333333333333334,Sanandaj
IR000407660,"KERMANSHAH, IR",2025-01-19,0.0,",,S",,,40,"H,,S",52.0,",,S",32.0,",,S",4.444444444444445,11.11111111111111,0.0,Sanandaj
IRM00040785,"KASHAN, IR",2025-01-19,0.0,",,S",,,42,"H,,S",53.0,",,S",35.0,",,S",5.555555555555555,11.666666666666666,1.6666666666666667,Sanandaj
IR000040848,"SHIRAZ, IR",2025-01-19,0.0,",,S",,,41,"H,,S",,,26.0,",,S",5.0,,-3.3333333333333335,Sanandaj
IR000407540,"TEHRAN MEHRABAD, IR",2025-01-19,0.05,",,S",,,40,"H,,S",45.0,",,S",35.0,",,S",4.444444444444445,7.222222222222222,1.6666666666666667,Sanandaj
IRM00040811,"AHWAZ, IR",2025-01-19,0.0,",,S",,,53,"H,,S",68.0,",,S",44.0,",,S",11.666666666666666,20.0,6.666666666666667,Sanandaj
IRM00040858,"BUSHEHR, IR",2025-01-19,0.0,",,S",,,60,"H,,S",67.0,",,S",49.0,",,S",15.555555555555555,19.444444444444443,9.444444444444445,Sanandaj
IRM00040738,"GORGAN, IR",2025-01-19,0.0,",,S",,,46,"H,,S",57.0,",,S",,,7.777777777777778,13.88888888888889,,Sanandaj
IR000040841,"KERMAN, IR",2025-01-19,0.0,",,S",,,35,"H,,S",50.0,",,S",24.0,",,S",1.6666666666666667,10.0,-4.444444444444445,Sanandaj
IR000040706,"TABRIZ, IR",2025-01-19,0.0,",,S",,,32,"H,,S",42.0,",,S",20.0,",,S",0.0,5.555555555555555,-6.666666666666667,Sanandaj
IR000408560,"ZAHEDAN, IR",2025-01-19,0.0,",,S",,,41,"H,,S",48.0,",,S",35.0,",,S",5.0,8.88888888888889,1.6666666666666667,Sanandaj
IRM00040729,"ZANJAN, IR",2025-01-19,0.04,",,S",0.8,",,S",32,"H,,S",38.0,",,S",,,0.0,3.3333333333333335,,Sanandaj
IRM00040769,"ARAK, IR",2025-01-19,0.0,",,S",,,35,"H,,S",45.0,",,S",,,1.6666666666666667,7.222222222222222,,Sanandaj
IRM00040731,"GHAZVIN, IR",2025-01-19,0.0,",,S",,,37,"H,,S",45.0,",,S",,,2.7777777777777777,7.222222222222222,,Sanandaj
IRM00040798,"SHAHRE KORD, IR",2025-01-19,0.0,",,S",,,28,"H,,S",44.0,",,S",9.0,",,S",-2.2222222222222223,6.666666666666667,-12.777777777777779,Sanandaj
IRM00040747,"SANANDAJ, IR",2025-01-19,0.0,",,S",,,38,"H,,S",50.0,",,S",,,3.3333333333333335,10.0,,Sanandaj
IRM00040809,"BIRJAND, IR",2025-01-19,0.0,",,S",,,37,"H,,S",52.0,",,S",,,2.7777777777777777,11.11111111111111,,Sanandaj
IRM00040800,"ESFAHAN SHAHID BEHESHTI INTERNATIONAL, IR",2025-01-19,0.0,",,S",,,33,"H,,S",48.0,",,S",21.0,",D,S",0.5555555555555556,8.88888888888889,-6.111111111111111,Sanandaj
IRM00040875,"BANDAR ABBASS INTERNATIONAL, IR",2025-01-19,0.0,",,S",,,65,"H,,S",76.0,",,S",,,18.333333333333332,24.444444444444443,,Sanandaj
IRM00040827,"NEHBANDAN, IR",2025-01-19,0.0,",,S",,,42,"H,,S",51.0,",,S",35.0,",,S",5.555555555555555,10.555555555555555,1.6666666666666667,Sanandaj
IRM00040831,"ABADAN, IR",2025-01-19,0.0,",,S",,,55,"H,,S",,,43.0,",,S",12.777777777777779,,6.111111111111111,Sanandaj
IRM00040723,"BOJNORD, IR",2025-01-19,0.0,",,S",,,38,"H,,S",48.0,",,S",,,3.3333333333333335,8.88888888888889,,Sanandaj
IR000407540,"TEHRAN MEHRABAD, IR",2025-01-20,0.0,",,S",,,40,"H,,S",,,,,4.444444444444445,,,Sanandaj
IRM00040800,"ESFAHAN SHAHID BEHESHTI INTERNATIONAL, IR",2025-01-20,0.0,",,S",,,35,"H,,S",55.0,",,S",,,1.6666666666666667,12.777777777777779,,Sanandaj
IRM00040831,"ABADAN, IR",2025-01-20,0.0,",,S",,,56,"H,,S",70.0,",,S",44.0,",,S",13.333333333333334,21.11111111111111,6.666666666666667,Sanandaj
IR000408560,"ZAHEDAN, IR",2025-01-20,0.0,",,S",,,44,"H,,S",58.0,",,S",,,6.666666666666667,14.444444444444445,,Sanandaj
IR000407660,"KERMANSHAH, IR",2025-01-20,0.08,",,S",,,35,"H,,S",43.0,",,S",29.0,",,S",1.6666666666666667,6.111111111111111,-1.6666666666666667,Sanandaj
IRM00040731,"GHAZVIN, IR",2025-01-20,0.0,",,S",,,33,"H,,S",40.0,",,S",,,0.5555555555555556,4.444444444444445,,Sanandaj
IRM00040798,"SHAHRE KORD, IR",2025-01-20,0.0,",,S",,,32,"H,,S",45.0,",,S",13.0,",,S",0.0,7.222222222222222,-10.555555555555555,Sanandaj
IRM00040875,"BANDAR ABBASS INTERNATIONAL, IR",2025-01-20,0.0,",,S",,,63,"H,,S",74.0,",,S",,,17.22222222222222,23.333333333333332,,Sanandaj
IRM00040712,"UROMIYEH, IR",2025-01-20,0.21,",,S",1.6,",,S",31,"H,,S",37.0,",,S",,,-0.5555555555555556,2.7777777777777777,,Sanandaj
IR000040745,"MASHHAD, IR",2025-01-20,0.0,",,S",,,43,"H,,S",52.0,",,S",,,6.111111111111111,11.11111111111111,,Sanandaj
IRM00040879,"IRAN SHAHR, IR",2025-01-20,0.0,",,S",,,60,"H,,S",69.0,",,S",50.0,",,S",15.555555555555555,20.555555555555557,10.0,Sanandaj
IRM00040809,"BIRJAND, IR",2025-01-20,0.0,",,S",,,41,"H,,S",54.0,",,S",,,5.0,12.222222222222221,,Sanandaj
IR000040848,"SHIRAZ, IR",2025-01-20,0.0,",,S",,,43,"H,,S",56.0,",,S",32.0,",,S",6.111111111111111,13.333333333333334,0.0,Sanandaj
IR000040706,"TABRIZ, IR",2025-01-20,0.02,",,S",0.4,",,S",31,"H,,S",40.0,",,S",,,-0.5555555555555556,4.444444444444445,,Sanandaj
IRM00040723,"BOJNORD, IR",2025-01-20,0.0,",,S",,,42,"H,,S",51.0,",,S",33.0,",,S",5.555555555555555,10.555555555555555,0.5555555555555556,Sanandaj
IRM00040738,"GORGAN, IR",2025-01-20,0.0,",,S",,,47,"H,,S",,,29.0,",,S",8.333333333333334,,-1.6666666666666667,Sanandaj
IRM00040729,"ZANJAN, IR",2025-01-20,0.18,",,S",0.8,",,S",30,"H,,S",35.0,",,S",,,-1.1111111111111112,1.6666666666666667,,Sanandaj
IRM00040821,"YAZD SHAHID SADOOGHI, IR",2025-01-20,0.0,",,S",,,45,"H,,S",57.0,",,S",33.0,",,S",7.222222222222222,13.88888888888889,0.5555555555555556,Sanandaj
IRM00040858,"BUSHEHR, IR",2025-01-20,0.0,",,S",,,59,"H,,S",66.0,",,S",48.0,",,S",15.0,18.88888888888889,8.88888888888889,Sanandaj
IRM00040769,"ARAK, IR",2025-01-20,0.0,",,S",,,35,"H,,S",44.0,",,S",,,1.6666666666666667,6.666666666666667,,Sanandaj
IRM00040785,"KASHAN, IR",2025-01-20,0.0,",,S",,,43,"H,,S",56.0,",,S",28.0,",,S",6.111111111111111,13.333333333333334,-2.2222222222222223,Sanandaj
IRM00040827,"NEHBANDAN, IR",2025-01-20,0.0,",,S",,,43,"H,,S",56.0,",,S",32.0,",,S",6.111111111111111,13.333333333333334,0.0,Sanandaj
IRM00040811,"AHWAZ, IR",2025-01-20,0.0,",,S",,,54,"H,,S",70.0,",,S",40.0,",,S",12.222222222222221,21.11111111111111,4.444444444444445,Sanandaj
IRM00040747,"SANANDAJ, IR",2025-01-20,0.06,",,S",,,34,"H,,S",42.0,",,S",28.0,",,S",1.1111111111111112,5.555555555555555,-2.2222222222222223,Sanandaj
IRM00040757,"SEMNAN, IR",2025-01-20,0.0,",,S",,,42,"H,,S",49.0,",,S",31.0,",,S",5.555555555555555,9.444444444444445,-0.5555555555555556,Sanandaj
IR000040841,"KERMAN, IR",2025-01-20,0.0,",,S",,,38,"H,,S",54.0,",,S",25.0,",,S",3.3333333333333335,12.222222222222221,-3.888888888888889,Sanandaj
IRM00040879,"IRAN SHAHR, IR",2025-01-21,0.0,",,S",,,58,"H,,S",68.0,",,S",,,14.444444444444445,20.0,,Sanandaj
IRM00040731,"GHAZVIN, IR",2025-01-21,0.0,",,S",,,33,"H,,S",,,20.0,",,S",0.5555555555555556,,-6.666666666666667,Sanandaj
IR000040841,"KERMAN, IR",2025-01-21,0.0,",,S",,,38,"H,,S",49.0,",,S",23.0,",,S",3.3333333333333335,9.444444444444445,-5.0,Sanandaj
IRM00040858,"BUSHEHR, IR",2025-01-21,0.0,",,S",,,60,"H,,S",66.0,",,S",46.0,",,S",15.555555555555555,18.88888888888889,7.777777777777778,Sanandaj
IRM00040723,"BOJNORD, IR",2025-01-21,0.02,",,S",,,34,"H,,S",41.0,",,S",,,1.1111111111111112,5.0,,Sanandaj
IRM00040738,"GORGAN, IR",2025-01-21,0.09,",,S",,,45,"H,,S",56.0,",,S",,,7.222222222222222,13.333333333333334,,Sanandaj
IR000408560,"ZAHEDAN, IR",2025-01-21,0.02,",,S",,,45,"H,,S",57.0,",,S",35.0,",,S",7.222222222222222,13.88888888888889,1.6666666666666667,Sanandaj
IRM00040827,"NEHBANDAN, IR",2025-01-21,0.11,",,S",,,47,"H,,S",58.0,",,S",,,8.333333333333334,14.444444444444445,,Sanandaj
IRM00040769,"ARAK, IR",2025-01-21,0.0,"D,,S",,,33,"H,,S",43.0,",,S",,,0.5555555555555556,6.111111111111111,,Sanandaj
IRM00040831,"ABADAN, IR",2025-01-21,0.0,",,S",,,57,"H,,S",,,,,13.88888888888889,,,Sanandaj
IRM00040785,"KASHAN, IR",2025-01-21,0.0,",,S",,,42,"H,,S",52.0,",,S",31.0,",,S",5.555555555555555,11.11111111111111,-0.5555555555555556,Sanandaj
IRM00040809,"BIRJAND, IR",2025-01-21,0.0,",,S",,,37,"H,,S",49.0,",,S",,,2.7777777777777777,9.444444444444445,,Sanandaj
IRM00040729,"ZANJAN, IR",2025-01-21,0.0,",,S",3.1,",,S",28,"H,,S",38.0,",,S",,,-2.2222222222222223,3.3333333333333335,,Sanandaj
IRM00040821,"YAZD SHAHID SADOOGHI, IR",2025-01-21,0.0,",,S",,,41,"H,,S",49.0,",,S",,,5.0,9.444444444444445,,Sanandaj
IR000040706,"TABRIZ, IR",2025-01-21,0.0,",,S",,,27,"H,,S",38.0,",,S",17.0,",,S",-2.7777777777777777,3.3333333333333335,-8.333333333333334,Sanandaj
IRM00040811,"AHWAZ, IR",2025-01-21,0.0,",,S",,,59,"H,,S",70.0,",,S",49.0,",,S",15.0,21.11111111111111,9.444444444444445,Sanandaj
IRM00040747,"SANANDAJ, IR",2025-01-21,0.03,",,S",1.2,",,S",31,"H,,S",41.0,",,S",21.0,",,S",-0.5555555555555556,5.0,-6.111111111111111,Sanandaj
IRM00040712,"UROMIYEH, IR",2025-01-21,0.0,",,S",1.2,",,S",26,"H,,S",40.0,",,S",18.0,",,S",-3.3333333333333335,4.444444444444445,-7.777777777777778,Sanandaj
IR000040848,"SHIRAZ, IR",2025-01-21,0.0,",,S",,,43,"H,,S",54.0,",,S",,,6.111111111111111,12.222222222222221,,Sanandaj
IR000040745,"MASHHAD, IR",2025-01-21,0.01,",,S",,,39,"H,,S",47.0,",,S",,,3.888888888888889,8.333333333333334,,Sanandaj
IR000407540,"TEHRAN MEHRABAD, IR",2025-01-21,0.0,",,S",,,40,"H,,S",,,30.0,",,S",4.444444444444445,,-1.1111111111111112,Sanandaj
IRM00040798,"SHAHRE KORD, IR",2025-01-21,0.0,",,S",,,30,"H,,S",45.0,",,S",15.0,",,S",-1.1111111111111112,7.222222222222222,-9.444444444444445,Sanandaj
IRM00040875,"BANDAR ABBASS INTERNATIONAL, IR",2025-01-21,0.0,",,S",,,61,"H,,S",73.0,",,S",47.0,",,S",16.11111111111111,22.77777777777778,8.333333333333334,Sanandaj
IR000407660,"KERMANSHAH, IR",2025-01-21,0.0,",,S",,,35,"H,,S",45.0,",,S",,,1.6666666666666667,7.222222222222222,,Sanandaj
IRM00040800,"ESFAHAN SHAHID BEHESHTI INTERNATIONAL, IR",2025-01-21,0.0,",,S",,,37,"H,,S",53.0,",,S",,,2.7777777777777777,11.666666666666666,,Sanandaj
IR000407540,"TEHRAN MEHRABAD, IR",2025-01-22,0.0,",,S",,,41,"H,,S",,,,,5.0,,,Sanandaj
IR000040706,"TABRIZ, IR",2025-01-22,0.0,",,S",,,28,"H,,S",41.0,",,S",18.0,",,S",-2.2222222222222223,5.0,-7.777777777777778,Sanandaj
IRM00040729,"ZANJAN, IR",2025-01-22,0.0,",,S",2.4,",,S",30,"H,,S",44.0,",,S",12.0,",,S",-1.1111111111111112,6.666666666666667,-11.11111111111111,Sanandaj
IRM00040827,"NEHBANDAN, IR",2025-01-22,0.0,",,S",,,41,"H,,S",52.0,",,S",,,5.0,11.11111111111111,,Sanandaj
IRM00040738,"GORGAN, IR",2025-01-22,0.0,",,S",,,42,"H,,S",56.0,",,S",30.0,",,S",5.555555555555555,13.333333333333334,-1.1111111111111112,Sanandaj
IRM00040831,"ABADAN, IR",2025-01-22,0.0,",,S",,,58,"H,,S",,,,,14.444444444444445,,,Sanandaj
IRM00040821,"YAZD SHAHID SADOOGHI, IR",2025-01-22,0.0,",,S",,,41,"H,,S",54.0,",,S",,,5.0,12.222222222222221,,Sanandaj
IR000040841,"KERMAN, IR",2025-01-22,0.0,",,S",,,35,"H,,S",46.0,",,S",,,1.6666666666666667,7.777777777777778,,Sanandaj
IRM00040879,"IRAN SHAHR, IR",2025-01-22,0.0,",,S",,,59,"H,,S",67.0,",,S",51.0,",,S",15.0,19.444444444444443,10.555555555555555,Sanandaj
IRM00040800,"ESFAHAN SHAHID BEHESHTI INTERNATIONAL, IR",2025-01-22,0.0,",,S",,,32,"H,,S",,,,,0.0,,,Sanandaj
IR000408560,"ZAHEDAN, IR",2025-01-22,0.04,",,S",,,41,"H,,S",49.0,",,S",,,5.0,9.444444444444445,,Sanandaj
IRM00040785,"KASHAN, IR",2025-01-22,0.0,",,S",,,42,"H,,S",,,29.0,",,S",5.555555555555555,,-1.6666666666666667,Sanandaj
IR000040848,"SHIRAZ, IR",2025-01-22,0.0,",,S",,,39,"H,,S",54.0,",,S",25.0,",,S",3.888888888888889,12.222222222222221,-3.888888888888889,Sanandaj
IR000407660,"KERMANSHAH, IR",2025-01-22,0.0,",,S",,,35,"H,,S",49.0,",,S",21.0,",,S",1.6666666666666667,9.444444444444445,-6.111111111111111,Sanandaj
IRM00040875,"BANDAR ABBASS INTERNATIONAL, IR",2025-01-22,0.0,",,S",,,64,"H,,S",,,49.0,",,S",17.77777777777778,,9.444444444444445,Sanandaj
IRM00040723,"BOJNORD, IR",2025-01-22,0.0,",,S",,,31,"H,,S",45.0,",,S",21.0,",,S",-0.5555555555555556,7.222222222222222,-6.111111111111111,Sanandaj
IRM00040712,"UROMIYEH, IR",2025-01-22,0.0,",,S",0.8,",,S",27,"H,,S",40.0,",,S",17.0,",,S",-2.7777777777777777,4.444444444444445,-8.333333333333334,Sanandaj
IRM00040809,"BIRJAND, IR",2025-01-22,0.0,",,S",,,33,"H,,S",47.0,",,S",,,0.5555555555555556,8.333333333333334,,Sanandaj
IRM00040858,"BUSHEHR, IR",2025-01-22,0.0,",,S",,,60,"H,,S",69.0,",,S",,,15.555555555555555,20.555555555555557,,Sanandaj
IR000040745,"MASHHAD, IR",2025-01-22,0.0,",,S",,,36,"H,,S",47.0,",,S",25.0,",,S",2.2222222222222223,8.333333333333334,-3.888888888888889,Sanandaj
IRM00040747,"SANANDAJ, IR",2025-01-22,0.0,",,S",,,31,"H,,S",45.0,",,S",17.0,",,S",-0.5555555555555556,7.222222222222222,-8.333333333333334,Sanandaj
IRM00040769,"ARAK, IR",2025-01-22,0.0,",,S",,,32,"H,,S",50.0,",,S",,,0.0,10.0,,Sanandaj
IRM00040731,"GHAZVIN, IR",2025-01-22,0.0,",,S",,,35,"H,,S",47.0,",,S",,,1.6666666666666667,8.333333333333334,,Sanandaj
IRM00040811,"AHWAZ, IR",2025-01-22,0.0,",,S",,,59,"H,,S",72.0,",,S",,,15.0,22.22222222222222,,Sanandaj
IRM00040798,"SHAHRE KORD, IR",2025-01-22,0.0,",,S",,,28,"H,,S",,,6.0,",,S",-2.2222222222222223,,-14.444444444444445,Sanandaj
IR000407540,"TEHRAN MEHRABAD, IR",2025-01-23,0.0,",,S",,,40,"H,,S",47.0,",,S",33.0,",,S",4.444444444444445,8.333333333333334,0.5555555555555556,Sanandaj
IRM00040800,"ESFAHAN SHAHID BEHESHTI INTERNATIONAL, IR",2025-01-23,0.0,",,S",,,31,"H,,S",49.0,",,S",,,-0.5555555555555556,9.444444444444445,,Sanandaj
IR000407660,"KERMANSHAH, IR",2025-01-23,0.0,",,S",,,41,"H,,S",56.0,",,S",29.0,",,S",5.0,13.333333333333334,-1.6666666666666667,Sanandaj
IR000040745,"MASHHAD, IR",2025-01-23,0.0,",,S",,,36,"H,,S",43.0,",,S",32.0,",,S",2.2222222222222223,6.111111111111111,0.0,Sanandaj
IR000408560,"ZAHEDAN, IR",2025-01-23,0.0,",,S",,,38,"H,,S",51.0,",,S",,,3.3333333333333335,10.555555555555555,,Sanandaj
IRM00040723,"BOJNORD, IR",2025-01-23,0.0,",,S",,,34,"H,,S",51.0,",,S",18.0,",,S",1.1111111111111112,10.555555555555555,-7.777777777777778,Sanandaj
IRM00040831,"ABADAN, IR",2025-01-23,0.0,",,S",,,59,"H,,S",72.0,",,S",,,15.0,22.22222222222222,,Sanandaj
IRM00040879,"IRAN SHAHR, IR",2025-01-23,0.0,",,S",,,55,"H,,S",68.0,",,S",43.0,",,S",12.777777777777779,20.0,6.111111111111111,Sanandaj
IRM00040731,"GHAZVIN, IR",2025-01-23,0.0,",,S",,,37,"H,,S",46.0,",,S",31.0,",,S",2.7777777777777777,7.777777777777778,-0.5555555555555556,Sanandaj
IRM00040875,"BANDAR ABBASS INTERNATIONAL, IR",2025-01-23,0.0,",,S",,,63,"H,,S",76.0,",,S",,,17.22222222222222,24.444444444444443,,Sanandaj
IRM00040712,"UROMIYEH, IR",2025-01-23,0.0,",,S",,,29,"H,,S",38.0,",,S",,,-1.6666666666666667,3.3333333333333335,,Sanandaj
IRM00040798,"SHAHRE KORD, IR",2025-01-23,0.0,",,S",,,28,"H,,S",47.0,",,S",,,-2.2222222222222223,8.333333333333334,,Sanandaj
IRM00040827,"NEHBANDAN, IR",2025-01-23,0.0,",,S",,,43,"H,,S",60.0,",,S",28.0,",,S",6.111111111111111,15.555555555555555,-2.2222222222222223,Sanandaj
IR000040848,"SHIRAZ, IR",2025-01-23,0.0,",,S",,,41,"H,,S",56.0,",,S",,,5.0,13.333333333333334,,Sanandaj
IRM00040821,"YAZD SHAHID SADOOGHI, IR",2025-01-23,0.0,",,S",,,42,"H,,S",55.0,",,S",31.0,",,S",5.555555555555555,12.777777777777779,-0.5555555555555556,Sanandaj
IRM00040858,"BUSHEHR, IR",2025-01-23,0.0,",,S",,,60,"H,,S",71.0,",,S",45.0,",,S",15.555555555555555,21.666666666666668,7.222222222222222,Sanandaj
IR000040706,"TABRIZ, IR",2025-01-23,0.0,",,S",,,31,"H,,S",42.0,",,S",18.0,",,S",-0.5555555555555556,5.555555555555555,-7.777777777777778,Sanandaj
IR000040841,"KERMAN, IR",2025-01-23,0.0,",,S",,,37,"H,,S",52.0,",,S",20.0,",,S",2.7777777777777777,11.11111111111111,-6.666666666666667,Sanandaj
IRM00040729,"ZANJAN, IR",2025-01-23,0.0,",,S",,,33,"H,,S",,,24.0,",,S",0.5555555555555556,,-4.444444444444445,Sanandaj
IRM00040785,"KASHAN, IR",2025-01-23,0.0,",,S",,,41,"H,,S",51.0,",,S",32.0,",,S",5.0,10.555555555555555,0.0,Sanandaj
IRM00040747,"SANANDAJ, IR",2025-01-23,0.0,",,S",,,34,"H,,S",47.0,",,S",,,1.1111111111111112,8.333333333333334,,Sanandaj
IRM00040811,"AHWAZ, IR",2025-01-23,0.0,",,S",,,58,"H,,S",,,,,14.444444444444445,,,Sanandaj
IRM00040809,"BIRJAND, IR",2025-01-23,0.0,",,S",,,36,"H,,S",58.0,",,S",,,2.2222222222222223,14.444444444444445,,Sanandaj
IRM00040769,"ARAK, IR",2025-01-23,0.0,",,S",,,33,"H,,S",47.0,",,S",,,0.5555555555555556,8.333333333333334,,Sanandaj
IRM00040738,"GORGAN, IR",2025-01-23,0.0,",,S",,,40,"H,,S",54.0,",,S",,,4.444444444444445,12.222222222222221,,Sanandaj
IRM00040729,"ZANJAN, IR",2025-01-24,0.0,",,S",0.8,",,S",37,"H,,S",44.0,",,S",26.0,",,S",2.7777777777777777,6.666666666666667,-3.3333333333333335,Sanandaj
IRM00040712,"UROMIYEH, IR",2025-01-24,0.0,",,S",,,31,"H,,S",43.0,",,S",21.0,",,S",-0.5555555555555556,6.111111111111111,-6.111111111111111,Sanandaj
IRM00040809,"BIRJAND, IR",2025-01-24,0.0,",,S",,,42,"H,,S",62.0,",,S",28.0,",,S",5.555555555555555,16.666666666666668,-2.2222222222222223,Sanandaj
IRM00040831,"ABADAN, IR",2025-01-24,0.0,",,S",,,58,"H,,S",69.0,",,S",47.0,",,S",14.444444444444445,20.555555555555557,8.333333333333334,Sanandaj
IRM00040785,"KASHAN, IR",2025-01-24,0.0,",,S",,,41,"H,,S",52.0,",,S",31.0,",,S",5.0,11.11111111111111,-0.5555555555555556,Sanandaj
IR000040848,"SHIRAZ, IR",2025-01-24,0.0,",,S",,,43,"H,,S",59.0,",,S",26.0,",,S",6.111111111111111,15.0,-3.3333333333333335,Sanandaj
IRM00040798,"SHAHRE KORD, IR",2025-01-24,0.0,",,S",,,32,"H,,S",,,7.0,",,S",0.0,,-13.88888888888889,Sanandaj
IRM00040821,"YAZD SHAHID SADOOGHI, IR",2025-01-24,0.0,",,S",,,43,"H,,S",58.0,",,S",30.0,",,S",6.111111111111111,14.444444444444445,-1.1111111111111112,Sanandaj
IRM00040811,"AHWAZ, IR",2025-01-24,0.0,",,S",,,57,"H,,S",69.0,",,S",44.0,",,S",13.88888888888889,20.555555555555557,6.666666666666667,Sanandaj
IR000407660,"KERMANSHAH, IR",2025-01-24,0.07,",,S",,,42,"H,,S",52.0,",,S",35.0,",,S",5.555555555555555,11.11111111111111,1.6666666666666667,Sanandaj
IRM00040800,"ESFAHAN SHAHID BEHESHTI INTERNATIONAL, IR",2025-01-24,0.0,",,S",,,35,"H,,S",56.0,",,S",,,1.6666666666666667,13.333333333333334,,Sanandaj
IRM00040747,"SANANDAJ, IR",2025-01-24,0.0,",,S",,,38,"H,,S",52.0,",,S",26.0,",,S",3.3333333333333335,11.11111111111111,-3.3333333333333335,Sanandaj
IR000040745,"MASHHAD, IR",2025-01-24,0.0,",,S",,,40,"H,,S",56.0,",,S",31.0,",,S",4.444444444444445,13.333333333333334,-0.5555555555555556,Sanandaj
IRM00040827,"NEHBANDAN, IR",2025-01-24,0.0,",,S",,,44,"H,,S",59.0,",,S",30.0,",,S",6.666666666666667,15.0,-1.1111111111111112,Sanandaj
IR000040706,"TABRIZ, IR",2025-01-24,0.0,",,S",,,35,"H,,S",45.0,",,S",,,1.6666666666666667,7.222222222222222,,Sanandaj
IRM00040875,"BANDAR ABBASS INTERNATIONAL, IR",2025-01-24,0.0,",,S",,,60,"H,,S",78.0,",,S",43.0,",,S",15.555555555555555,25.555555555555557,6.111111111111111,Sanandaj
IR000407540,"TEHRAN MEHRABAD, IR",2025-01-24,0.0,",,S",,,43,"H,,S",,,33.0,",,S",6.111111111111111,,0.5555555555555556,Sanandaj
IR000408560,"ZAHEDAN, IR",2025-01-24,0.0,",,S",,,39,"H,,S",,,24.0,",,S",3.888888888888889,,-4.444444444444445,Sanandaj
IRM00040769,"ARAK, IR",2025-01-24,0.0,",,S",,,36,"H,,S",47.0,",,S",24.0,",,S",2.2222222222222223,8.333333333333334,-4.444444444444445,Sanandaj
IRM00040723,"BOJNORD, IR",2025-01-24,0.0,",,S",,,38,"H,,S",60.0,",,S",,,3.3333333333333335,15.555555555555555,,Sanandaj
IRM00040731,"GHAZVIN, IR",2025-01-24,0.0,",,S",,,39,"H,,S",,,30.0,",,S",3.888888888888889,,-1.1111111111111112,Sanandaj
IRM00040738,"GORGAN, IR",2025-01-24,0.0,",,S",,,44,"H,,S",58.0,",,S",31.0,",,S",6.666666666666667,14.444444444444445,-0.5555555555555556,Sanandaj
IRM00040858,"BUSHEHR, IR",2025-01-24,0.0,",,S",,,60,"H,,S",69.0,",,S",47.0,",,S",15.555555555555555,20.555555555555557,8.333333333333334,Sanandaj
IR000040841,"KERMAN, IR",2025-01-24,0.0,",,S",,,39,"H,,S",61.0,",,S",22.0,",,S",3.888888888888889,16.11111111111111,-5.555555555555555,Sanandaj
IRM00040879,"IRAN SHAHR, IR",2025-01-24,0.0,",,S",,,56,"H,,S",71.0,",,S",,,13.333333333333334,21.666666666666668,,Sanandaj
IRM00040827,"NEHBANDAN, IR",2025-01-25,0.0,",,S",,,45,"H,,S",59.0,",,S",27.0,",,S",7.222222222222222,15.0,-2.7777777777777777,Sanandaj
IRM00040800,"ESFAHAN SHAHID BEHESHTI INTERNATIONAL, IR",2025-01-25,0.0,",,S",,,39,"H,,S",59.0,",,S",,,3.888888888888889,15.0,,Sanandaj
IRM00040747,"SANANDAJ, IR",2025-01-25,0.0,",,S",,,39,"H,,S",48.0,",,S",34.0,",,S",3.888888888888889,8.88888888888889,1.1111111111111112,Sanandaj
IRM00040858,"BUSHEHR, IR",2025-01-25,0.0,",,S",,,61,"H,,S",70.0,",,S",48.0,",,S",16.11111111111111,21.11111111111111,8.88888888888889,Sanandaj
IR000040848,"SHIRAZ, IR",2025-01-25,0.0,",,S",,,45,"H,,S",,,25.0,",,S",7.222222222222222,,-3.888888888888889,Sanandaj
IRM00040785,"KASHAN, IR",2025-01-25,0.0,",,S",,,45,"H,,S",56.0,",,S",35.0,",,S",7.222222222222222,13.333333333333334,1.6666666666666667,Sanandaj
IRM00040811,"AHWAZ, IR",2025-01-25,0.0,",,S",,,60,"H,,S",74.0,",,S",48.0,",,S",15.555555555555555,23.333333333333332,8.88888888888889,Sanandaj
IRM00040723,"BOJNORD, IR",2025-01-25,0.0,",,S",,,35,"H,,S",55.0,",,S",20.0,",,S",1.6666666666666667,12.777777777777779,-6.666666666666667,Sanandaj
IRM00040821,"YAZD SHAHID SADOOGHI, IR",2025-01-25,0.0,",,S",,,45,"H,,S",58.0,",,S",32.0,",,S",7.222222222222222,14.444444444444445,0.0,Sanandaj
IRM00040738,"GORGAN, IR",2025-01-25,0.0,",,S",,,45,"H,,S",,,32.0,",,S",7.222222222222222,,0.0,Sanandaj
IRM00040809,"BIRJAND, IR",2025-01-25,0.0,",,S",,,42,"H,,S",62.0,",,S",24.0,",,S",5.555555555555555,16.666666666666668,-4.444444444444445,Sanandaj
IRM00040769,"ARAK, IR",2025-01-25,0.03,",,S",,,37,"H,,S",45.0,",,S",,,2.7777777777777777,7.222222222222222,,Sanandaj
IRM00040729,"ZANJAN, IR",2025-01-25,0.0,",,S",0.8,",,S",36,"H,,S",44.0,",,S",27.0,",,S",2.2222222222222223,6.666666666666667,-2.7777777777777777,Sanandaj
IR000407540,"TEHRAN MEHRABAD, IR",2025-01-25,0.0,",,S",,,47,"H,,S",54.0,",,S",,,8.333333333333334,12.222222222222221,,Sanandaj
IR000040841,"KERMAN, IR",2025-01-25,0.0,",,S",,,42,"H,,S",64.0,",,S",22.0,",,S",5.555555555555555,17.77777777777778,-5.555555555555555,Sanandaj
IR000407660,"KERMANSHAH, IR",2025-01-25,0.06,",,S",,,38,"H,,S",41.0,",,S",,,3.3333333333333335,5.0,,Sanandaj
IR000040706,"TABRIZ, IR",2025-01-25,0.0,",,S",,,34,"H,,S",45.0,",,S",25.0,",,S",1.1111111111111112,7.222222222222222,-3.888888888888889,Sanandaj
IRM00040831,"ABADAN, IR",2025-01-25,0.0,",,S",,,61,"H,,S",72.0,",,S",50.0,",,S",16.11111111111111,22.22222222222222,10.0,Sanandaj
IRM00040712,"UROMIYEH, IR",2025-01-25,0.0,",,S",,,33,"H,,S",46.0,",,S",21.0,",,S",0.5555555555555556,7.777777777777778,-6.111111111111111,Sanandaj
IR000040745,"MASHHAD, IR",2025-01-25,0.0,",,S",,,45,"H,,S",,,28.0,",,S",7.222222222222222,,-2.2222222222222223,Sanandaj
IRM00040731,"GHAZVIN, IR",2025-01-25,0.0,",,S",,,41,"H,,S",49.0,",,S",33.0,",,S",5.0,9.444444444444445,0.5555555555555556,Sanandaj
IR000408560,"ZAHEDAN, IR",2025-01-25,0.0,",,S",,,43,"H,,S",,,24.0,",,S",6.111111111111111,,-4.444444444444445,Sanandaj
IRM00040875,"BANDAR ABBASS INTERNATIONAL, IR",2025-01-25,0.0,",,S",,,60,"H,,S",77.0,",,S",40.0,",,S",15.555555555555555,25.0,4.444444444444445,Sanandaj
IRM00040879,"IRAN SHAHR, IR",2025-01-25,0.0,",,S",,,59,"H,,S",,,40.0,",,S",15.0,,4.444444444444445,Sanandaj
IRM00040798,"SHAHRE KORD, IR",2025-01-25,0.0,",,S",,,35,"H,,S",52.0,",,S",13.0,",,S",1.6666666666666667,11.11111111111111,-10.555555555555555,Sanandaj
IRM00040729,"ZANJAN, IR",2025-01-26,0.0,",,S",0.8,",,S",35,"H,,S",48.0,",,S",26.0,",,S",1.6666666666666667,8.88888888888889,-3.3333333333333335,Sanandaj
IR000040841,"KERMAN, IR",2025-01-26,0.0,",,S",,,43,"H,,S",63.0,",,S",23.0,",,S",6.111111111111111,17.22222222222222,-5.0,Sanandaj
IR000407540,"TEHRAN MEHRABAD, IR",2025-01-26,0.0,",,S",,,47,"H,,S",54.0,",,S",38.0,",,S",8.333333333333334,12.222222222222221,3.3333333333333335,Sanandaj
IR000040745,"MASHHAD, IR",2025-01-26,0.0,",,S",,,41,"H,,S",52.0,",,S",,,5.0,11.11111111111111,,Sanandaj
IRM00040738,"GORGAN, IR",2025-01-26,0.0,",,S",,,46,"H,,S",,,37.0,",,S",7.777777777777778,,2.7777777777777777,Sanandaj
IRM00040875,"BANDAR ABBASS INTERNATIONAL, IR",2025-01-26,0.0,",,S",,,62,"H,,S",,,44.0,",,S",16.666666666666668,,6.666666666666667,Sanandaj
IRM00040821,"YAZD SHAHID SADOOGHI, IR",2025-01-26,0.0,",,S",,,48,"H,,S",63.0,",,S",33.0,",,S",8.88888888888889,17.22222222222222,0.5555555555555556,Sanandaj
IRM00040712,"UROMIYEH, IR",2025-01-26,0.0,",,S",,,33,"H,,S",45.0,",,S",25.0,",,S",0.5555555555555556,7.222222222222222,-3.888888888888889,Sanandaj
IRM00040831,"ABADAN, IR",2025-01-26,0.0,",,S",,,62,"H,,S",72.0,",,S",,,16.666666666666668,22.22222222222222,,Sanandaj
IRM00040769,"ARAK, IR",2025-01-26,0.0,",,S",,,39,"H,,S",,,30.0,",,S",3.888888888888889,,-1.1111111111111112,Sanandaj
IRM00040785,"KASHAN, IR",2025-01-26,0.0,",,S",,,47,"H,,S",58.0,",,S",38.0,",,S",8.333333333333334,14.444444444444445,3.3333333333333335,Sanandaj
IR000040706,"TABRIZ, IR",2025-01-26,0.0,",,S",,,37,"H,,S",47.0,",,S",24.0,",,S",2.7777777777777777,8.333333333333334,-4.444444444444445,Sanandaj
IR000408560,"ZAHEDAN, IR",2025-01-26,0.0,",,S",,,46,"H,,S",62.0,",,S",27.0,",,S",7.777777777777778,16.666666666666668,-2.7777777777777777,Sanandaj
IR000407660,"KERMANSHAH, IR",2025-01-26,0.0,",,S",,,39,"H,,S",49.0,",,S",,,3.888888888888889,9.444444444444445,,Sanandaj
IRM00040723,"BOJNORD, IR",2025-01-26,0.0,",,S",,,36,"H,,S",50.0,",,S",24.0,",,S",2.2222222222222223,10.0,-4.444444444444445,Sanandaj
IRM00040858,"BUSHEHR, IR",2025-01-26,0.05,",,S",,,63,"H,,S",71.0,",,S",,,17.22222222222222,21.666666666666668,,Sanandaj
IRM00040800,"ESFAHAN SHAHID BEHESHTI INTERNATIONAL, IR",2025-01-26,0.0,",,S",,,40,"H,,S",,,,,4.444444444444445,,,Sanandaj
IRM00040811,"AHWAZ, IR",2025-01-26,0.0,",,S",,,62,"H,,S",73.0,",,S",,,16.666666666666668,22.77777777777778,,Sanandaj
IRM00040809,"BIRJAND, IR",2025-01-26,0.0,",,S",,,44,"H,,S",65.0,",,S",,,6.666666666666667,18.333333333333332,,Sanandaj
IRM00040798,"SHAHRE KORD, IR",2025-01-26,0.0,",,S",,,37,"H,,S",54.0,",,S",21.0,",,S",2.7777777777777777,12.222222222222221,-6.111111111111111,Sanandaj
IRM00040827,"NEHBANDAN, IR",2025-01-26,0.0,",,S",,,44,"H,,S",62.0,",,S",29.0,",,S",6.666666666666667,16.666666666666668,-1.6666666666666667,Sanandaj
IRM00040879,"IRAN SHAHR, IR",2025-01-26,0.0,",,S",,,61,"H,,S",75.0,",,S",42.0,",,S",16.11111111111111,23.88888888888889,5.555555555555555,Sanandaj
IR000040848,"SHIRAZ, IR",2025-01-26,0.0,",,S",,,48,"H,,S",,,30.0,",,S",8.88888888888889,,-1.1111111111111112,Sanandaj
IRM00040731,"GHAZVIN, IR",2025-01-26,0.0,",,S",,,40,"H,,S",51.0,",,S",32.0,",,S",4.444444444444445,10.555555555555555,0.0,Sanandaj
IRM00040747,"SANANDAJ, IR",2025-01-26,0.0,",,S",,,39,"H,,S",50.0,",,S",30.0,",,S",3.888888888888889,10.0,-1.1111111111111112,Sanandaj
IRM00040875,"BANDAR ABBASS INTERNATIONAL, IR",2025-01-27,0.0,",,S",,,68,"H,,S",81.0,",,S",46.0,",,S",20.0,27.22222222222222,7.777777777777778,Sanandaj
IRM00040731,"GHAZVIN, IR",2025-01-27,0.12,",,S",,,36,"H,,S",40.0,",,S",,,2.2222222222222223,4.444444444444445,,Sanandaj
IRM00040729,"ZANJAN, IR",2025-01-27,0.0,",,S",0.4,",,S",33,"H,,S",,,27.0,",,S",0.5555555555555556,,-2.7777777777777777,Sanandaj
IRM00040723,"BOJNORD, IR",2025-01-27,0.0,",,S",,,37,"H,,S",,,,,2.7777777777777777,,,Sanandaj
IRM00040712,"UROMIYEH, IR",2025-01-27,0.0,",,S",,,36,"H,,S",,,,,2.2222222222222223,,,Sanandaj
IRM00040821,"YAZD SHAHID SADOOGHI, IR",2025-01-27,0.01,",,S",,,43,"H,,S",53.0,",,S",,,6.111111111111111,11.666666666666666,,Sanandaj
IR000040745,"MASHHAD, IR",2025-01-27,0.0,",,S",,,37,"H,,S",,,31.0,",,S",2.7777777777777777,,-0.5555555555555556,Sanandaj
IRM00040738,"GORGAN, IR",2025-01-27,0.09,",,S",,,47,"H,,S",54.0,",,S",41.0,",,S",8.333333333333334,12.222222222222221,5.0,Sanandaj
IRM00040879,"IRAN SHAHR, IR",2025-01-27,0.0,",,S",,,65,"H,,S",81.0,",,S",46.0,",,S",18.333333333333332,27.22222222222222,7.777777777777778,Sanandaj
IR000040841,"KERMAN, IR",2025-01-27,0.0,",,S",,,47,"H,,S",62.0,",,S",30.0,",,S",8.333333333333334,16.666666666666668,-1.1111111111111112,Sanandaj
IRM00040769,"ARAK, IR",2025-01-27,0.44,",,S",0.8,",,S",32,"H,,S",42.0,",,S",,,0.0,5.555555555555555,,Sanandaj
IRM00040785,"KASHAN, IR",2025-01-27,0.28,",,S",,,43,"H,,S",48.0,",,S",,,6.111111111111111,8.88888888888889,,Sanandaj
IR000040848,"SHIRAZ, IR",2025-01-27,0.25,",,S",,,47,"H,,S",58.0,",,S",,,8.333333333333334,14.444444444444445,,Sanandaj
IRM00040858,"BUSHEHR, IR",2025-01-27,0.04,",,S",,,62,"H,,S",67.0,",,S",58.0,",,S",16.666666666666668,19.444444444444443,14.444444444444445,Sanandaj
IRM00040747,"SANANDAJ, IR",2025-01-27,0.01,",,S",,,38,"H,,S",42.0,",,S",,,3.3333333333333335,5.555555555555555,,Sanandaj
IRM00040811,"AHWAZ, IR",2025-01-27,0.14,",,S",,,57,"H,,S",67.0,",,S",,,13.88888888888889,19.444444444444443,,Sanandaj
IRM00040831,"ABADAN, IR",2025-01-27,0.0,",,S",,,60,"H,,S",,,,,15.555555555555555,,,Sanandaj
IRM00040800,"ESFAHAN SHAHID BEHESHTI INTERNATIONAL, IR",2025-01-27,0.09,",,S",,,37,"H,,S",48.0,",,S",,,2.7777777777777777,8.88888888888889,,Sanandaj
IR000407540,"TEHRAN MEHRABAD, IR",2025-01-27,0.32,",,S",,,40,"H,,S",50.0,",,S",,,4.444444444444445,10.0,,Sanandaj
IRM00040827,"NEHBANDAN, IR",2025-01-27,0.0,",,S",,,47,"H,,S",61.0,",,S",30.0,",,S",8.333333333333334,16.11111111111111,-1.1111111111111112,Sanandaj
IRM00040798,"SHAHRE KORD, IR",2025-01-27,0.26,",,S",1.2,",,S",34,"H,,S",42.0,",,S",,,1.1111111111111112,5.555555555555555,,Sanandaj
IR000408560,"ZAHEDAN, IR",2025-01-27,0.0,",,S",,,46,"H,,S",62.0,",,S",28.0,",,S",7.777777777777778,16.666666666666668,-2.2222222222222223,Sanandaj
IR000407660,"KERMANSHAH, IR",2025-01-27,0.29,",,S",,,39,"H,,S",45.0,",,S",,,3.888888888888889,7.222222222222222,,Sanandaj
IRM00040809,"BIRJAND, IR",2025-01-27,0.0,",,S",,,48,"H,,S",,,29.0,",,S",8.88888888888889,,-1.6666666666666667,Sanandaj
IR000040706,"TABRIZ, IR",2025-01-27,0.0,",,S",,,37,"H,,S",45.0,",,S",,,2.7777777777777777,7.222222222222222,,Sanandaj
IR000040706,"TABRIZ, IR",2025-01-28,0.0,",,S",,,34,"H,,S",43.0,",,S",,,1.1111111111111112,6.111111111111111,,Sanandaj
IR000407540,"TEHRAN MEHRABAD, IR",2025-01-28,0.0,",,S",,,40,"H,,S",,,35.0,",,S",4.444444444444445,,1.6666666666666667,Sanandaj
IRM00040831,"ABADAN, IR",2025-01-28,0.0,",,S",,,58,"H,,S",70.0,",,S",46.0,",,S",14.444444444444445,21.11111111111111,7.777777777777778,Sanandaj
IRM00040738,"GORGAN, IR",2025-01-28,0.24,",,S",,,44,"H,,S",50.0,",,S",,,6.666666666666667,10.0,,Sanandaj
IRM00040811,"AHWAZ, IR",2025-01-28,0.0,",,S",,,58,"H,,S",,,,,14.444444444444445,,,Sanandaj
IRM00040809,"BIRJAND, IR",2025-01-28,0.01,",,S",,,43,"H,,S",55.0,",,S",,,6.111111111111111,12.777777777777779,,Sanandaj
IR000040841,"KERMAN, IR",2025-01-28,0.0,",,S",,,39,"H,,S",53.0,",,S",31.0,",,S",3.888888888888889,11.666666666666666,-0.5555555555555556,Sanandaj
IRM00040731,"GHAZVIN, IR",2025-01-28,0.0,",,S",,,34,"H,,S",45.0,",,S",,,1.1111111111111112,7.222222222222222,,Sanandaj
IRM00040785,"KASHAN, IR",2025-01-28,0.0,",,S",,,42,"H,,S",50.0,",,S",37.0,",,S",5.555555555555555,10.0,2.7777777777777777,Sanandaj
IRM00040723,"BOJNORD, IR",2025-01-28,0.0,",,S",,,34,"H,,S",38.0,",,S",,,1.1111111111111112,3.3333333333333335,,Sanandaj
IR000040745,"MASHHAD, IR",2025-01-28,0.04,",,S",,,33,"H,,S",40.0,",,S",,,0.5555555555555556,4.444444444444445,,Sanandaj
IRM00040712,"UROMIYEH, IR",2025-01-28,0.0,",,S",,,32,"H,,S",43.0,",,S",23.0,",,S",0.0,6.111111111111111,-5.0,Sanandaj
IR000040848,"SHIRAZ, IR",2025-01-28,0.0,",,S",,,46,"H,,S",59.0,",,S",33.0,",,S",7.777777777777778,15.0,0.5555555555555556,Sanandaj
IRM00040879,"IRAN SHAHR, IR",2025-01-28,0.0,",,S",,,69,"H,,S",80.0,",,S",52.0,",,S",20.555555555555557,26.666666666666668,11.11111111111111,Sanandaj
IRM00040800,"ESFAHAN SHAHID BEHESHTI INTERNATIONAL, IR",2025-01-28,0.0,",,S",,,37,"H,,S",48.0,",,S",,,2.7777777777777777,8.88888888888889,,Sanandaj
IR000407660,"KERMANSHAH, IR",2025-01-28,0.0,",,S",,,36,"H,,S",48.0,",,S",26.0,",,S",2.2222222222222223,8.88888888888889,-3.3333333333333335,Sanandaj
IRM00040798,"SHAHRE KORD, IR",2025-01-28,0.0,",,S",,,33,"H,,S",42.0,",,S",25.0,",,S",0.5555555555555556,5.555555555555555,-3.888888888888889,Sanandaj
IRM00040827,"NEHBANDAN, IR",2025-01-28,0.0,",,S",,,47,"H,,S",63.0,",,S",35.0,",,S",8.333333333333334,17.22222222222222,1.6666666666666667,Sanandaj
IRM00040875,"BANDAR ABBASS INTERNATIONAL, IR",2025-01-28,0.0,",,S",,,69,"H,,S",79.0,",,S",60.0,",,S",20.555555555555557,26.11111111111111,15.555555555555555,Sanandaj
IR000408560,"ZAHEDAN, IR",2025-01-28,0.0,",,S",,,54,"H,,S",67.0,",,S",39.0,",,S",12.222222222222221,19.444444444444443,3.888888888888889,Sanandaj
IRM00040821,"YAZD SHAHID SADOOGHI, IR",2025-01-28,0.0,",,S",,,40,"H,,S",,,37.0,",,S",4.444444444444445,,2.7777777777777777,Sanandaj
IRM00040747,"SANANDAJ, IR",2025-01-28,0.0,",,S",,,36,"H,,S",43.0,",,S",,,2.2222222222222223,6.111111111111111,,Sanandaj
IRM00040729,"ZANJAN, IR",2025-01-28,0.0,",,S",0.4,",,S",31,"H,,S",37.0,",,S",,,-0.5555555555555556,2.7777777777777777,,Sanandaj
IRM00040858,"BUSHEHR, IR",2025-01-28,0.0,",,S",,,63,"H,,S",67.0,",,S",57.0,",,S",17.22222222222222,19.444444444444443,13.88888888888889,Sanandaj
IRM00040769,"ARAK, IR",2025-01-28,0.04,",,S",0.8,",,S",33,"H,,S",,,,,0.5555555555555556,,,Sanandaj
IRM00040811,"AHWAZ, IR",2025-01-29,0.0,",,S",,,60,"H,,S",74.0,",,S",,,15.555555555555555,23.333333333333332,,Sanandaj
IR000040841,"KERMAN, IR",2025-01-29,0.0,",,S",,,38,"H,,S",47.0,",,S",,,3.3333333333333335,8.333333333333334,,Sanandaj
IR000040706,"TABRIZ, IR",2025-01-29,0.0,",,S",,,32,"H,,S",,,,,0.0,,,Sanandaj
IRM00040831,"ABADAN, IR",2025-01-29,0.0,",,S",,,58,"H,,S",72.0,",,S",,,14.444444444444445,22.22222222222222,,Sanandaj
IRM00040785,"KASHAN, IR",2025-01-29,0.0,",,S",,,43,"H,,S",47.0,",,S",38.0,",,S",6.111111111111111,8.333333333333334,3.3333333333333335,Sanandaj
IRM00040738,"GORGAN, IR",2025-01-29,0.0,",,S",,,41,"H,,S",55.0,",,S",31.0,",,S",5.0,12.777777777777779,-0.5555555555555556,Sanandaj
IRM00040821,"YAZD SHAHID SADOOGHI, IR",2025-01-29,0.0,",,S",,,42,"H,,S",52.0,",,S",34.0,",,S",5.555555555555555,11.11111111111111,1.1111111111111112,Sanandaj
IR000040848,"SHIRAZ, IR",2025-01-29,0.0,",,S",,,44,"H,,S",56.0,",,S",32.0,",,S",6.666666666666667,13.333333333333334,0.0,Sanandaj
IRM00040747,"SANANDAJ, IR",2025-01-29,0.0,",,S",,,33,"H,,S",46.0,",,S",21.0,",,S",0.5555555555555556,7.777777777777778,-6.111111111111111,Sanandaj
IRM00040769,"ARAK, IR",2025-01-29,0.0,",,S",0.8,",,S",31,"H,,S",,,,,-0.5555555555555556,,,Sanandaj
IRM00040809,"BIRJAND, IR",2025-01-29,0.0,",,S",,,34,"H,,S",44.0,",,S",,,1.1111111111111112,6.666666666666667,,Sanandaj
IRM00040731,"GHAZVIN, IR",2025-01-29,0.0,",,S",,,35,"H,,S",45.0,",,S",23.0,",,S",1.6666666666666667,7.222222222222222,-5.0,Sanandaj
IRM00040858,"BUSHEHR, IR",2025-01-29,0.0,",,S",,,62,"H,,S",68.0,",,S",55.0,",,S",16.666666666666668,20.0,12.777777777777779,Sanandaj
IRM00040723,"BOJNORD, IR",2025-01-29,0.0,",,S",,,31,"H,,S",43.0,",,S",,,-0.5555555555555556,6.111111111111111,,Sanandaj
IR000408560,"ZAHEDAN, IR",2025-01-29,0.0,",,S",,,44,"H,,S",54.0,",,S",,,6.666666666666667,12.222222222222221,,Sanandaj
IRM00040712,"UROMIYEH, IR",2025-01-29,0.0,",,S",,,31,"H,,S",45.0,",,S",22.0,",,S",-0.5555555555555556,7.222222222222222,-5.555555555555555,Sanandaj
IRM00040879,"IRAN SHAHR, IR",2025-01-29,0.0,",,S",,,61,"H,,S",72.0,",,S",,,16.11111111111111,22.22222222222222,,Sanandaj
IRM00040875,"BANDAR ABBASS INTERNATIONAL, IR",2025-01-29,0.0,",,S",,,68,"H,,S",79.0,",,S",56.0,",,S",20.0,26.11111111111111,13.333333333333334,Sanandaj
IR000407540,"TEHRAN MEHRABAD, IR",2025-01-29,0.0,",,S",,,40,"H,,S",45.0,",,S",33.0,",,S",4.444444444444445,7.222222222222222,0.5555555555555556,Sanandaj
IRM00040729,"ZANJAN, IR",2025-01-29,0.0,",,S",0.4,",,S",32,"H,,S",46.0,",,S",,,0.0,7.777777777777778,,Sanandaj
IRM00040827,"NEHBANDAN, IR",2025-01-29,0.0,",,S",,,42,"H,,S",55.0,",,S",,,5.555555555555555,12.777777777777779,,Sanandaj
IRM00040800,"ESFAHAN SHAHID BEHESHTI INTERNATIONAL, IR",2025-01-29,0.0,",,S",,,36,"H,,S",,,,,2.2222222222222223,,,Sanandaj
IRM00040798,"SHAHRE KORD, IR",2025-01-29,0.0,",,S",,,34,"H,,S",44.0,",,S",,,1.1111111111111112,6.666666666666667,,Sanandaj
IR000040745,"MASHHAD, IR",2025-01-29,0.01,",,S",,,35,"H,,S",43.0,",,S",,,1.6666666666666667,6.111111111111111,,Sanandaj
IR000407660,"KERMANSHAH, IR",2025-01-29,0.0,",,S",,,36,"H,,S",49.0,",,S",,,2.2222222222222223,9.444444444444445,,Sanandaj
IR000040848,"SHIRAZ, IR",2025-01-30,0.06,",,S",,,47,"H,,S",59.0,",,S",36.0,",,S",8.333333333333334,15.0,2.2222222222222223,Sanandaj
IRM00040827,"NEHBANDAN, IR",2025-01-30,0.0,",,S",,,42,"H,,S",56.0,",,S",26.0,",,S",5.555555555555555,13.333333333333334,-3.3333333333333335,Sanandaj
IRM00040798,"SHAHRE KORD, IR",2025-01-30,0.0,",,S",,,32,"H,,S",39.0,",,S",26.0,",,S",0.0,3.888888888888889,-3.3333333333333335,Sanandaj
IRM00040731,"GHAZVIN, IR",2025-01-30,0.0,",,S",,,36,"H,,S",52.0,",,S",25.0,",,S",2.2222222222222223,11.11111111111111,-3.888888888888889,Sanandaj
IRM00040858,"BUSHEHR, IR",2025-01-30,0.0,",,S",,,63,"H,,S",65.0,",,S",,,17.22222222222222,18.333333333333332,,Sanandaj
IRM00040875,"BANDAR ABBASS INTERNATIONAL, IR",2025-01-30,0.0,",,S",,,65,"H,,S",78.0,",,S",,,18.333333333333332,25.555555555555557,,Sanandaj
IR000407660,"KERMANSHAH, IR",2025-01-30,0.0,",,S",,,38,"H,,S",51.0,",,S",24.0,",,S",3.3333333333333335,10.555555555555555,-4.444444444444445,Sanandaj
IR000408560,"ZAHEDAN, IR",2025-01-30,0.0,",,S",,,40,"H,,S",53.0,",,S",26.0,",,S",4.444444444444445,11.666666666666666,-3.3333333333333335,Sanandaj
IRM00040879,"IRAN SHAHR, IR",2025-01-30,0.0,",,S",,,57,"H,,S",69.0,",,S",,,13.88888888888889,20.555555555555557,,Sanandaj
IRM00040729,"ZANJAN, IR",2025-01-30,0.0,",,S",0.4,",,S",32,"H,,S",45.0,",,S",,,0.0,7.222222222222222,,Sanandaj
IR000040706,"TABRIZ, IR",2025-01-30,0.0,",,S",,,32,"H,,S",45.0,",,S",,,0.0,7.222222222222222,,Sanandaj
IRM00040785,"KASHAN, IR",2025-01-30,0.0,",,S",,,43,"H,,S",50.0,",,S",,,6.111111111111111,10.0,,Sanandaj
IRM00040738,"GORGAN, IR",2025-01-30,0.0,",,S",,,41,"H,,S",55.0,",,S",,,5.0,12.777777777777779,,Sanandaj
IRM00040800,"ESFAHAN SHAHID BEHESHTI INTERNATIONAL, IR",2025-01-30,0.0,",,S",,,33,"H,,S",47.0,",,S",,,0.5555555555555556,8.333333333333334,,Sanandaj
IRM00040712,"UROMIYEH, IR",2025-01-30,0.0,",,S",,,31,"H,,S",,,20.0,",,S",-0.5555555555555556,,-6.666666666666667,Sanandaj
IRM00040747,"SANANDAJ, IR",2025-01-30,0.0,",,S",,,33,"H,,S",48.0,",,S",20.0,",,S",0.5555555555555556,8.88888888888889,-6.666666666666667,Sanandaj
IR000040841,"KERMAN, IR",2025-01-30,0.0,",,S",,,36,"H,,S",47.0,",,S",23.0,",,S",2.2222222222222223,8.333333333333334,-5.0,Sanandaj
IRM00040723,"BOJNORD, IR",2025-01-30,0.0,",,S",,,32,"H,,S",45.0,",,S",,,0.0,7.222222222222222,,Sanandaj
IR000407540,"TEHRAN MEHRABAD, IR",2025-01-30,0.0,",,S",,,41,"H,,S",49.0,",,S",32.0,",,S",5.0,9.444444444444445,0.0,Sanandaj
IRM00040821,"YAZD SHAHID SADOOGHI, IR",2025-01-30,0.0,",,S",,,40,"H,,S",49.0,",,S",,,4.444444444444445,9.444444444444445,,Sanandaj
IRM00040831,"ABADAN, IR",2025-01-30,0.0,",,S",,,57,"H,,S",71.0,",,S",44.0,",,S",13.88888888888889,21.666666666666668,6.666666666666667,Sanandaj
IRM00040809,"BIRJAND, IR",2025-01-30,0.0,",,S",,,35,"H,,S",54.0,",,S",16.0,",,S",1.6666666666666667,12.222222222222221,-8.88888888888889,Sanandaj
IR000040745,"MASHHAD, IR",2025-01-30,0.0,",,S",,,34,"H,,S",43.0,",,S",25.0,",,S",1.1111111111111112,6.111111111111111,-3.888888888888889,Sanandaj
IRM00040811,"AHWAZ, IR",2025-01-30,0.0,",,S",,,59,"H,,S",71.0,",,S",,,15.0,21.666666666666668,,Sanandaj
IRM00040769,"ARAK, IR",2025-01-30,0.0,",,S",0.4,",,S",35,"H,,S",,,,,1.6666666666666667,,,Sanandaj
IRM00040738,"GORGAN, IR",2025-01-31,0.0,",,S",,,42,"H,,S",,,28.0,",,S",5.555555555555555,,-2.2222222222222223,Sanandaj
IRM00040731,"GHAZVIN, IR",2025-01-31,0.0,",,S",,,37,"H,,S",51.0,",,S",23.0,",,S",2.7777777777777777,10.555555555555555,-5.0,Sanandaj
IRM00040769,"ARAK, IR",2025-01-31,0.0,",,S",,,34,"H,,S",48.0,",,S",23.0,",,S",1.1111111111111112,8.88888888888889,-5.0,Sanandaj
IR000407540,"TEHRAN MEHRABAD, IR",2025-01-31,0.0,",,S",,,43,"H,,S",,,33.0,",,S",6.111111111111111,,0.5555555555555556,Sanandaj
IR000040841,"KERMAN, IR",2025-01-31,0.0,",,S",,,35,"H,,S",47.0,",,S",,,1.6666666666666667,8.333333333333334,,Sanandaj
IR000040848,"SHIRAZ, IR",2025-01-31,0.07,",,S",,,43,"H,,S",54.0,",,S",,,6.111111111111111,12.222222222222221,,Sanandaj
IRM00040811,"AHWAZ, IR",2025-01-31,0.0,",,S",,,59,"H,,S",76.0,",,S",45.0,",,S",15.0,24.444444444444443,7.222222222222222,Sanandaj
IRM00040712,"UROMIYEH, IR",2025-01-31,0.0,",,S",,,31,"H,,S",45.0,",,S",19.0,",,S",-0.5555555555555556,7.222222222222222,-7.222222222222222,Sanandaj
IRM00040785,"KASHAN, IR",2025-01-31,0.0,",,S",,,43,"H,,S",57.0,",,S",29.0,",,S",6.111111111111111,13.88888888888889,-1.6666666666666667,Sanandaj
IRM00040800,"ESFAHAN SHAHID BEHESHTI INTERNATIONAL, IR",2025-01-31,0.0,",,S",,,34,"H,,S",56.0,",,S",,,1.1111111111111112,13.333333333333334,,Sanandaj
IR000407660,"KERMANSHAH, IR",2025-01-31,0.0,",,S",,,38,"H,,S",54.0,",,S",24.0,",,S",3.3333333333333335,12.222222222222221,-4.444444444444445,Sanandaj
IR000040745,"MASHHAD, IR",2025-01-31,0.0,",,S",,,36,"H,,S",49.0,",,S",,,2.2222222222222223,9.444444444444445,,Sanandaj
IRM00040729,"ZANJAN, IR",2025-01-31,0.0,",,S",,,35,"H,,S",51.0,",,S",,,1.6666666666666667,10.555555555555555,,Sanandaj
IRM00040858,"BUSHEHR, IR",2025-01-31,0.0,",,S",,,60,"H,,S",68.0,",,S",48.0,",,S",15.555555555555555,20.0,8.88888888888889,Sanandaj
IRM00040798,"SHAHRE KORD, IR",2025-01-31,0.0,",,S",,,30,"H,,S",47.0,",,S",,,-1.1111111111111112,8.333333333333334,,Sanandaj
IRM00040827,"NEHBANDAN, IR",2025-01-31,0.0,",,S",,,43,"H,,S",59.0,",,S",28.0,",,S",6.111111111111111,15.0,-2.2222222222222223,Sanandaj
IRM00040821,"YAZD SHAHID SADOOGHI, IR",2025-01-31,0.0,",,S",,,41,"H,,S",,,30.0,",,S",5.0,,-1.1111111111111112,Sanandaj
IRM00040879,"IRAN SHAHR, IR",2025-01-31,0.0,",,S",,,56,"H,,S",67.0,",,S",40.0,",,S",13.333333333333334,19.444444444444443,4.444444444444445,Sanandaj
IRM00040831,"ABADAN, IR",2025-01-31,0.0,",,S",,,57,"H,,S",74.0,",,S",44.0,",,S",13.88888888888889,23.333333333333332,6.666666666666667,Sanandaj
IRM00040875,"BANDAR ABBASS INTERNATIONAL, IR",2025-01-31,0.0,",,S",,,65,"H,,S",77.0,",,S",53.0,",,S",18.333333333333332,25.0,11.666666666666666,Sanandaj
IRM00040747,"SANANDAJ, IR",2025-01-31,0.0,",,S",,,35,"H,,S",52.0,",,S",17.0,",,S",1.6666666666666667,11.11111111111111,-8.333333333333334,Sanandaj
IR000040706,"TABRIZ, IR",2025-01-31,0.0,",,S",,,32,"H,,S",,,,,0.0,,,Sanandaj
IR000408560,"ZAHEDAN, IR",2025-01-31,0.0,",,S",,,38,"H,,S",48.0,",,S",,,3.3333333333333335,8.88888888888889,,Sanandaj
IRM00040723,"BOJNORD, IR",2025-01-31,0.0,",,S",,,33,"H,,S",49.0,",,S",19.0,",,S",0.5555555555555556,9.444444444444445,-7.222222222222222,Sanandaj
IRM00040809,"BIRJAND, IR",2025-01-31,0.0,",,S",,,36,"H,,S",56.0,",,S",18.0,",,S",2.2222222222222223,13.333333333333334,-7.777777777777778,Sanandaj
IR000040706,"TABRIZ, IR",2025-02-01,0.0,",,S",,,34,"H,,S",,,,,1.1111111111111112,,,Sanandaj
IRM00040811,"AHWAZ, IR",2025-02-01,0.0,",,S",,,58,"H,,S",,,,,14.444444444444445,,,Sanandaj
IRM00040769,"ARAK, IR",2025-02-01,0.0,",,S",,,39,"H,,S",,,,,3.888888888888889,,,Sanandaj
IR000407660,"KERMANSHAH, IR",2025-02-01,0.0,",,S",,,39,"H,,S",,,,,3.888888888888889,,,Sanandaj
IR000408560,"ZAHEDAN, IR",2025-02-01,0.0,",,S",,,40,"H,,S",,,,,4.444444444444445,,,Sanandaj
IRM00040879,"IRAN SHAHR, IR",2025-02-01,0.0,",,S",,,56,"H,,S",,,,,13.333333333333334,,,Sanandaj
IRM00040729,"ZANJAN, IR",2025-02-01,0.0,",,S",,,39,"H,,S",,,,,3.888888888888889,,,Sanandaj
IR000040745,"MASHHAD, IR",2025-02-01,0.0,",,S",,,37,"H,,S",,,,,2.7777777777777777,,,Sanandaj
IRM00040875,"BANDAR ABBASS INTERNATIONAL, IR",2025-02-01,0.0,",,S",,,64,"H,,S",,,,,17.77777777777778,,,Sanandaj
IRM00040858,"BUSHEHR, IR",2025-02-01,0.0,",,S",,,59,"H,,S",,,,,15.0,,,Sanandaj
IRM00040821,"YAZD SHAHID SADOOGHI, IR",2025-02-01,0.0,",,S",,,44,"H,,S",,,,,6.666666666666667,,,Sanandaj
IRM00040809,"BIRJAND, IR",2025-02-01,0.0,",,S",,,37,"H,,S",,,,,2.7777777777777777,,,Sanandaj
IR000040848,"SHIRAZ, IR",2025-02-01,0.0,",,S",,,43,"H,,S",,,,,6.111111111111111,,,Sanandaj
IRM00040712,"UROMIYEH, IR",2025-02-01,0.0,",,S",,,34,"H,,S",,,,,1.1111111111111112,,,Sanandaj
IR000040841,"KERMAN, IR",2025-02-01,0.0,",,S",,,36,"H,,S",,,,,2.2222222222222223,,,Sanandaj
IRM00040798,"SHAHRE KORD, IR",2025-02-01,0.0,",,S",,,33,"H,,S",,,,,0.5555555555555556,,,Sanandaj
IRM00040731,"GHAZVIN, IR",2025-02-01,0.0,",,S",,,38,"H,,S",,,,,3.3333333333333335,,,Sanandaj
IRM00040831,"ABADAN, IR",2025-02-01,0.0,",,S",,,56,"H,,S",,,,,13.333333333333334,,,Sanandaj
IRM00040738,"GORGAN, IR",2025-02-01,0.0,",,S",,,46,"H,,S",,,,,7.777777777777778,,,Sanandaj
IRM00040800,"ESFAHAN SHAHID BEHESHTI INTERNATIONAL, IR",2025-02-01,0.0,",,S",,,33,"H,,S",,,,,0.5555555555555556,,,Sanandaj
IR000407540,"TEHRAN MEHRABAD, IR",2025-02-01,0.0,",,S",,,42,"H,,S",,,,,5.555555555555555,,,Sanandaj
IRM00040747,"SANANDAJ, IR",2025-02-01,0.0,",,S",,,36,"H,,S",,,,,2.2222222222222223,,,Sanandaj
IRM00040723,"BOJNORD, IR",2025-02-01,,,,,35,"H,,S",,,,,1.6666666666666667,,,Sanandaj
IRM00040729,"ZANJAN, IR",2025-02-02,0.0,",,S",,,35,"H,,S",,,,,1.6666666666666667,,,Sanandaj
IR000040745,"MASHHAD, IR",2025-02-02,0.0,",,S",,,37,"H,,S",,,,,2.7777777777777777,,,Sanandaj
IRM00040821,"YAZD SHAHID SADOOGHI, IR",2025-02-02,0.0,",,S",,,43,"H,,S",,,,,6.111111111111111,,,Sanandaj
IR000040706,"TABRIZ, IR",2025-02-02,0.0,",,S",,,34,"H,,S",,,,,1.1111111111111112,,,Sanandaj
IRM00040800,"ESFAHAN SHAHID BEHESHTI INTERNATIONAL, IR",2025-02-02,0.0,",,S",,,36,"H,,S",,,,,2.2222222222222223,,,Sanandaj
IRM00040738,"GORGAN, IR",2025-02-02,0.0,",,S",,,46,"H,,S",,,,,7.777777777777778,,,Sanandaj
IRM00040723,"BOJNORD, IR",2025-02-02,0.0,",,S",,,33,"H,,S",,,,,0.5555555555555556,,,Sanandaj
IRM00040858,"BUSHEHR, IR",2025-02-02,0.0,",,S",,,59,"H,,S",,,,,15.0,,,Sanandaj
IRM00040831,"ABADAN, IR",2025-02-02,0.0,",,S",,,56,"H,,S",,,,,13.333333333333334,,,Sanandaj
IRM00040809,"BIRJAND, IR",2025-02-02,0.0,",,S",,,39,"H,,S",,,,,3.888888888888889,,,Sanandaj
IRM00040875,"BANDAR ABBASS INTERNATIONAL, IR",2025-02-02,0.14,",,S",,,58,"H,,S",,,,,14.444444444444445,,,Sanandaj
IR000040841,"KERMAN, IR",2025-02-02,0.0,",,S",,,35,"H,,S",,,,,1.6666666666666667,,,Sanandaj
IR000407540,"TEHRAN MEHRABAD, IR",2025-02-02,0.0,",,S",,,44,"H,,S",,,,,6.666666666666667,,,Sanandaj
IR000408560,"ZAHEDAN, IR",2025-02-02,0.0,",,S",,,40,"H,,S",,,,,4.444444444444445,,,Sanandaj
IRM00040712,"UROMIYEH, IR",2025-02-02,0.0,",,S",,,33,"H,,S",,,,,0.5555555555555556,,,Sanandaj
IRM00040769,"ARAK, IR",2025-02-02,0.0,",,S",,,36,"H,,S",,,,,2.2222222222222223,,,Sanandaj
IRM00040747,"SANANDAJ, IR",2025-02-02,0.0,",,S",,,35,"H,,S",,,,,1.6666666666666667,,,Sanandaj
IR000407660,"KERMANSHAH, IR",2025-02-02,0.0,",,S",,,38,"H,,S",,,,,3.3333333333333335,,,Sanandaj
IRM00040731,"GHAZVIN, IR",2025-02-02,0.0,",,S",,,37,"H,,S",,,,,2.7777777777777777,,,Sanandaj
IR000040848,"SHIRAZ, IR",2025-02-02,0.0,",,S",,,43,"H,,S",,,,,6.111111111111111,,,Sanandaj
IRM00040811,"AHWAZ, IR",2025-02-02,0.0,",,S",,,59,"H,,S",,,,,15.0,,,Sanandaj
IRM00040798,"SHAHRE KORD, IR",2025-02-02,0.0,",,S",,,32,"H,,S",,,,,0.0,,,Sanandaj
IRM00040879,"IRAN SHAHR, IR",2025-02-02,0.0,",,S",,,61,"H,,S",,,,,16.11111111111111,,,Sanandaj
IRM00040858,"BUSHEHR, IR",2025-02-03,0.0,",,S",,,59,"H,,S",67.0,",,S",48.0,",,S",15.0,19.444444444444443,8.88888888888889,Sanandaj
IRM00040712,"UROMIYEH, IR",2025-02-03,0.0,",,S",,,33,"H,,S",47.0,",,S",23.0,",,S",0.5555555555555556,8.333333333333334,-5.0,Sanandaj
IRM00040879,"IRAN SHAHR, IR",2025-02-03,0.0,",,S",,,57,"H,,S",68.0,",,S",47.0,",,S",13.88888888888889,20.0,8.333333333333334,Sanandaj
IR000407540,"TEHRAN MEHRABAD, IR",2025-02-03,0.0,",,S",,,45,"H,,S",,,,,7.222222222222222,,,Sanandaj
IRM00040875,"BANDAR ABBASS INTERNATIONAL, IR",2025-02-03,0.0,",,S",,,61,"H,,S",72.0,",,S",47.0,",,S",16.11111111111111,22.22222222222222,8.333333333333334,Sanandaj
IR000040745,"MASHHAD, IR",2025-02-03,0.0,",,S",,,36,"H,,S",47.0,",,S",26.0,",,S",2.2222222222222223,8.333333333333334,-3.3333333333333335,Sanandaj
IRM00040731,"GHAZVIN, IR",2025-02-03,0.0,",,S",,,37,"H,,S",54.0,",,S",24.0,",,S",2.7777777777777777,12.222222222222221,-4.444444444444445,Sanandaj
IRM00040798,"SHAHRE KORD, IR",2025-02-03,0.0,",,S",,,31,"H,,S",,,12.0,",,S",-0.5555555555555556,,-11.11111111111111,Sanandaj
IR000040841,"KERMAN, IR",2025-02-03,0.0,",,S",,,35,"H,,S",,,20.0,",,S",1.6666666666666667,,-6.666666666666667,Sanandaj
IR000408560,"ZAHEDAN, IR",2025-02-03,0.0,",,S",,,43,"H,,S",57.0,",,S",28.0,",,S",6.111111111111111,13.88888888888889,-2.2222222222222223,Sanandaj
IRM00040738,"GORGAN, IR",2025-02-03,0.0,",,S",,,42,"H,,S",57.0,",,S",29.0,",,S",5.555555555555555,13.88888888888889,-1.6666666666666667,Sanandaj
IRM00040723,"BOJNORD, IR",2025-02-03,0.0,",,S",,,29,"H,,S",,,20.0,",,S",-1.6666666666666667,,-6.666666666666667,Sanandaj
IRM00040769,"ARAK, IR",2025-02-03,0.0,",,S",,,35,"H,,S",51.0,",,S",,,1.6666666666666667,10.555555555555555,,Sanandaj
IRM00040827,"NEHBANDAN, IR",2025-02-03,0.0,",,S",,,43,"H,,S",57.0,",,S",29.0,",,S",6.111111111111111,13.88888888888889,-1.6666666666666667,Sanandaj
IRM00040729,"ZANJAN, IR",2025-02-03,0.0,",,S",,,36,"H,,S",48.0,",,S",19.0,",,S",2.2222222222222223,8.88888888888889,-7.222222222222222,Sanandaj
IRM00040809,"BIRJAND, IR",2025-02-03,0.0,",,S",,,36,"H,,S",,,20.0,",,S",2.2222222222222223,,-6.666666666666667,Sanandaj
IR000040848,"SHIRAZ, IR",2025-02-03,0.0,",,S",,,44,"H,,S",55.0,",,S",,,6.666666666666667,12.777777777777779,,Sanandaj
IRM00040821,"YAZD SHAHID SADOOGHI, IR",2025-02-03,0.0,",,S",,,42,"H,,S",56.0,",,S",29.0,",,S",5.555555555555555,13.333333333333334,-1.6666666666666667,Sanandaj
IRM00040811,"AHWAZ, IR",2025-02-03,0.0,",,S",,,58,"H,,S",72.0,",,S",,,14.444444444444445,22.22222222222222,,Sanandaj
IR000040706,"TABRIZ, IR",2025-02-03,0.0,",,S",,,34,"H,,S",47.0,",,S",,,1.1111111111111112,8.333333333333334,,Sanandaj
IR000407660,"KERMANSHAH, IR",2025-02-03,0.0,",,S",,,40,"H,,S",56.0,",,S",21.0,",,S",4.444444444444445,13.333333333333334,-6.111111111111111,Sanandaj
IRM00040785,"KASHAN, IR",2025-02-03,0.0,",,S",,,45,"H,,S",62.0,",,S",29.0,",,S",7.222222222222222,16.666666666666668,-1.6666666666666667,Sanandaj
IRM00040800,"ESFAHAN SHAHID BEHESHTI INTERNATIONAL, IR",2025-02-03,0.0,",,S",,,34,"H,,S",57.0,",,S",,,1.1111111111111112,13.88888888888889,,Sanandaj
IRM00040831,"ABADAN, IR",2025-02-03,0.0,",,S",,,56,"H,,S",70.0,",,S",42.0,",,S",13.333333333333334,21.11111111111111,5.555555555555555,Sanandaj
IRM00040747,"SANANDAJ, IR",2025-02-03,0.0,",,S",,,36,"H,,S",,,19.0,",,S",2.2222222222222223,,-7.222222222222222,Sanandaj
IRM00040858,"BUSHEHR, IR",2025-02-04,0.0,",,S",,,58,"H,,S",68.0,",,S",44.0,",,S",14.444444444444445,20.0,6.666666666666667,Sanandaj
IRM00040738,"GORGAN, IR",2025-02-04,0.0,",,S",,,43,"H,,S",60.0,",,S",29.0,",,S",6.111111111111111,15.555555555555555,-1.6666666666666667,Sanandaj
IR000407540,"TEHRAN MEHRABAD, IR",2025-02-04,0.0,",,S",,,46,"H,,S",,,,,7.777777777777778,,,Sanandaj
IR000408560,"ZAHEDAN, IR",2025-02-04,0.0,",,S",,,43,"H,,S",61.0,",,S",,,6.111111111111111,16.11111111111111,,Sanandaj
IRM00040875,"BANDAR ABBASS INTERNATIONAL, IR",2025-02-04,0.0,",,S",,,65,"H,,S",76.0,",,S",50.0,",,S",18.333333333333332,24.444444444444443,10.0,Sanandaj
IRM00040731,"GHAZVIN, IR",2025-02-04,0.0,",,S",,,39,"H,,S",54.0,",,S",,,3.888888888888889,12.222222222222221,,Sanandaj
IRM00040811,"AHWAZ, IR",2025-02-04,0.0,",,S",,,56,"H,,S",,,42.0,",,S",13.333333333333334,,5.555555555555555,Sanandaj
IRM00040729,"ZANJAN, IR",2025-02-04,0.0,",,S",,,36,"H,,S",50.0,",,S",21.0,",,S",2.2222222222222223,10.0,-6.111111111111111,Sanandaj
IRM00040785,"KASHAN, IR",2025-02-04,0.0,",,S",,,46,"H,,S",62.0,",,S",31.0,",,S",7.777777777777778,16.666666666666668,-0.5555555555555556,Sanandaj
IR000040848,"SHIRAZ, IR",2025-02-04,0.0,",,S",,,46,"H,,S",61.0,",,S",29.0,",,S",7.777777777777778,16.11111111111111,-1.6666666666666667,Sanandaj
IRM00040712,"UROMIYEH, IR",2025-02-04,0.0,",,S",,,34,"H,,S",49.0,",,S",21.0,",,S",1.1111111111111112,9.444444444444445,-6.111111111111111,Sanandaj
IRM00040798,"SHAHRE KORD, IR",2025-02-04,0.0,",,S",,,34,"H,,S",54.0,",,S",15.0,",,S",1.1111111111111112,12.222222222222221,-9.444444444444445,Sanandaj
IRM00040831,"ABADAN, IR",2025-02-04,0.0,",,S",,,60,"H,,S",,,43.0,",,S",15.555555555555555,,6.111111111111111,Sanandaj
IR000040841,"KERMAN, IR",2025-02-04,0.0,",,S",,,39,"H,,S",58.0,",,S",19.0,",,S",3.888888888888889,14.444444444444445,-7.222222222222222,Sanandaj
IRM00040769,"ARAK, IR",2025-02-04,0.0,",,S",,,37,"H,,S",54.0,",,S",,,2.7777777777777777,12.222222222222221,,Sanandaj
IRM00040809,"BIRJAND, IR",2025-02-04,0.0,",,S",,,35,"H,,S",53.0,",,S",18.0,",,S",1.6666666666666667,11.666666666666666,-7.777777777777778,Sanandaj
IRM00040827,"NEHBANDAN, IR",2025-02-04,0.0,",,S",,,43,"H,,S",57.0,",,S",28.0,",,S",6.111111111111111,13.88888888888889,-2.2222222222222223,Sanandaj
IRM00040800,"ESFAHAN SHAHID BEHESHTI INTERNATIONAL, IR",2025-02-04,0.0,",,S",,,35,"H,,S",57.0,",,S",,,1.6666666666666667,13.88888888888889,,Sanandaj
IRM00040747,"SANANDAJ, IR",2025-02-04,0.0,",,S",,,37,"H,,S",56.0,",,S",19.0,",,S",2.7777777777777777,13.333333333333334,-7.222222222222222,Sanandaj
IR000040706,"TABRIZ, IR",2025-02-04,0.0,",,S",,,35,"H,,S",47.0,",,S",24.0,",,S",1.6666666666666667,8.333333333333334,-4.444444444444445,Sanandaj
IR000407660,"KERMANSHAH, IR",2025-02-04,0.0,",,S",,,42,"H,,S",57.0,",,S",25.0,",,S",5.555555555555555,13.88888888888889,-3.888888888888889,Sanandaj
IRM00040821,"YAZD SHAHID SADOOGHI, IR",2025-02-04,0.0,",,S",,,47,"H,,S",62.0,",,S",35.0,",,S",8.333333333333334,16.666666666666668,1.6666666666666667,Sanandaj
IRM00040879,"IRAN SHAHR, IR",2025-02-04,0.0,",,S",,,58,"H,,S",71.0,",,S",42.0,",,S",14.444444444444445,21.666666666666668,5.555555555555555,Sanandaj
IRM00040723,"BOJNORD, IR",2025-02-04,0.0,",,S",,,32,"H,,S",51.0,",,S",15.0,",,S",0.0,10.555555555555555,-9.444444444444445,Sanandaj
IR000040745,"MASHHAD, IR",2025-02-04,0.0,",,S",,,39,"H,,S",53.0,",,S",,,3.888888888888889,11.666666666666666,,Sanandaj
IRM00040747,"SANANDAJ, IR",2025-02-05,0.0,",,S",,,41,"H,,S",55.0,",,S",24.0,",,S",5.0,12.777777777777779,-4.444444444444445,Sanandaj
IRM00040798,"SHAHRE KORD, IR",2025-02-05,0.0,",,S",,,39,"H,,S",56.0,",,S",15.0,",,S",3.888888888888889,13.333333333333334,-9.444444444444445,Sanandaj
IRM00040738,"GORGAN, IR",2025-02-05,0.0,",,S",,,43,"H,,S",59.0,",,S",,,6.111111111111111,15.0,,Sanandaj
IR000408560,"ZAHEDAN, IR",2025-02-05,0.0,",,S",,,47,"H,,S",63.0,",,S",29.0,",,S",8.333333333333334,17.22222222222222,-1.6666666666666667,Sanandaj
IRM00040800,"ESFAHAN SHAHID BEHESHTI INTERNATIONAL, IR",2025-02-05,0.0,",,S",,,40,"H,,S",60.0,",,S",,,4.444444444444445,15.555555555555555,,Sanandaj
IRM00040785,"KASHAN, IR",2025-02-05,0.0,",,S",,,50,"H,,S",63.0,",,S",33.0,",,S",10.0,17.22222222222222,0.5555555555555556,Sanandaj
IRM00040723,"BOJNORD, IR",2025-02-05,0.0,",,S",,,36,"H,,S",54.0,",,S",18.0,",,S",2.2222222222222223,12.222222222222221,-7.777777777777778,Sanandaj
IR000040841,"KERMAN, IR",2025-02-05,0.0,",,S",,,44,"H,,S",,,24.0,",,S",6.666666666666667,,-4.444444444444445,Sanandaj
IRM00040809,"BIRJAND, IR",2025-02-05,0.0,",,S",,,42,"H,,S",59.0,",,S",22.0,",,S",5.555555555555555,15.0,-5.555555555555555,Sanandaj
IR000407540,"TEHRAN MEHRABAD, IR",2025-02-05,0.0,",,S",,,48,"H,,S",54.0,",,S",39.0,",,S",8.88888888888889,12.222222222222221,3.888888888888889,Sanandaj
IRM00040821,"YAZD SHAHID SADOOGHI, IR",2025-02-05,0.0,",,S",,,51,"H,,S",67.0,",,S",35.0,",,S",10.555555555555555,19.444444444444443,1.6666666666666667,Sanandaj
IR000040745,"MASHHAD, IR",2025-02-05,0.0,",,S",,,43,"H,,S",56.0,",,S",,,6.111111111111111,13.333333333333334,,Sanandaj
IR000040706,"TABRIZ, IR",2025-02-05,0.01,",,S",,,38,"H,,S",49.0,",,S",,,3.3333333333333335,9.444444444444445,,Sanandaj
IRM00040831,"ABADAN, IR",2025-02-05,0.0,",,S",,,64,"H,,S",72.0,",,S",55.0,",,S",17.77777777777778,22.22222222222222,12.777777777777779,Sanandaj
IRM00040712,"UROMIYEH, IR",2025-02-05,0.06,",,S",,,34,"H,,S",46.0,",,S",,,1.1111111111111112,7.777777777777778,,Sanandaj
IR000407660,"KERMANSHAH, IR",2025-02-05,0.0,",,S",,,49,"H,,S",61.0,",,S",31.0,",,S",9.444444444444445,16.11111111111111,-0.5555555555555556,Sanandaj
IRM00040811,"AHWAZ, IR",2025-02-05,0.0,",,S",,,62,"H,,S",76.0,",,S",46.0,",,S",16.666666666666668,24.444444444444443,7.777777777777778,Sanandaj
IR000040848,"SHIRAZ, IR",2025-02-05,0.0,",,S",,,47,"H,,S",65.0,",,S",28.0,",,S",8.333333333333334,18.333333333333332,-2.2222222222222223,Sanandaj
IRM00040858,"BUSHEHR, IR",2025-02-05,0.0,",,S",,,64,"H,,S",,,50.0,",,S",17.77777777777778,,10.0,Sanandaj
IRM00040827,"NEHBANDAN, IR",2025-02-05,0.0,",,S",,,45,"H,,S",60.0,",,S",27.0,",,S",7.222222222222222,15.555555555555555,-2.7777777777777777,Sanandaj
IRM00040729,"ZANJAN, IR",2025-02-05,0.0,",,S",,,38,"H,,S",47.0,",,S",21.0,",,S",3.3333333333333335,8.333333333333334,-6.111111111111111,Sanandaj
IRM00040731,"GHAZVIN, IR",2025-02-05,0.0,",,S",,,42,"H,,S",52.0,",,S",28.0,",,S",5.555555555555555,11.11111111111111,-2.2222222222222223,Sanandaj
IRM00040769,"ARAK, IR",2025-02-05,0.0,",,S",,,41,"H,,S",56.0,",,S",28.0,",,S",5.0,13.333333333333334,-2.2222222222222223,Sanandaj
IRM00040875,"BANDAR ABBASS INTERNATIONAL, IR",2025-02-05,0.0,",,S",,,64,"H,,S",74.0,",,S",50.0,",,S",17.77777777777778,23.333333333333332,10.0,Sanandaj
IRM00040879,"IRAN SHAHR, IR",2025-02-05,0.0,",,S",,,61,"H,,S",74.0,",,S",44.0,",,S",16.11111111111111,23.333333333333332,6.666666666666667,Sanandaj
IRM00040769,"ARAK, IR",2025-02-06,0.18,",,S",,,38,"H,,S",50.0,",,S",,,3.3333333333333335,10.0,,Sanandaj
IR000040706,"TABRIZ, IR",2025-02-06,0.0,",,S",,,37,"H,,S",44.0,",,S",,,2.7777777777777777,6.666666666666667,,Sanandaj
IR000040745,"MASHHAD, IR",2025-02-06,0.0,",,S",,,45,"H,,S",57.0,",,S",,,7.222222222222222,13.88888888888889,,Sanandaj
IRM00040875,"BANDAR ABBASS INTERNATIONAL, IR",2025-02-06,0.0,",,S",,,68,"H,,S",76.0,",,S",56.0,",,S",20.0,24.444444444444443,13.333333333333334,Sanandaj
IRM00040821,"YAZD SHAHID SADOOGHI, IR",2025-02-06,0.0,",,S",,,55,"H,,S",66.0,",,S",40.0,",,S",12.777777777777779,18.88888888888889,4.444444444444445,Sanandaj
IR000040841,"KERMAN, IR",2025-02-06,0.0,",,S",,,47,"H,,S",62.0,",,S",32.0,",,S",8.333333333333334,16.666666666666668,0.0,Sanandaj
IRM00040811,"AHWAZ, IR",2025-02-06,0.09,",,S",,,65,"H,,S",,,55.0,",,S",18.333333333333332,,12.777777777777779,Sanandaj
IR000408560,"ZAHEDAN, IR",2025-02-06,0.0,",,S",,,49,"H,,S",60.0,",,S",31.0,",,S",9.444444444444445,15.555555555555555,-0.5555555555555556,Sanandaj
IRM00040809,"BIRJAND, IR",2025-02-06,0.0,",,S",,,49,"H,,S",60.0,",,S",36.0,",,S",9.444444444444445,15.555555555555555,2.2222222222222223,Sanandaj
IRM00040831,"ABADAN, IR",2025-02-06,0.23,",,S",,,65,"H,,S",74.0,",,S",,,18.333333333333332,23.333333333333332,,Sanandaj
IRM00040798,"SHAHRE KORD, IR",2025-02-06,0.01,",,S",,,37,"H,,S",45.0,",,S",31.0,",,S",2.7777777777777777,7.222222222222222,-0.5555555555555556,Sanandaj
IR000407540,"TEHRAN MEHRABAD, IR",2025-02-06,0.07,",,S",,,49,"H,,S",56.0,",,S",,,9.444444444444445,13.333333333333334,,Sanandaj
IRM00040800,"ESFAHAN SHAHID BEHESHTI INTERNATIONAL, IR",2025-02-06,0.0,",,S",,,42,"H,,S",57.0,",,S",29.0,",,S",5.555555555555555,13.88888888888889,-1.6666666666666667,Sanandaj
IRM00040785,"KASHAN, IR",2025-02-06,0.0,",,S",,,48,"H,,S",62.0,",,S",34.0,",,S",8.88888888888889,16.666666666666668,1.1111111111111112,Sanandaj
IRM00040738,"GORGAN, IR",2025-02-06,0.02,",,S",,,47,"H,,S",56.0,",,S",34.0,",,S",8.333333333333334,13.333333333333334,1.1111111111111112,Sanandaj
IRM00040723,"BOJNORD, IR",2025-02-06,0.0,",,S",,,40,"H,,S",55.0,",,S",,,4.444444444444445,12.777777777777779,,Sanandaj
IR000407660,"KERMANSHAH, IR",2025-02-06,0.65,",,S",,,42,"H,,S",54.0,",,S",,,5.555555555555555,12.222222222222221,,Sanandaj
IRM00040747,"SANANDAJ, IR",2025-02-06,0.24,",,S",,,41,"H,,S",53.0,",,S",,,5.0,11.666666666666666,,Sanandaj
IRM00040731,"GHAZVIN, IR",2025-02-06,0.21,",,S",,,40,"H,,S",50.0,",,S",,,4.444444444444445,10.0,,Sanandaj
IRM00040879,"IRAN SHAHR, IR",2025-02-06,0.0,",,S",,,65,"H,,S",79.0,",,S",,,18.333333333333332,26.11111111111111,,Sanandaj
IRM00040729,"ZANJAN, IR",2025-02-06,0.06,",,S",,,37,"H,,S",45.0,",,S",,,2.7777777777777777,7.222222222222222,,Sanandaj
IR000040848,"SHIRAZ, IR",2025-02-06,0.0,",,S",,,49,"H,,S",56.0,",,S",40.0,",,S",9.444444444444445,13.333333333333334,4.444444444444445,Sanandaj
IRM00040712,"UROMIYEH, IR",2025-02-06,1.49,",,S",3.9,",,S",32,"H,,S",,,,,0.0,,,Sanandaj
IRM00040827,"NEHBANDAN, IR",2025-02-06,0.0,",,S",,,48,"H,,S",58.0,",,S",33.0,",,S",8.88888888888889,14.444444444444445,0.5555555555555556,Sanandaj
IRM00040858,"BUSHEHR, IR",2025-02-06,0.01,",,S",,,70,"H,,S",,,64.0,",,S",21.11111111111111,,17.77777777777778,Sanandaj
IR000407660,"KERMANSHAH, IR",2025-02-07,0.21,",,S",0.8,",,S",37,"H,,S",45.0,",,S",29.0,",,S",2.7777777777777777,7.222222222222222,-1.6666666666666667,Sanandaj
IRM00040798,"SHAHRE KORD, IR",2025-02-07,0.09,",,S",,,37,"H,,S",44.0,",,S",33.0,",,S",2.7777777777777777,6.666666666666667,0.5555555555555556,Sanandaj
IRM00040785,"KASHAN, IR",2025-02-07,0.26,",,S",,,43,"H,,S",53.0,",,S",,,6.111111111111111,11.666666666666666,,Sanandaj
IRM00040811,"AHWAZ, IR",2025-02-07,0.0,",,S",,,59,"H,,S",67.0,",,S",,,15.0,19.444444444444443,,Sanandaj
IRM00040731,"GHAZVIN, IR",2025-02-07,0.29,",,S",1.2,",,S",34,"H,,S",39.0,",,S",,,1.1111111111111112,3.888888888888889,,Sanandaj
IRM00040875,"BANDAR ABBASS INTERNATIONAL, IR",2025-02-07,0.01,",,S",,,70,"H,,S",,,58.0,",,S",21.11111111111111,,14.444444444444445,Sanandaj
IRM00040831,"ABADAN, IR",2025-02-07,0.0,",,S",,,59,"H,,S",,,,,15.0,,,Sanandaj
IRM00040738,"GORGAN, IR",2025-02-07,0.0,",,S",,,47,"H,,S",52.0,",,S",,,8.333333333333334,11.11111111111111,,Sanandaj
IRM00040879,"IRAN SHAHR, IR",2025-02-07,0.0,",,S",,,67,"H,,S",78.0,",,S",52.0,",,S",19.444444444444443,25.555555555555557,11.11111111111111,Sanandaj
IR000040848,"SHIRAZ, IR",2025-02-07,0.06,",,S",,,51,"H,,S",62.0,",,S",,,10.555555555555555,16.666666666666668,,Sanandaj
IR000408560,"ZAHEDAN, IR",2025-02-07,0.0,",,S",,,58,"H,,S",63.0,",,S",49.0,",,S",14.444444444444445,17.22222222222222,9.444444444444445,Sanandaj
IRM00040729,"ZANJAN, IR",2025-02-07,0.02,",,S",0.8,",,S",31,"H,,S",36.0,",,S",,,-0.5555555555555556,2.2222222222222223,,Sanandaj
IRM00040712,"UROMIYEH, IR",2025-02-07,0.51,",,S",14.2,",,S",31,"H,,S",,,28.0,",,S",-0.5555555555555556,,-2.2222222222222223,Sanandaj
IRM00040858,"BUSHEHR, IR",2025-02-07,0.0,",,S",,,64,"H,,S",72.0,",,S",,,17.77777777777778,22.22222222222222,,Sanandaj
IRM00040809,"BIRJAND, IR",2025-02-07,0.06,",,S",,,52,"H,,S",,,43.0,",,S",11.11111111111111,,6.111111111111111,Sanandaj
IRM00040769,"ARAK, IR",2025-02-07,0.48,",,S",2.4,",,S",34,"H,,S",42.0,",,S",,,1.1111111111111112,5.555555555555555,,Sanandaj
IR000407540,"TEHRAN MEHRABAD, IR",2025-02-07,0.2,",,S",,,38,"H,,S",52.0,",,S",,,3.3333333333333335,11.11111111111111,,Sanandaj
IRM00040821,"YAZD SHAHID SADOOGHI, IR",2025-02-07,0.03,",,S",,,54,"H,,S",68.0,",,S",,,12.222222222222221,20.0,,Sanandaj
IRM00040800,"ESFAHAN SHAHID BEHESHTI INTERNATIONAL, IR",2025-02-07,0.0,",,S",,,44,"H,,S",57.0,",,S",,,6.666666666666667,13.88888888888889,,Sanandaj
IRM00040827,"NEHBANDAN, IR",2025-02-07,0.0,",,S",,,59,"H,,S",67.0,",,S",44.0,",,S",15.0,19.444444444444443,6.666666666666667,Sanandaj
IR000040706,"TABRIZ, IR",2025-02-07,0.0,",,S",,,31,"H,,S",36.0,",,S",,,-0.5555555555555556,2.2222222222222223,,Sanandaj
IRM00040747,"SANANDAJ, IR",2025-02-07,0.01,",,S",,,35,"H,,S",39.0,",,S",,,1.6666666666666667,3.888888888888889,,Sanandaj
IRM00040723,"BOJNORD, IR",2025-02-07,0.03,",,S",,,37,"H,,S",48.0,",,S",,,2.7777777777777777,8.88888888888889,,Sanandaj
IR000040745,"MASHHAD, IR",2025-02-07,0.0,",,S",,,47,"H,,S",62.0,",,S",,,8.333333333333334,16.666666666666668,,Sanandaj
IR000040841,"KERMAN, IR",2025-02-07,0.0,",,S",,,51,"H,,S",60.0,",,S",42.0,",,S",10.555555555555555,15.555555555555555,5.555555555555555,Sanandaj
IRM00040757,"SEMNAN, IR",2025-02-07,0.04,",,S",,,44,"H,,S",47.0,",,S",,,6.666666666666667,8.333333333333334,,Sanandaj
IRM00040827,"NEHBANDAN, IR",2025-02-08,0.0,",,S",,,55,"H,,S",65.0,",,S",,,12.777777777777779,18.333333333333332,,Sanandaj
IR000407660,"KERMANSHAH, IR",2025-02-08,0.57,",,S",,,34,"H,,S",47.0,",,S",,,1.1111111111111112,8.333333333333334,,Sanandaj
IR000040745,"MASHHAD, IR",2025-02-08,0.24,",,S",,,37,"H,,S",49.0,",,S",,,2.7777777777777777,9.444444444444445,,Sanandaj
IRM00040769,"ARAK, IR",2025-02-08,0.01,",,S",1.2,",,S",29,"H,,S",37.0,",,S",20.0,",,S",-1.6666666666666667,2.7777777777777777,-6.666666666666667,Sanandaj
IRM00040858,"BUSHEHR, IR",2025-02-08,0.0,",,S",,,60,"H,,S",65.0,",,S",,,15.555555555555555,18.333333333333332,,Sanandaj
IRM00040811,"AHWAZ, IR",2025-02-08,0.0,",,S",,,57,"H,,S",68.0,",,S",44.0,",,S",13.88888888888889,20.0,6.666666666666667,Sanandaj
IRM00040821,"YAZD SHAHID SADOOGHI, IR",2025-02-08,0.01,",,S",,,41,"H,,S",46.0,",,S",,,5.0,7.777777777777778,,Sanandaj
IRM00040798,"SHAHRE KORD, IR",2025-02-08,0.0,",,S",,,37,"H,,S",49.0,",,S",25.0,",,S",2.7777777777777777,9.444444444444445,-3.888888888888889,Sanandaj
IRM00040879,"IRAN SHAHR, IR",2025-02-08,0.0,",,S",,,68,"H,,S",77.0,",,S",,,20.0,25.0,,Sanandaj
IRM00040809,"BIRJAND, IR",2025-02-08,0.19,",,S",,,43,"H,,S",,,40.0,",,S",6.111111111111111,,4.444444444444445,Sanandaj
IR000408560,"ZAHEDAN, IR",2025-02-08,0.0,",,S",,,56,"H,,S",67.0,",,S",,,13.333333333333334,19.444444444444443,,Sanandaj
IRM00040757,"SEMNAN, IR",2025-02-08,0.0,",,S",,,42,"H,,S",50.0,",,S",37.0,",,S",5.555555555555555,10.0,2.7777777777777777,Sanandaj
IR000407540,"TEHRAN MEHRABAD, IR",2025-02-08,0.0,",,S",,,39,"H,,S",47.0,",,S",29.0,",,S",3.888888888888889,8.333333333333334,-1.6666666666666667,Sanandaj
IRM00040800,"ESFAHAN SHAHID BEHESHTI INTERNATIONAL, IR",2025-02-08,0.0,",,S",,,40,"H,,S",52.0,",,S",,,4.444444444444445,11.11111111111111,,Sanandaj
IRM00040712,"UROMIYEH, IR",2025-02-08,0.04,",,S",9.8,",,S",28,"H,,S",32.0,",,S",,,-2.2222222222222223,0.0,,Sanandaj
IRM00040723,"BOJNORD, IR",2025-02-08,0.02,",,S",,,31,"H,,S",37.0,",,S",,,-0.5555555555555556,2.7777777777777777,,Sanandaj
IRM00040831,"ABADAN, IR",2025-02-08,0.0,",,S",,,56,"H,,S",67.0,",,S",,,13.333333333333334,19.444444444444443,,Sanandaj
IRM00040738,"GORGAN, IR",2025-02-08,0.15,",,S",,,41,"H,,S",47.0,",,S",,,5.0,8.333333333333334,,Sanandaj
IRM00040785,"KASHAN, IR",2025-02-08,0.0,",,S",,,41,"H,,S",48.0,",,S",32.0,",,S",5.0,8.88888888888889,0.0,Sanandaj
IRM00040747,"SANANDAJ, IR",2025-02-08,0.02,",,S",,,29,"H,,S",35.0,",,S",26.0,",,S",-1.6666666666666667,1.6666666666666667,-3.3333333333333335,Sanandaj
IRM00040731,"GHAZVIN, IR",2025-02-08,0.0,",,S",,,33,"H,,S",44.0,",,S",23.0,",,S",0.5555555555555556,6.666666666666667,-5.0,Sanandaj
IRM00040729,"ZANJAN, IR",2025-02-08,0.0,",,S",,,27,"H,,S",33.0,",,S",20.0,",,S",-2.7777777777777777,0.5555555555555556,-6.666666666666667,Sanandaj
IR000040848,"SHIRAZ, IR",2025-02-08,0.0,",,S",,,51,"H,,S",62.0,",,S",42.0,",,S",10.555555555555555,16.666666666666668,5.555555555555555,Sanandaj
IRM00040875,"BANDAR ABBASS INTERNATIONAL, IR",2025-02-08,0.0,",,S",,,71,"H,,S",76.0,",,S",65.0,",,S",21.666666666666668,24.444444444444443,18.333333333333332,Sanandaj
IR000040841,"KERMAN, IR",2025-02-08,0.0,",,S",,,50,"H,,S",63.0,",,S",,,10.0,17.22222222222222,,Sanandaj
IR000040706,"TABRIZ, IR",2025-02-08,0.0,",,S",,,27,"H,,S",34.0,",,S",,,-2.7777777777777777,1.1111111111111112,,Sanandaj
IRM00040827,"NEHBANDAN, IR",2025-02-09,0.15,",,S",,,51,"H,,S",59.0,",,S",44.0,",,S",10.555555555555555,15.0,6.666666666666667,Sanandaj
IRM00040757,"SEMNAN, IR",2025-02-09,0.0,",,S",,,36,"H,,S",42.0,",,S",,,2.2222222222222223,5.555555555555555,,Sanandaj
IRM00040798,"SHAHRE KORD, IR",2025-02-09,0.0,",,S",,,29,"H,,S",40.0,",,S",,,-1.6666666666666667,4.444444444444445,,Sanandaj
IRM00040712,"UROMIYEH, IR",2025-02-09,0.0,",,S",9.4,",,S",22,"H,,S",31.0,",,S",,,-5.555555555555555,-0.5555555555555556,,Sanandaj
IRM00040809,"BIRJAND, IR",2025-02-09,0.01,",,S",,,44,"H,,S",59.0,",,S",,,6.666666666666667,15.0,,Sanandaj
IRM00040879,"IRAN SHAHR, IR",2025-02-09,0.01,",,S",,,64,"H,,S",74.0,",,S",57.0,",,S",17.77777777777778,23.333333333333332,13.88888888888889,Sanandaj
IRM00040731,"GHAZVIN, IR",2025-02-09,0.02,",,S",0.4,",,S",29,"H,,S",38.0,",,S",,,-1.6666666666666667,3.3333333333333335,,Sanandaj
IRM00040723,"BOJNORD, IR",2025-02-09,0.0,",,S",,,27,"H,,S",32.0,",,S",,,-2.7777777777777777,0.0,,Sanandaj
IRM00040747,"SANANDAJ, IR",2025-02-09,0.02,"D,,S",0.4,",,S",28,"H,,S",35.0,",,S",25.0,",,S",-2.2222222222222223,1.6666666666666667,-3.888888888888889,Sanandaj
IRM00040785,"KASHAN, IR",2025-02-09,0.48,",,S",3.1,",,S",34,"H,,S",44.0,",,S",32.0,",,S",1.1111111111111112,6.666666666666667,0.0,Sanandaj
IRM00040738,"GORGAN, IR",2025-02-09,0.18,",,S",,,36,"H,,S",41.0,",,S",,,2.2222222222222223,5.0,,Sanandaj
IR000407660,"KERMANSHAH, IR",2025-02-09,0.19,",,S",,,30,"H,,S",47.0,",,S",,,-1.1111111111111112,8.333333333333334,,Sanandaj
IRM00040800,"ESFAHAN SHAHID BEHESHTI INTERNATIONAL, IR",2025-02-09,0.0,",,S",,,34,"H,,S",50.0,",,S",,,1.1111111111111112,10.0,,Sanandaj
IR000040706,"TABRIZ, IR",2025-02-09,0.0,",,S",,,25,"H,,S",33.0,",,S",,,-3.888888888888889,0.5555555555555556,,Sanandaj
IR000408560,"ZAHEDAN, IR",2025-02-09,0.04,",,S",,,56,"H,,S",65.0,",,S",43.0,",,S",13.333333333333334,18.333333333333332,6.111111111111111,Sanandaj
IRM00040858,"BUSHEHR, IR",2025-02-09,0.0,",,S",,,58,"H,,S",65.0,",,S",49.0,",,S",14.444444444444445,18.333333333333332,9.444444444444445,Sanandaj
IR000040848,"SHIRAZ, IR",2025-02-09,0.0,",,S",,,44,"H,,S",62.0,",,S",,,6.666666666666667,16.666666666666668,,Sanandaj
IRM00040811,"AHWAZ, IR",2025-02-09,0.0,",,S",,,52,"H,,S",63.0,",,S",42.0,",,S",11.11111111111111,17.22222222222222,5.555555555555555,Sanandaj
IRM00040769,"ARAK, IR",2025-02-09,0.73,",,S",8.3,",,S",31,"H,,S",,,,,-0.5555555555555556,,,Sanandaj
IR000040745,"MASHHAD, IR",2025-02-09,0.38,",,S",0.4,",,S",28,"H,,S",39.0,",,S",,,-2.2222222222222223,3.888888888888889,,Sanandaj
IR000407540,"TEHRAN MEHRABAD, IR",2025-02-09,0.06,",,S",0.4,",,S",32,"H,,S",44.0,",,S",,,0.0,6.666666666666667,,Sanandaj
IRM00040875,"BANDAR ABBASS INTERNATIONAL, IR",2025-02-09,0.0,"D,,S",,,69,"H,,S",,,,,20.555555555555557,,,Sanandaj
IRM00040821,"YAZD SHAHID SADOOGHI, IR",2025-02-09,0.0,",,S",,,40,"H,,S",53.0,",,S",34.0,",,S",4.444444444444445,11.666666666666666,1.1111111111111112,Sanandaj
IR000040841,"KERMAN, IR",2025-02-09,0.0,",,S",,,48,"H,,S",60.0,",,S",,,8.88888888888889,15.555555555555555,,Sanandaj
IRM00040831,"ABADAN, IR",2025-02-09,0.0,",,S",,,53,"H,,S",62.0,",,S",42.0,",,S",11.666666666666666,16.666666666666668,5.555555555555555,Sanandaj
IRM00040729,"ZANJAN, IR",2025-02-09,0.0,",,S",,,24,"H,,S",30.0,",,S",,,-4.444444444444445,-1.1111111111111112,,Sanandaj
IR000040745,"MASHHAD, IR",2025-02-10,0.09,",,S",5.1,",,S",25,"H,,S",,,,,-3.888888888888889,,,Sanandaj
IRM00040809,"BIRJAND, IR",2025-02-10,0.0,",,S",,,35,"H,,S",59.0,",,S",,,1.6666666666666667,15.0,,Sanandaj
IR000408560,"ZAHEDAN, IR",2025-02-10,0.0,",,S",,,49,"H,,S",,,,,9.444444444444445,,,Sanandaj
IRM00040747,"SANANDAJ, IR",2025-02-10,0.0,",,S",,,29,"H,,S",36.0,",,S",22.0,",,S",-1.6666666666666667,2.2222222222222223,-5.555555555555555,Sanandaj
IRM00040731,"GHAZVIN, IR",2025-02-10,0.0,",,S",,,26,"H,,S",36.0,",,S",17.0,",,S",-3.3333333333333335,2.2222222222222223,-8.333333333333334,Sanandaj
IRM00040757,"SEMNAN, IR",2025-02-10,0.0,",,S",,,30,"H,,S",,,23.0,",,S",-1.1111111111111112,,-5.0,Sanandaj
IRM00040712,"UROMIYEH, IR",2025-02-10,0.0,",,S",8.7,",,S",19,"H,,S",31.0,",,S",11.0,",,S",-7.222222222222222,-0.5555555555555556,-11.666666666666666,Sanandaj
IRM00040811,"AHWAZ, IR",2025-02-10,0.0,",,S",,,54,"H,,S",66.0,",,S",40.0,",,S",12.222222222222221,18.88888888888889,4.444444444444445,Sanandaj
IR000407540,"TEHRAN MEHRABAD, IR",2025-02-10,0.0,",,S",,,33,"H,,S",40.0,",,S",26.0,",,S",0.5555555555555556,4.444444444444445,-3.3333333333333335,Sanandaj
IRM00040729,"ZANJAN, IR",2025-02-10,0.0,",,S",,,23,"H,,S",33.0,",,S",8.0,",,S",-5.0,0.5555555555555556,-13.333333333333334,Sanandaj
IR000040841,"KERMAN, IR",2025-02-10,0.0,",,S",,,36,"H,,S",50.0,",,S",21.0,",,S",2.2222222222222223,10.0,-6.111111111111111,Sanandaj
IRM00040800,"ESFAHAN SHAHID BEHESHTI INTERNATIONAL, IR",2025-02-10,0.0,",,S",,,31,"H,,S",49.0,",,S",,,-0.5555555555555556,9.444444444444445,,Sanandaj
IRM00040769,"ARAK, IR",2025-02-10,0.0,",,S",4.7,",,S",24,"H,,S",,,13.0,",,S",-4.444444444444445,,-10.555555555555555,Sanandaj
IRM00040831,"ABADAN, IR",2025-02-10,0.0,",,S",,,55,"H,,S",68.0,",,S",,,12.777777777777779,20.0,,Sanandaj
IRM00040738,"GORGAN, IR",2025-02-10,0.0,",,S",,,40,"H,,S",48.0,",,S",32.0,",,S",4.444444444444445,8.88888888888889,0.0,Sanandaj
IRM00040875,"BANDAR ABBASS INTERNATIONAL, IR",2025-02-10,0.0,",,S",,,65,"H,,S",76.0,",,S",52.0,",,S",18.333333333333332,24.444444444444443,11.11111111111111,Sanandaj
IRM00040827,"NEHBANDAN, IR",2025-02-10,0.0,",,S",,,45,"H,,S",54.0,",,S",36.0,",,S",7.222222222222222,12.222222222222221,2.2222222222222223,Sanandaj
IRM00040821,"YAZD SHAHID SADOOGHI, IR",2025-02-10,0.0,",,S",,,39,"H,,S",48.0,",,S",,,3.888888888888889,8.88888888888889,,Sanandaj
IRM00040798,"SHAHRE KORD, IR",2025-02-10,0.0,",,S",,,29,"H,,S",43.0,",,S",10.0,",,S",-1.6666666666666667,6.111111111111111,-12.222222222222221,Sanandaj
IRM00040879,"IRAN SHAHR, IR",2025-02-10,0.0,",,S",,,62,"H,,S",71.0,",,S",,,16.666666666666668,21.666666666666668,,Sanandaj
IRM00040785,"KASHAN, IR",2025-02-10,0.0,",,S",,,38,"H,,S",45.0,",,S",32.0,",,S",3.3333333333333335,7.222222222222222,0.0,Sanandaj
IR000040706,"TABRIZ, IR",2025-02-10,0.0,",,S",,,23,"H,,S",34.0,",,S",15.0,",,S",-5.0,1.1111111111111112,-9.444444444444445,Sanandaj
IRM00040723,"BOJNORD, IR",2025-02-10,0.01,",,S",0.4,",,S",24,"H,,S",,,20.0,",,S",-4.444444444444445,,-6.666666666666667,Sanandaj
IR000407660,"KERMANSHAH, IR",2025-02-10,0.0,",,S",2.0,",,S",31,"H,,S",37.0,",,S",25.0,",,S",-0.5555555555555556,2.7777777777777777,-3.888888888888889,Sanandaj
IRM00040858,"BUSHEHR, IR",2025-02-10,0.0,",,S",,,58,"H,,S",63.0,",,S",51.0,",,S",14.444444444444445,17.22222222222222,10.555555555555555,Sanandaj
IR000040848,"SHIRAZ, IR",2025-02-10,0.0,",,S",,,43,"H,,S",57.0,",,S",23.0,",,S",6.111111111111111,13.88888888888889,-5.0,Sanandaj
IRM00040875,"BANDAR ABBASS INTERNATIONAL, IR",2025-02-11,0.0,",,S",,,67,"H,,S",79.0,",,S",54.0,",,S",19.444444444444443,26.11111111111111,12.222222222222221,Sanandaj
IRM00040785,"KASHAN, IR",2025-02-11,0.0,",,S",,,39,"H,,S",49.0,",,S",28.0,",,S",3.888888888888889,9.444444444444445,-2.2222222222222223,Sanandaj
IRM00040731,"GHAZVIN, IR",2025-02-11,0.0,",,S",,,31,"H,,S",41.0,",,S",,,-0.5555555555555556,5.0,,Sanandaj
IR000040841,"KERMAN, IR",2025-02-11,0.0,",,S",,,46,"H,,S",61.0,",,S",21.0,",,S",7.777777777777778,16.11111111111111,-6.111111111111111,Sanandaj
IR000407540,"TEHRAN MEHRABAD, IR",2025-02-11,0.0,",,S",,,37,"H,,S",45.0,",,S",,,2.7777777777777777,7.222222222222222,,Sanandaj
IRM00040729,"ZANJAN, IR",2025-02-11,0.0,",,S",,,26,"H,,S",36.0,",,S",,,-3.3333333333333335,2.2222222222222223,,Sanandaj
IRM00040738,"GORGAN, IR",2025-02-11,0.02,",,S",,,41,"H,,S",52.0,",,S",30.0,",,S",5.0,11.11111111111111,-1.1111111111111112,Sanandaj
IRM00040712,"UROMIYEH, IR",2025-02-11,0.0,",,S",7.9,",,S",19,"H,,S",33.0,",,S",10.0,",,S",-7.222222222222222,0.5555555555555556,-12.222222222222221,Sanandaj
IRM00040879,"IRAN SHAHR, IR",2025-02-11,0.0,",,S",,,62,"H,,S",74.0,",,S",47.0,",,S",16.666666666666668,23.333333333333332,8.333333333333334,Sanandaj
IR000408560,"ZAHEDAN, IR",2025-02-11,0.0,",,S",,,47,"H,,S",62.0,",,S",33.0,",,S",8.333333333333334,16.666666666666668,0.5555555555555556,Sanandaj
IRM00040747,"SANANDAJ, IR",2025-02-11,0.0,",,S",,,30,"H,,S",38.0,",,S",,,-1.1111111111111112,3.3333333333333335,,Sanandaj
IR000407660,"KERMANSHAH, IR",2025-02-11,0.0,",,S",,,32,"H,,S",42.0,",,S",22.0,",,S",0.0,5.555555555555555,-5.555555555555555,Sanandaj
IRM00040858,"BUSHEHR, IR",2025-02-11,0.0,",,S",,,62,"H,,S",68.0,",,S",54.0,",,S",16.666666666666668,20.0,12.222222222222221,Sanandaj
IRM00040831,"ABADAN, IR",2025-02-11,0.0,",,S",,,57,"H,,S",65.0,",,S",48.0,",,S",13.88888888888889,18.333333333333332,8.88888888888889,Sanandaj
IRM00040811,"AHWAZ, IR",2025-02-11,0.0,",,S",,,58,"H,,S",,,44.0,",,S",14.444444444444445,,6.666666666666667,Sanandaj
IR000040706,"TABRIZ, IR",2025-02-11,0.0,",,S",,,24,"H,,S",36.0,",,S",16.0,",,S",-4.444444444444445,2.2222222222222223,-8.88888888888889,Sanandaj
IRM00040757,"SEMNAN, IR",2025-02-11,0.0,",,S",,,38,"H,,S",43.0,",,S",30.0,",,S",3.3333333333333335,6.111111111111111,-1.1111111111111112,Sanandaj
IRM00040798,"SHAHRE KORD, IR",2025-02-11,0.0,",,S",,,36,"H,,S",48.0,",,S",,,2.2222222222222223,8.88888888888889,,Sanandaj
IRM00040821,"YAZD SHAHID SADOOGHI, IR",2025-02-11,0.0,",,S",,,41,"H,,S",51.0,",,S",28.0,",,S",5.0,10.555555555555555,-2.2222222222222223,Sanandaj
IRM00040827,"NEHBANDAN, IR",2025-02-11,0.0,",,S",,,45,"H,,S",58.0,",,S",31.0,",,S",7.222222222222222,14.444444444444445,-0.5555555555555556,Sanandaj
IR000040848,"SHIRAZ, IR",2025-02-11,0.16,",,S",,,42,"H,,S",52.0,",,S",,,5.555555555555555,11.11111111111111,,Sanandaj
IRM00040723,"BOJNORD, IR",2025-02-11,0.0,",,S",,,28,"H,,S",38.0,",,S",19.0,",,S",-2.2222222222222223,3.3333333333333335,-7.222222222222222,Sanandaj
IR000040745,"MASHHAD, IR",2025-02-11,0.0,",,S",3.1,",,S",28,"H,,S",40.0,",,S",15.0,",,S",-2.2222222222222223,4.444444444444445,-9.444444444444445,Sanandaj
IRM00040800,"ESFAHAN SHAHID BEHESHTI INTERNATIONAL, IR",2025-02-11,0.0,",,S",,,34,"H,,S",54.0,",,S",,,1.1111111111111112,12.222222222222221,,Sanandaj
IRM00040769,"ARAK, IR",2025-02-11,0.0,",,S",3.9,",,S",27,"H,,S",,,17.0,",,S",-2.7777777777777777,,-8.333333333333334,Sanandaj
IRM00040809,"BIRJAND, IR",2025-02-11,0.0,",,S",,,38,"H,,S",51.0,",,S",22.0,",,S",3.3333333333333335,10.555555555555555,-5.555555555555555,Sanandaj
IR000407660,"KERMANSHAH, IR",2025-02-12,0.0,",,S",,,36,"H,,S",,,26.0,",,S",2.2222222222222223,,-3.3333333333333335,Sanandaj
IRM00040785,"KASHAN, IR",2025-02-12,0.06,",,S",,,41,"H,,S",47.0,",,S",31.0,",,S",5.0,8.333333333333334,-0.5555555555555556,Sanandaj
IRM00040729,"ZANJAN, IR",2025-02-12,0.0,",,S",,,31,"H,,S",43.0,",,S",,,-0.5555555555555556,6.111111111111111,,Sanandaj
IRM00040821,"YAZD SHAHID SADOOGHI, IR",2025-02-12,0.0,",,S",,,41,"H,,S",47.0,",,S",36.0,",,S",5.0,8.333333333333334,2.2222222222222223,Sanandaj
IRM00040747,"SANANDAJ, IR",2025-02-12,0.0,",,S",,,32,"H,,S",43.0,",,S",23.0,",,S",0.0,6.111111111111111,-5.0,Sanandaj
IR000040706,"TABRIZ, IR",2025-02-12,0.0,",,S",,,27,"H,,S",40.0,",,S",16.0,",,S",-2.7777777777777777,4.444444444444445,-8.88888888888889,Sanandaj
IRM00040831,"ABADAN, IR",2025-02-12,0.17,",,S",,,57,"H,,S",62.0,",,S",,,13.88888888888889,16.666666666666668,,Sanandaj
IRM00040809,"BIRJAND, IR",2025-02-12,0.0,",,S",,,45,"H,,S",57.0,",,S",28.0,",,S",7.222222222222222,13.88888888888889,-2.2222222222222223,Sanandaj
IRM00040800,"ESFAHAN SHAHID BEHESHTI INTERNATIONAL, IR",2025-02-12,0.06,",,S",,,35,"H,,S",49.0,",,S",,,1.6666666666666667,9.444444444444445,,Sanandaj
IRM00040879,"IRAN SHAHR, IR",2025-02-12,0.0,",,S",,,69,"H,,S",81.0,",,S",53.0,",,S",20.555555555555557,27.22222222222222,11.666666666666666,Sanandaj
IR000040848,"SHIRAZ, IR",2025-02-12,1.07,",,S",,,44,"H,,S",,,,,6.666666666666667,,,Sanandaj
IRM00040811,"AHWAZ, IR",2025-02-12,0.03,",,S",,,57,"H,,S",,,51.0,",,S",13.88888888888889,,10.555555555555555,Sanandaj
IRM00040731,"GHAZVIN, IR",2025-02-12,0.0,",,S",,,34,"H,,S",45.0,",,S",19.0,",,S",1.1111111111111112,7.222222222222222,-7.222222222222222,Sanandaj
IRM00040723,"BOJNORD, IR",2025-02-12,0.0,",,S",,,30,"H,,S",44.0,",,S",18.0,",,S",-1.1111111111111112,6.666666666666667,-7.777777777777778,Sanandaj
IRM00040712,"UROMIYEH, IR",2025-02-12,0.0,",,S",7.5,",,S",21,"H,,S",35.0,",,S",,,-6.111111111111111,1.6666666666666667,,Sanandaj
IRM00040875,"BANDAR ABBASS INTERNATIONAL, IR",2025-02-12,0.0,",,S",,,72,"H,,S",85.0,",,S",55.0,",,S",22.22222222222222,29.444444444444443,12.777777777777779,Sanandaj
IRM00040858,"BUSHEHR, IR",2025-02-12,0.21,",,S",,,63,"H,,S",68.0,",,S",,,17.22222222222222,20.0,,Sanandaj
IR000408560,"ZAHEDAN, IR",2025-02-12,0.0,",,S",,,51,"H,,S",62.0,",,S",40.0,",,S",10.555555555555555,16.666666666666668,4.444444444444445,Sanandaj
IR000040841,"KERMAN, IR",2025-02-12,0.36,",,S",,,47,"H,,S",59.0,",,S",43.0,",,S",8.333333333333334,15.0,6.111111111111111,Sanandaj
IRM00040738,"GORGAN, IR",2025-02-12,0.0,",,S",,,40,"H,,S",54.0,",,S",28.0,",,S",4.444444444444445,12.222222222222221,-2.2222222222222223,Sanandaj
IR000040745,"MASHHAD, IR",2025-02-12,0.0,",,S",2.0,",,S",33,"H,,S",46.0,",,S",21.0,",,S",0.5555555555555556,7.777777777777778,-6.111111111111111,Sanandaj
IRM00040798,"SHAHRE KORD, IR",2025-02-12,0.12,",,S",,,36,"H,,S",47.0,",,S",18.0,",,S",2.2222222222222223,8.333333333333334,-7.777777777777778,Sanandaj
IRM00040827,"NEHBANDAN, IR",2025-02-12,0.0,",,S",,,48,"H,,S",58.0,",,S",36.0,",,S",8.88888888888889,14.444444444444445,2.2222222222222223,Sanandaj
IR000407540,"TEHRAN MEHRABAD, IR",2025-02-12,0.0,",,S",,,40,"H,,S",,,,,4.444444444444445,,,Sanandaj
IRM00040769,"ARAK, IR",2025-02-12,0.16,",,S",2.8,",,S",27,"H,,S",,,20.0,",,S",-2.7777777777777777,,-6.666666666666667,Sanandaj
IRM00040729,"ZANJAN, IR",2025-02-13,0.0,",,S",,,34,"H,,S",44.0,",,S",,,1.1111111111111112,6.666666666666667,,Sanandaj
IRM00040831,"ABADAN, IR",2025-02-13,0.0,",,S",,,60,"H,,S",,,54.0,",,S",15.555555555555555,,12.222222222222221,Sanandaj
IRM00040809,"BIRJAND, IR",2025-02-13,0.0,",,S",,,47,"H,,S",57.0,",,S",,,8.333333333333334,13.88888888888889,,Sanandaj
IRM00040731,"GHAZVIN, IR",2025-02-13,0.0,",,S",,,35,"H,,S",42.0,",,S",28.0,",,S",1.6666666666666667,5.555555555555555,-2.2222222222222223,Sanandaj
IR000407540,"TEHRAN MEHRABAD, IR",2025-02-13,0.02,",,S",,,39,"H,,S",43.0,",,S",35.0,",,S",3.888888888888889,6.111111111111111,1.6666666666666667,Sanandaj
IRM00040800,"ESFAHAN SHAHID BEHESHTI INTERNATIONAL, IR",2025-02-13,0.0,",,S",,,43,"H,,S",56.0,",,S",,,6.111111111111111,13.333333333333334,,Sanandaj
IRM00040769,"ARAK, IR",2025-02-13,0.37,",,S",9.4,",,S",35,"H,,S",,,27.0,",,S",1.6666666666666667,,-2.7777777777777777,Sanandaj
IR000407660,"KERMANSHAH, IR",2025-02-13,0.01,",,S",,,43,"H,,S",53.0,",,S",35.0,",,S",6.111111111111111,11.666666666666666,1.6666666666666667,Sanandaj
IRM00040747,"SANANDAJ, IR",2025-02-13,0.0,",,S",,,38,"H,,S",49.0,",,S",30.0,",,S",3.3333333333333335,9.444444444444445,-1.1111111111111112,Sanandaj
IR000040841,"KERMAN, IR",2025-02-13,0.46,",,S",,,47,"H,,S",,,42.0,",,S",8.333333333333334,,5.555555555555555,Sanandaj
IRM00040785,"KASHAN, IR",2025-02-13,0.1,",,S",,,41,"H,,S",46.0,",,S",36.0,",,S",5.0,7.777777777777778,2.2222222222222223,Sanandaj
IR000040745,"MASHHAD, IR",2025-02-13,0.0,",,S",1.2,",,S",36,"H,,S",45.0,",,S",26.0,",,S",2.2222222222222223,7.222222222222222,-3.3333333333333335,Sanandaj
IRM00040875,"BANDAR ABBASS INTERNATIONAL, IR",2025-02-13,0.0,",,S",,,73,"H,,S",84.0,",,S",60.0,",,S",22.77777777777778,28.88888888888889,15.555555555555555,Sanandaj
IRM00040821,"YAZD SHAHID SADOOGHI, IR",2025-02-13,0.0,",,S",,,43,"H,,S",52.0,",,S",37.0,",,S",6.111111111111111,11.11111111111111,2.7777777777777777,Sanandaj
IR000408560,"ZAHEDAN, IR",2025-02-13,0.02,",,S",,,59,"H,,S",68.0,",,S",47.0,",,S",15.0,20.0,8.333333333333334,Sanandaj
IRM00040712,"UROMIYEH, IR",2025-02-13,0.0,",,S",7.1,",,S",26,"H,,S",35.0,",,S",,,-3.3333333333333335,1.6666666666666667,,Sanandaj
IRM00040738,"GORGAN, IR",2025-02-13,0.0,",,S",,,40,"H,,S",54.0,",,S",30.0,",,S",4.444444444444445,12.222222222222221,-1.1111111111111112,Sanandaj
IRM00040723,"BOJNORD, IR",2025-02-13,0.0,",,S",,,30,"H,,S",44.0,",,S",18.0,",,S",-1.1111111111111112,6.666666666666667,-7.777777777777778,Sanandaj
IRM00040858,"BUSHEHR, IR",2025-02-13,0.37,",,S",,,64,"H,,S",,,,,17.77777777777778,,,Sanandaj
IRM00040798,"SHAHRE KORD, IR",2025-02-13,0.17,",,S",,,42,"H,,S",51.0,",,S",33.0,",,S",5.555555555555555,10.555555555555555,0.5555555555555556,Sanandaj
IRM00040811,"AHWAZ, IR",2025-02-13,0.0,",,S",,,63,"H,,S",73.0,",,S",55.0,",,S",17.22222222222222,22.77777777777778,12.777777777777779,Sanandaj
IR000040848,"SHIRAZ, IR",2025-02-13,2.16,",,S",,,46,"H,,S",48.0,",,S",42.0,",,S",7.777777777777778,8.88888888888889,5.555555555555555,Sanandaj
IRM00040827,"NEHBANDAN, IR",2025-02-13,0.0,",,S",,,51,"H,,S",61.0,",,S",44.0,",,S",10.555555555555555,16.11111111111111,6.666666666666667,Sanandaj
IR000040706,"TABRIZ, IR",2025-02-13,0.0,",,S",,,31,"H,,S",,,,,-0.5555555555555556,,,Sanandaj
IRM00040879,"IRAN SHAHR, IR",2025-02-13,0.0,",,S",,,73,"H,,S",84.0,",,S",59.0,",,S",22.77777777777778,28.88888888888889,15.0,Sanandaj
IRM00040858,"BUSHEHR, IR",2025-02-14,0.61,",,S",,,64,"H,,S",68.0,",,S",,,17.77777777777778,20.0,,Sanandaj
IR000407660,"KERMANSHAH, IR",2025-02-14,0.0,",,S",,,41,"H,,S",52.0,",,S",,,5.0,11.11111111111111,,Sanandaj
IRM00040769,"ARAK, IR",2025-02-14,0.0,",,S",4.7,",,S",34,"H,,S",48.0,",,S",29.0,",,S",1.1111111111111112,8.88888888888889,-1.6666666666666667,Sanandaj
IRM00040875,"BANDAR ABBASS INTERNATIONAL, IR",2025-02-14,0.0,",,S",,,74,"H,,S",83.0,",,S",,,23.333333333333332,28.333333333333332,,Sanandaj
IRM00040757,"SEMNAN, IR",2025-02-14,0.0,",,S",,,41,"H,,S",47.0,",,S",,,5.0,8.333333333333334,,Sanandaj
IRM00040800,"ESFAHAN SHAHID BEHESHTI INTERNATIONAL, IR",2025-02-14,0.0,",,S",,,44,"H,,S",66.0,",,S",,,6.666666666666667,18.88888888888889,,Sanandaj
IRM00040821,"YAZD SHAHID SADOOGHI, IR",2025-02-14,0.0,",,S",,,48,"H,,S",63.0,",,S",,,8.88888888888889,17.22222222222222,,Sanandaj
IRM00040831,"ABADAN, IR",2025-02-14,0.0,",,S",,,61,"H,,S",74.0,",,S",,,16.11111111111111,23.333333333333332,,Sanandaj
IR000040706,"TABRIZ, IR",2025-02-14,0.08,",,S",,,33,"H,,S",41.0,",,S",,,0.5555555555555556,5.0,,Sanandaj
IR000040848,"SHIRAZ, IR",2025-02-14,0.13,",,S",,,50,"H,,S",,,,,10.0,,,Sanandaj
IRM00040827,"NEHBANDAN, IR",2025-02-14,0.0,",,S",,,51,"H,,S",61.0,",,S",,,10.555555555555555,16.11111111111111,,Sanandaj
IR000040745,"MASHHAD, IR",2025-02-14,0.0,",,S",0.4,",,S",39,"H,,S",50.0,",,S",28.0,",,S",3.888888888888889,10.0,-2.2222222222222223,Sanandaj
IRM00040811,"AHWAZ, IR",2025-02-14,0.0,",,S",,,62,"H,,S",72.0,",,S",,,16.666666666666668,22.22222222222222,,Sanandaj
IRM00040731,"GHAZVIN, IR",2025-02-14,0.07,",,S",,,35,"H,,S",43.0,",,S",,,1.6666666666666667,6.111111111111111,,Sanandaj
IRM00040723,"BOJNORD, IR",2025-02-14,0.0,",,S",,,34,"H,,S",50.0,",,S",18.0,",,S",1.1111111111111112,10.0,-7.777777777777778,Sanandaj
IRM00040729,"ZANJAN, IR",2025-02-14,0.03,",,S",,,36,"H,,S",46.0,",,S",28.0,",,S",2.2222222222222223,7.777777777777778,-2.2222222222222223,Sanandaj
IR000040841,"KERMAN, IR",2025-02-14,0.11,",,S",,,49,"H,,S",59.0,",,S",,,9.444444444444445,15.0,,Sanandaj
IRM00040747,"SANANDAJ, IR",2025-02-14,0.0,",,S",,,34,"H,,S",48.0,",,S",24.0,",,S",1.1111111111111112,8.88888888888889,-4.444444444444445,Sanandaj
IRM00040879,"IRAN SHAHR, IR",2025-02-14,0.0,",,S",,,72,"H,,S",80.0,",,S",62.0,",,S",22.22222222222222,26.666666666666668,16.666666666666668,Sanandaj
IRM00040809,"BIRJAND, IR",2025-02-14,0.0,",,S",,,43,"H,,S",57.0,",,S",39.0,",,S",6.111111111111111,13.88888888888889,3.888888888888889,Sanandaj
IRM00040712,"UROMIYEH, IR",2025-02-14,0.08,",,S",8.7,",,S",31,"H,,S",,,,,-0.5555555555555556,,,Sanandaj
IRM00040738,"GORGAN, IR",2025-02-14,0.06,",,S",,,47,"H,,S",,,27.0,",,S",8.333333333333334,,-2.7777777777777777,Sanandaj
IRM00040798,"SHAHRE KORD, IR",2025-02-14,0.0,",,S",,,43,"H,,S",52.0,",,S",35.0,",,S",6.111111111111111,11.11111111111111,1.6666666666666667,Sanandaj
IR000408560,"ZAHEDAN, IR",2025-02-14,0.0,",,S",,,53,"H,,S",67.0,",,S",,,11.666666666666666,19.444444444444443,,Sanandaj
IRM00040785,"KASHAN, IR",2025-02-14,0.0,",,S",,,43,"H,,S",46.0,",,S",,,6.111111111111111,7.777777777777778,,Sanandaj
IR000407540,"TEHRAN MEHRABAD, IR",2025-02-14,0.01,",,S",,,39,"H,,S",43.0,",,S",,,3.888888888888889,6.111111111111111,,Sanandaj
IR000040848,"SHIRAZ, IR",2025-02-15,0.0,",,S",,,47,"H,,S",58.0,",,S",36.0,",,S",8.333333333333334,14.444444444444445,2.2222222222222223,Sanandaj
IR000040745,"MASHHAD, IR",2025-02-15,0.05,",,S",,,40,"H,,S",,,,,4.444444444444445,,,Sanandaj
IR000040706,"TABRIZ, IR",2025-02-15,0.0,",,S",,,29,"H,,S",41.0,",,S",17.0,",,S",-1.6666666666666667,5.0,-8.333333333333334,Sanandaj
IR000040841,"KERMAN, IR",2025-02-15,0.0,",,S",,,48,"H,,S",60.0,",,S",34.0,",,S",8.88888888888889,15.555555555555555,1.1111111111111112,Sanandaj
IRM00040821,"YAZD SHAHID SADOOGHI, IR",2025-02-15,0.0,",,S",,,46,"H,,S",58.0,",,S",,,7.777777777777778,14.444444444444445,,Sanandaj
IRM00040738,"GORGAN, IR",2025-02-15,0.09,",,S",,,47,"H,,S",58.0,",,S",,,8.333333333333334,14.444444444444445,,Sanandaj
IRM00040827,"NEHBANDAN, IR",2025-02-15,0.0,",,S",,,52,"H,,S",67.0,",,S",32.0,",,S",11.11111111111111,19.444444444444443,0.0,Sanandaj
IRM00040879,"IRAN SHAHR, IR",2025-02-15,0.0,",,S",,,70,"H,,S",80.0,",,S",55.0,",,S",21.11111111111111,26.666666666666668,12.777777777777779,Sanandaj
IRM00040858,"BUSHEHR, IR",2025-02-15,0.0,",,S",,,62,"H,,S",64.0,",,S",,,16.666666666666668,17.77777777777778,,Sanandaj
IRM00040723,"BOJNORD, IR",2025-02-15,0.11,",,S",,,34,"H,,S",38.0,",,S",,,1.1111111111111112,3.3333333333333335,,Sanandaj
IRM00040798,"SHAHRE KORD, IR",2025-02-15,0.0,",,S",,,35,"H,,S",52.0,",,S",,,1.6666666666666667,11.11111111111111,,Sanandaj
IRM00040712,"UROMIYEH, IR",2025-02-15,0.0,",,S",7.5,",,S",27,"H,,S",38.0,",,S",18.0,",,S",-2.7777777777777777,3.3333333333333335,-7.777777777777778,Sanandaj
IRM00040729,"ZANJAN, IR",2025-02-15,0.0,",,S",,,31,"H,,S",43.0,",,S",,,-0.5555555555555556,6.111111111111111,,Sanandaj
IR000407540,"TEHRAN MEHRABAD, IR",2025-02-15,0.0,",,S",0.4,",,S",42,"H,,S",50.0,",,S",32.0,",,S",5.555555555555555,10.0,0.0,Sanandaj
IRM00040811,"AHWAZ, IR",2025-02-15,0.0,",,S",,,58,"H,,S",71.0,",,S",,,14.444444444444445,21.666666666666668,,Sanandaj
IRM00040875,"BANDAR ABBASS INTERNATIONAL, IR",2025-02-15,0.0,",,S",,,70,"H,,S",76.0,",,S",61.0,",,S",21.11111111111111,24.444444444444443,16.11111111111111,Sanandaj
IRM00040747,"SANANDAJ, IR",2025-02-15,0.0,",,S",,,34,"H,,S",52.0,",,S",19.0,",,S",1.1111111111111112,11.11111111111111,-7.222222222222222,Sanandaj
IR000407660,"KERMANSHAH, IR",2025-02-15,0.0,",,S",,,38,"H,,S",,,23.0,",,S",3.3333333333333335,,-5.0,Sanandaj
IRM00040769,"ARAK, IR",2025-02-15,0.0,",,S",2.8,",,S",32,"H,,S",,,,,0.0,,,Sanandaj
IRM00040731,"GHAZVIN, IR",2025-02-15,0.0,",,S",,,35,"H,,S",48.0,",,S",24.0,",,S",1.6666666666666667,8.88888888888889,-4.444444444444445,Sanandaj
IRM00040785,"KASHAN, IR",2025-02-15,0.0,",,S",,,44,"H,,S",56.0,",,S",33.0,",,S",6.666666666666667,13.333333333333334,0.5555555555555556,Sanandaj
IR000408560,"ZAHEDAN, IR",2025-02-15,0.0,",,S",,,57,"H,,S",71.0,",,S",38.0,",,S",13.88888888888889,21.666666666666668,3.3333333333333335,Sanandaj
IRM00040831,"ABADAN, IR",2025-02-15,0.0,",,S",,,58,"H,,S",69.0,",,S",,,14.444444444444445,20.555555555555557,,Sanandaj
IRM00040809,"BIRJAND, IR",2025-02-15,0.3,",,S",,,44,"H,,S",,,,,6.666666666666667,,,Sanandaj
IRM00040800,"ESFAHAN SHAHID BEHESHTI INTERNATIONAL, IR",2025-02-15,0.0,",,S",,,42,"H,,S",64.0,",,S",,,5.555555555555555,17.77777777777778,,Sanandaj
IRM00040831,"ABADAN, IR",2025-02-16,0.0,",,S",,,57,"H,,S",68.0,",,S",,,13.88888888888889,20.0,,Sanandaj
IRM00040798,"SHAHRE KORD, IR",2025-02-16,0.0,",,S",,,36,"H,,S",55.0,",,S",10.0,",,S",2.2222222222222223,12.777777777777779,-12.222222222222221,Sanandaj
IR000040706,"TABRIZ, IR",2025-02-16,0.0,",,S",,,31,"H,,S",44.0,",,S",20.0,",,S",-0.5555555555555556,6.666666666666667,-6.666666666666667,Sanandaj
IRM00040738,"GORGAN, IR",2025-02-16,0.0,",,S",,,45,"H,,S",63.0,",,S",31.0,",,S",7.222222222222222,17.22222222222222,-0.5555555555555556,Sanandaj
IRM00040875,"BANDAR ABBASS INTERNATIONAL, IR",2025-02-16,0.01,",,S",,,71,"H,,S",79.0,",,S",64.0,",,S",21.666666666666668,26.11111111111111,17.77777777777778,Sanandaj
IR000040745,"MASHHAD, IR",2025-02-16,0.0,",,S",,,40,"H,,S",50.0,",,S",,,4.444444444444445,10.0,,Sanandaj
IR000040848,"SHIRAZ, IR",2025-02-16,0.1,",,S",,,49,"H,,S",59.0,",,S",35.0,",,S",9.444444444444445,15.0,1.6666666666666667,Sanandaj
IRM00040811,"AHWAZ, IR",2025-02-16,0.0,",,S",,,58,"H,,S",73.0,",,S",42.0,",,S",14.444444444444445,22.77777777777778,5.555555555555555,Sanandaj
IR000408560,"ZAHEDAN, IR",2025-02-16,0.0,",,S",,,53,"H,,S",66.0,",,S",,,11.666666666666666,18.88888888888889,,Sanandaj
IRM00040731,"GHAZVIN, IR",2025-02-16,0.0,",,S",,,39,"H,,S",,,23.0,",,S",3.888888888888889,,-5.0,Sanandaj
IR000040841,"KERMAN, IR",2025-02-16,0.0,",,S",,,49,"H,,S",64.0,",,S",36.0,",,S",9.444444444444445,17.77777777777778,2.2222222222222223,Sanandaj
IRM00040729,"ZANJAN, IR",2025-02-16,0.0,",,S",,,35,"H,,S",50.0,",,S",15.0,",,S",1.6666666666666667,10.0,-9.444444444444445,Sanandaj
IRM00040785,"KASHAN, IR",2025-02-16,0.0,",,S",,,48,"H,,S",61.0,",,S",35.0,",,S",8.88888888888889,16.11111111111111,1.6666666666666667,Sanandaj
IR000407540,"TEHRAN MEHRABAD, IR",2025-02-16,0.0,",,S",,,45,"H,,S",,,31.0,",,S",7.222222222222222,,-0.5555555555555556,Sanandaj
IRM00040747,"SANANDAJ, IR",2025-02-16,0.0,",,S",,,38,"H,,S",52.0,",,S",19.0,",,S",3.3333333333333335,11.11111111111111,-7.222222222222222,Sanandaj
IRM00040858,"BUSHEHR, IR",2025-02-16,0.04,",,S",,,60,"H,,S",65.0,",,S",52.0,",,S",15.555555555555555,18.333333333333332,11.11111111111111,Sanandaj
IRM00040827,"NEHBANDAN, IR",2025-02-16,0.0,",,S",,,55,"H,,S",67.0,",,S",41.0,",,S",12.777777777777779,19.444444444444443,5.0,Sanandaj
IRM00040821,"YAZD SHAHID SADOOGHI, IR",2025-02-16,0.0,",,S",,,49,"H,,S",64.0,",,S",34.0,",,S",9.444444444444445,17.77777777777778,1.1111111111111112,Sanandaj
IRM00040723,"BOJNORD, IR",2025-02-16,0.0,",,S",,,34,"H,,S",46.0,",,S",26.0,",,S",1.1111111111111112,7.777777777777778,-3.3333333333333335,Sanandaj
IRM00040769,"ARAK, IR",2025-02-16,0.0,",,S",2.0,",,S",35,"H,,S",,,,,1.6666666666666667,,,Sanandaj
IRM00040800,"ESFAHAN SHAHID BEHESHTI INTERNATIONAL, IR",2025-02-16,0.0,",,S",,,41,"H,,S",62.0,",,S",,,5.0,16.666666666666668,,Sanandaj
IRM00040879,"IRAN SHAHR, IR",2025-02-16,0.0,",,S",,,69,"H,,S",76.0,",,S",,,20.555555555555557,24.444444444444443,,Sanandaj
IRM00040809,"BIRJAND, IR",2025-02-16,0.0,",,S",,,45,"H,,S",,,30.0,",,S",7.222222222222222,,-1.1111111111111112,Sanandaj
IR000407660,"KERMANSHAH, IR",2025-02-16,0.02,",,S",,,40,"H,,S",58.0,",,S",24.0,",,S",4.444444444444445,14.444444444444445,-4.444444444444445,Sanandaj
IRM00040712,"UROMIYEH, IR",2025-02-16,0.0,",,S",5.5,",,S",26,"H,,S",41.0,",,S",15.0,",,S",-3.3333333333333335,5.0,-9.444444444444445,Sanandaj
IRM00040712,"UROMIYEH, IR",2025-02-17,0.0,",,S",5.5,",,S",33,"H,,S",45.0,",,S",23.0,",,S",0.5555555555555556,7.222222222222222,-5.0,Sanandaj
IRM00040827,"NEHBANDAN, IR",2025-02-17,0.0,",,S",,,56,"H,,S",68.0,",,S",44.0,",,S",13.333333333333334,20.0,6.666666666666667,Sanandaj
IR000407660,"KERMANSHAH, IR",2025-02-17,0.09,",,S",,,38,"H,,S",45.0,",,S",,,3.3333333333333335,7.222222222222222,,Sanandaj
IRM00040831,"ABADAN, IR",2025-02-17,0.0,",,S",,,60,"H,,S",,,,,15.555555555555555,,,Sanandaj
IR000040706,"TABRIZ, IR",2025-02-17,0.0,",,S",,,35,"H,,S",47.0,",,S",25.0,",,S",1.6666666666666667,8.333333333333334,-3.888888888888889,Sanandaj
IR000040745,"MASHHAD, IR",2025-02-17,0.17,",,S",,,44,"H,,S",,,37.0,",,S",6.666666666666667,,2.7777777777777777,Sanandaj
IR000040848,"SHIRAZ, IR",2025-02-17,0.06,",,S",,,51,"H,,S",60.0,",,S",,,10.555555555555555,15.555555555555555,,Sanandaj
IRM00040798,"SHAHRE KORD, IR",2025-02-17,0.08,",,S",,,37,"H,,S",47.0,",,S",,,2.7777777777777777,8.333333333333334,,Sanandaj
IRM00040858,"BUSHEHR, IR",2025-02-17,0.0,",,S",,,63,"H,,S",68.0,",,S",57.0,",,S",17.22222222222222,20.0,13.88888888888889,Sanandaj
IRM00040875,"BANDAR ABBASS INTERNATIONAL, IR",2025-02-17,0.02,",,S",,,70,"H,,S",78.0,",,S",,,21.11111111111111,25.555555555555557,,Sanandaj
IRM00040800,"ESFAHAN SHAHID BEHESHTI INTERNATIONAL, IR",2025-02-17,0.0,",,S",,,44,"H,,S",59.0,",,S",,,6.666666666666667,15.0,,Sanandaj
IRM00040723,"BOJNORD, IR",2025-02-17,0.0,",,S",,,39,"H,,S",,,,,3.888888888888889,,,Sanandaj
IRM00040879,"IRAN SHAHR, IR",2025-02-17,0.02,",,S",,,71,"H,,S",81.0,",,S",61.0,",,S",21.666666666666668,27.22222222222222,16.11111111111111,Sanandaj
IRM00040809,"BIRJAND, IR",2025-02-17,0.02,",,S",,,51,"H,,S",65.0,",,S",40.0,",,S",10.555555555555555,18.333333333333332,4.444444444444445,Sanandaj
IR000040841,"KERMAN, IR",2025-02-17,0.0,",,S",,,54,"H,,S",66.0,",,S",44.0,",,S",12.222222222222221,18.88888888888889,6.666666666666667,Sanandaj
IRM00040821,"YAZD SHAHID SADOOGHI, IR",2025-02-17,0.0,",,S",,,55,"H,,S",72.0,",,S",39.0,",,S",12.777777777777779,22.22222222222222,3.888888888888889,Sanandaj
IRM00040785,"KASHAN, IR",2025-02-17,0.0,",,S",,,48,"H,,S",57.0,",,S",42.0,",,S",8.88888888888889,13.88888888888889,5.555555555555555,Sanandaj
IRM00040738,"GORGAN, IR",2025-02-17,0.0,",,S",,,46,"H,,S",54.0,",,S",32.0,",,S",7.777777777777778,12.222222222222221,0.0,Sanandaj
IRM00040811,"AHWAZ, IR",2025-02-17,0.0,",,S",,,61,"H,,S",,,55.0,",,S",16.11111111111111,,12.777777777777779,Sanandaj
IRM00040769,"ARAK, IR",2025-02-17,0.06,",,S",0.8,",,S",39,"H,,S",49.0,",,S",33.0,",,S",3.888888888888889,9.444444444444445,0.5555555555555556,Sanandaj
IR000408560,"ZAHEDAN, IR",2025-02-17,0.0,",,S",,,59,"H,,S",71.0,",,S",44.0,",,S",15.0,21.666666666666668,6.666666666666667,Sanandaj
IRM00040731,"GHAZVIN, IR",2025-02-17,0.13,",,S",,,35,"H,,S",44.0,",,S",,,1.6666666666666667,6.666666666666667,,Sanandaj
IRM00040729,"ZANJAN, IR",2025-02-17,0.21,",,S",0.8,",,S",30,"H,,S",38.0,",,S",,,-1.1111111111111112,3.3333333333333335,,Sanandaj
IRM00040747,"SANANDAJ, IR",2025-02-17,0.12,",,S",,,36,"H,,S",47.0,",,S",,,2.2222222222222223,8.333333333333334,,Sanandaj
IR000407540,"TEHRAN MEHRABAD, IR",2025-02-17,0.04,",,S",,,42,"H,,S",51.0,",,S",,,5.555555555555555,10.555555555555555,,Sanandaj
IRM00040729,"ZANJAN, IR",2025-02-18,0.0,",,S",2.8,",,S",32,"H,,S",47.0,",,S",16.0,",,S",0.0,8.333333333333334,-8.88888888888889,Sanandaj
IRM00040827,"NEHBANDAN, IR",2025-02-18,0.0,",,S",,,58,"H,,S",70.0,",,S",43.0,",,S",14.444444444444445,21.11111111111111,6.111111111111111,Sanandaj
IRM00040821,"YAZD SHAHID SADOOGHI, IR",2025-02-18,0.0,",,S",,,49,"H,,S",62.0,",,S",,,9.444444444444445,16.666666666666668,,Sanandaj
IRM00040738,"GORGAN, IR",2025-02-18,0.0,",,S",,,47,"H,,S",59.0,",,S",,,8.333333333333334,15.0,,Sanandaj
IR000040745,"MASHHAD, IR",2025-02-18,0.0,",,S",,,42,"H,,S",51.0,",,S",,,5.555555555555555,10.555555555555555,,Sanandaj
IRM00040747,"SANANDAJ, IR",2025-02-18,0.0,",,S",,,36,"H,,S",53.0,",,S",,,2.2222222222222223,11.666666666666666,,Sanandaj
IR000407540,"TEHRAN MEHRABAD, IR",2025-02-18,0.0,",,S",,,43,"H,,S",53.0,",,S",,,6.111111111111111,11.666666666666666,,Sanandaj
IRM00040858,"BUSHEHR, IR",2025-02-18,0.0,",,S",,,63,"H,,S",,,59.0,",,S",17.22222222222222,,15.0,Sanandaj
IRM00040875,"BANDAR ABBASS INTERNATIONAL, IR",2025-02-18,0.0,",,S",,,72,"H,,S",,,58.0,",,S",22.22222222222222,,14.444444444444445,Sanandaj
IRM00040831,"ABADAN, IR",2025-02-18,0.0,",,S",,,59,"H,,S",,,49.0,",,S",15.0,,9.444444444444445,Sanandaj
IRM00040800,"ESFAHAN SHAHID BEHESHTI INTERNATIONAL, IR",2025-02-18,0.0,",,S",,,41,"H,,S",61.0,",,S",,,5.0,16.11111111111111,,Sanandaj
IR000408560,"ZAHEDAN, IR",2025-02-18,0.0,",,S",,,62,"H,,S",72.0,",,S",,,16.666666666666668,22.22222222222222,,Sanandaj
IRM00040723,"BOJNORD, IR",2025-02-18,0.0,",,S",,,37,"H,,S",46.0,",,S",,,2.7777777777777777,7.777777777777778,,Sanandaj
IRM00040879,"IRAN SHAHR, IR",2025-02-18,0.0,",,S",,,75,"H,,S",84.0,",,S",60.0,",,S",23.88888888888889,28.88888888888889,15.555555555555555,Sanandaj
IRM00040809,"BIRJAND, IR",2025-02-18,0.0,",,S",,,47,"H,,S",58.0,",,S",,,8.333333333333334,14.444444444444445,,Sanandaj
IRM00040811,"AHWAZ, IR",2025-02-18,0.0,",,S",,,60,"H,,S",72.0,",,S",,,15.555555555555555,22.22222222222222,,Sanandaj
IR000040841,"KERMAN, IR",2025-02-18,0.0,",,S",,,53,"H,,S",65.0,",,S",,,11.666666666666666,18.333333333333332,,Sanandaj
IRM00040785,"KASHAN, IR",2025-02-18,0.0,",,S",,,47,"H,,S",62.0,",,S",35.0,",,S",8.333333333333334,16.666666666666668,1.6666666666666667,Sanandaj
IRM00040769,"ARAK, IR",2025-02-18,0.0,",,S",,,36,"H,,S",,,,,2.2222222222222223,,,Sanandaj
IR000040848,"SHIRAZ, IR",2025-02-18,0.0,",,S",,,48,"H,,S",63.0,",,S",,,8.88888888888889,17.22222222222222,,Sanandaj
IR000407660,"KERMANSHAH, IR",2025-02-18,0.0,",,S",,,38,"H,,S",52.0,",,S",23.0,",,S",3.3333333333333335,11.11111111111111,-5.0,Sanandaj
IRM00040798,"SHAHRE KORD, IR",2025-02-18,0.0,",,S",,,31,"H,,S",49.0,",,S",,,-0.5555555555555556,9.444444444444445,,Sanandaj
IR000040706,"TABRIZ, IR",2025-02-18,0.0,",,S",,,35,"H,,S",49.0,",,S",19.0,",,S",1.6666666666666667,9.444444444444445,-7.222222222222222,Sanandaj
IRM00040712,"UROMIYEH, IR",2025-02-18,0.0,",,S",5.5,",,S",33,"H,,S",43.0,",,S",23.0,",,S",0.5555555555555556,6.111111111111111,-5.0,Sanandaj
IRM00040731,"GHAZVIN, IR",2025-02-18,0.0,",,S",,,38,"H,,S",52.0,",,S",24.0,",,S",3.3333333333333335,11.11111111111111,-4.444444444444445,Sanandaj
IR000040848,"SHIRAZ, IR",2025-02-19,0.0,",,S",,,45,"H,,S",58.0,",,S",32.0,",,S",7.222222222222222,14.444444444444445,0.0,Sanandaj
IRM00040811,"AHWAZ, IR",2025-02-19,0.0,",,S",,,60,"H,,S",76.0,",,S",47.0,",,S",15.555555555555555,24.444444444444443,8.333333333333334,Sanandaj
IRM00040809,"BIRJAND, IR",2025-02-19,0.0,",,S",,,44,"H,,S",58.0,",,S",,,6.666666666666667,14.444444444444445,,Sanandaj
IR000407540,"TEHRAN MEHRABAD, IR",2025-02-19,0.0,",,S",,,46,"H,,S",57.0,",,S",33.0,",,S",7.777777777777778,13.88888888888889,0.5555555555555556,Sanandaj
IR000040706,"TABRIZ, IR",2025-02-19,0.0,",,S",,,40,"H,,S",51.0,",,S",27.0,",,S",4.444444444444445,10.555555555555555,-2.7777777777777777,Sanandaj
IRM00040785,"KASHAN, IR",2025-02-19,0.0,",,S",,,49,"H,,S",63.0,",,S",33.0,",,S",9.444444444444445,17.22222222222222,0.5555555555555556,Sanandaj
IRM00040879,"IRAN SHAHR, IR",2025-02-19,0.0,",,S",,,70,"H,,S",80.0,",,S",,,21.11111111111111,26.666666666666668,,Sanandaj
IRM00040875,"BANDAR ABBASS INTERNATIONAL, IR",2025-02-19,0.0,",,S",,,71,"H,,S",82.0,",,S",,,21.666666666666668,27.77777777777778,,Sanandaj
IRM00040798,"SHAHRE KORD, IR",2025-02-19,0.0,",,S",,,31,"H,,S",53.0,",,S",9.0,",,S",-0.5555555555555556,11.666666666666666,-12.777777777777779,Sanandaj
IRM00040858,"BUSHEHR, IR",2025-02-19,0.0,",,S",,,62,"H,,S",68.0,",,S",56.0,",,S",16.666666666666668,20.0,13.333333333333334,Sanandaj
IRM00040723,"BOJNORD, IR",2025-02-19,0.0,",,S",,,39,"H,,S",55.0,",,S",21.0,",,S",3.888888888888889,12.777777777777779,-6.111111111111111,Sanandaj
IRM00040757,"SEMNAN, IR",2025-02-19,0.0,",,S",,,51,"H,,S",56.0,",,S",36.0,",,S",10.555555555555555,13.333333333333334,2.2222222222222223,Sanandaj
IR000408560,"ZAHEDAN, IR",2025-02-19,0.0,",,S",,,54,"H,,S",66.0,",,S",,,12.222222222222221,18.88888888888889,,Sanandaj
IRM00040800,"ESFAHAN SHAHID BEHESHTI INTERNATIONAL, IR",2025-02-19,0.0,",,S",,,40,"H,,S",60.0,",,S",,,4.444444444444445,15.555555555555555,,Sanandaj
IRM00040747,"SANANDAJ, IR",2025-02-19,0.0,",,S",,,38,"H,,S",55.0,",,S",,,3.3333333333333335,12.777777777777779,,Sanandaj
IR000040841,"KERMAN, IR",2025-02-19,0.0,",,S",,,46,"H,,S",60.0,",,S",35.0,",,S",7.777777777777778,15.555555555555555,1.6666666666666667,Sanandaj
IRM00040729,"ZANJAN, IR",2025-02-19,0.0,",,S",0.8,",,S",36,"H,,S",49.0,",,S",22.0,",,S",2.2222222222222223,9.444444444444445,-5.555555555555555,Sanandaj
IRM00040712,"UROMIYEH, IR",2025-02-19,0.0,",,S",3.9,",,S",35,"H,,S",45.0,",,S",,,1.6666666666666667,7.222222222222222,,Sanandaj
IRM00040827,"NEHBANDAN, IR",2025-02-19,0.0,",,S",,,54,"H,,S",66.0,",,S",,,12.222222222222221,18.88888888888889,,Sanandaj
IRM00040821,"YAZD SHAHID SADOOGHI, IR",2025-02-19,0.0,",,S",,,50,"H,,S",62.0,",,S",35.0,",,S",10.0,16.666666666666668,1.6666666666666667,Sanandaj
IRM00040831,"ABADAN, IR",2025-02-19,0.0,",,S",,,61,"H,,S",76.0,",,S",,,16.11111111111111,24.444444444444443,,Sanandaj
IR000407660,"KERMANSHAH, IR",2025-02-19,0.0,",,S",,,41,"H,,S",56.0,",,S",25.0,",,S",5.0,13.333333333333334,-3.888888888888889,Sanandaj
IRM00040731,"GHAZVIN, IR",2025-02-19,0.0,",,S",,,40,"H,,S",54.0,",,S",24.0,",,S",4.444444444444445,12.222222222222221,-4.444444444444445,Sanandaj
IR000040745,"MASHHAD, IR",2025-02-19,0.09,",,S",,,44,"H,,S",54.0,",,S",36.0,",,S",6.666666666666667,12.222222222222221,2.2222222222222223,Sanandaj
IRM00040769,"ARAK, IR",2025-02-19,0.0,",,S",0.4,",,S",39,"H,,S",52.0,",,S",,,3.888888888888889,11.11111111111111,,Sanandaj
IRM00040738,"GORGAN, IR",2025-02-19,0.0,",,S",,,48,"H,,S",65.0,",,S",31.0,",,S",8.88888888888889,18.333333333333332,-0.5555555555555556,Sanandaj
IRM00040800,"ESFAHAN SHAHID BEHESHTI INTERNATIONAL, IR",2025-02-20,0.0,",,S",,,44,"H,,S",65.0,",,S",,,6.666666666666667,18.333333333333332,,Sanandaj
IRM00040809,"BIRJAND, IR",2025-02-20,0.0,",,S",,,47,"H,,S",60.0,",,S",30.0,",,S",8.333333333333334,15.555555555555555,-1.1111111111111112,Sanandaj
IRM00040738,"GORGAN, IR",2025-02-20,0.0,",,S",,,52,"H,,S",61.0,",,S",39.0,",,S",11.11111111111111,16.11111111111111,3.888888888888889,Sanandaj
IRM00040827,"NEHBANDAN, IR",2025-02-20,0.0,",,S",,,51,"H,,S",61.0,",,S",38.0,",,S",10.555555555555555,16.11111111111111,3.3333333333333335,Sanandaj
IRM00040723,"BOJNORD, IR",2025-02-20,0.0,",,S",,,44,"H,,S",,,31.0,",,S",6.666666666666667,,-0.5555555555555556,Sanandaj
IRM00040731,"GHAZVIN, IR",2025-02-20,0.0,",,S",,,45,"H,,S",56.0,",,S",,,7.222222222222222,13.333333333333334,,Sanandaj
IRM00040858,"BUSHEHR, IR",2025-02-20,0.07,",,S",,,63,"H,,S",67.0,",,S",55.0,",,S",17.22222222222222,19.444444444444443,12.777777777777779,Sanandaj
IR000408560,"ZAHEDAN, IR",2025-02-20,0.0,",,S",,,52,"H,,S",63.0,",,S",35.0,",,S",11.11111111111111,17.22222222222222,1.6666666666666667,Sanandaj
IR000407660,"KERMANSHAH, IR",2025-02-20,0.0,",,S",,,41,"H,,S",55.0,",,S",26.0,",,S",5.0,12.777777777777779,-3.3333333333333335,Sanandaj
IRM00040811,"AHWAZ, IR",2025-02-20,0.06,",,S",,,60,"H,,S",72.0,",,S",,,15.555555555555555,22.22222222222222,,Sanandaj
IRM00040769,"ARAK, IR",2025-02-20,0.0,",,S",,,43,"H,,S",54.0,",,S",30.0,",,S",6.111111111111111,12.222222222222221,-1.1111111111111112,Sanandaj
IR000040745,"MASHHAD, IR",2025-02-20,0.0,",,S",,,47,"H,,S",60.0,",,S",35.0,",,S",8.333333333333334,15.555555555555555,1.6666666666666667,Sanandaj
IRM00040875,"BANDAR ABBASS INTERNATIONAL, IR",2025-02-20,0.02,",,S",,,70,"H,,S",83.0,",,S",55.0,",,S",21.11111111111111,28.333333333333332,12.777777777777779,Sanandaj
IRM00040879,"IRAN SHAHR, IR",2025-02-20,0.0,",,S",,,74,"H,,S",83.0,",,S",54.0,",,S",23.333333333333332,28.333333333333332,12.222222222222221,Sanandaj
IR000040841,"KERMAN, IR",2025-02-20,0.07,",,S",,,45,"H,,S",58.0,",,S",32.0,",,S",7.222222222222222,14.444444444444445,0.0,Sanandaj
IRM00040747,"SANANDAJ, IR",2025-02-20,0.0,",,S",,,39,"H,,S",52.0,",,S",27.0,",,S",3.888888888888889,11.11111111111111,-2.7777777777777777,Sanandaj
IRM00040712,"UROMIYEH, IR",2025-02-20,0.0,",,S",,,37,"H,,S",47.0,",,S",28.0,",,S",2.7777777777777777,8.333333333333334,-2.2222222222222223,Sanandaj
IRM00040798,"SHAHRE KORD, IR",2025-02-20,0.0,",,S",,,40,"H,,S",54.0,",,S",17.0,",,S",4.444444444444445,12.222222222222221,-8.333333333333334,Sanandaj
IR000040848,"SHIRAZ, IR",2025-02-20,0.1,",,S",,,42,"H,,S",49.0,",,S",,,5.555555555555555,9.444444444444445,,Sanandaj
IRM00040729,"ZANJAN, IR",2025-02-20,0.0,",,S",0.4,",,S",40,"H,,S",49.0,",,S",32.0,",,S",4.444444444444445,9.444444444444445,0.0,Sanandaj
IRM00040831,"ABADAN, IR",2025-02-20,0.0,",,S",,,62,"H,,S",,,54.0,",,S",16.666666666666668,,12.222222222222221,Sanandaj
IRM00040821,"YAZD SHAHID SADOOGHI, IR",2025-02-20,0.0,",,S",,,54,"H,,S",,,40.0,",,S",12.222222222222221,,4.444444444444445,Sanandaj
IR000040706,"TABRIZ, IR",2025-02-20,0.03,",,S",,,39,"H,,S",45.0,",,S",,,3.888888888888889,7.222222222222222,,Sanandaj
IRM00040785,"KASHAN, IR",2025-02-20,0.0,",,S",,,50,"H,,S",63.0,",,S",36.0,",,S",10.0,17.22222222222222,2.2222222222222223,Sanandaj
IR000407540,"TEHRAN MEHRABAD, IR",2025-02-20,0.0,",,S",,,51,"H,,S",,,40.0,",,S",10.555555555555555,,4.444444444444445,Sanandaj
IRM00040723,"BOJNORD, IR",2025-02-21,0.0,",,S",,,42,"H,,S",57.0,",,S",27.0,",,S",5.555555555555555,13.88888888888889,-2.7777777777777777,Sanandaj
IRM00040738,"GORGAN, IR",2025-02-21,0.11,",,S",,,48,"H,,S",53.0,",,S",,,8.88888888888889,11.666666666666666,,Sanandaj
IR000408560,"ZAHEDAN, IR",2025-02-21,0.0,",,S",,,61,"H,,S",70.0,",,S",50.0,",,S",16.11111111111111,21.11111111111111,10.0,Sanandaj
IRM00040811,"AHWAZ, IR",2025-02-21,0.0,",,S",,,65,"H,,S",79.0,",,S",52.0,",,S",18.333333333333332,26.11111111111111,11.11111111111111,Sanandaj
IRM00040798,"SHAHRE KORD, IR",2025-02-21,0.0,",,S",,,44,"H,,S",,,33.0,",,S",6.666666666666667,,0.5555555555555556,Sanandaj
IRM00040747,"SANANDAJ, IR",2025-02-21,0.09,",,S",,,40,"H,,S",,,,,4.444444444444445,,,Sanandaj
IR000040841,"KERMAN, IR",2025-02-21,0.0,",,S",,,53,"H,,S",65.0,",,S",42.0,",,S",11.666666666666666,18.333333333333332,5.555555555555555,Sanandaj
IR000407660,"KERMANSHAH, IR",2025-02-21,0.23,",,S",,,41,"H,,S",47.0,",,S",37.0,",,S",5.0,8.333333333333334,2.7777777777777777,Sanandaj
IRM00040879,"IRAN SHAHR, IR",2025-02-21,0.0,",,S",,,72,"H,,S",84.0,",,S",62.0,",,S",22.22222222222222,28.88888888888889,16.666666666666668,Sanandaj
IR000040706,"TABRIZ, IR",2025-02-21,0.17,",,S",,,30,"H,,S",38.0,",,S",,,-1.1111111111111112,3.3333333333333335,,Sanandaj
IRM00040712,"UROMIYEH, IR",2025-02-21,0.0,",,S",2.8,",,S",32,"H,,S",42.0,",,S",,,0.0,5.555555555555555,,Sanandaj
IRM00040831,"ABADAN, IR",2025-02-21,0.0,",,S",,,65,"H,,S",,,,,18.333333333333332,,,Sanandaj
IRM00040800,"ESFAHAN SHAHID BEHESHTI INTERNATIONAL, IR",2025-02-21,0.0,",,S",,,49,"H,,S",65.0,",,S",,,9.444444444444445,18.333333333333332,,Sanandaj
IR000040848,"SHIRAZ, IR",2025-02-21,0.02,",,S",,,47,"H,,S",63.0,",,S",33.0,",,S",8.333333333333334,17.22222222222222,0.5555555555555556,Sanandaj
IRM00040827,"NEHBANDAN, IR",2025-02-21,0.0,",,S",,,57,"H,,S",72.0,",,S",45.0,",,S",13.88888888888889,22.22222222222222,7.222222222222222,Sanandaj
IRM00040821,"YAZD SHAHID SADOOGHI, IR",2025-02-21,0.0,",,S",,,59,"H,,S",72.0,",,S",46.0,",,S",15.0,22.22222222222222,7.777777777777778,Sanandaj
IRM00040785,"KASHAN, IR",2025-02-21,0.0,",,S",,,54,"H,,S",66.0,",,S",40.0,",,S",12.222222222222221,18.88888888888889,4.444444444444445,Sanandaj
IR000040745,"MASHHAD, IR",2025-02-21,0.0,",,S",,,51,"H,,S",64.0,",,S",37.0,",,S",10.555555555555555,17.77777777777778,2.7777777777777777,Sanandaj
IR000407540,"TEHRAN MEHRABAD, IR",2025-02-21,0.0,",,S",,,52,"H,,S",57.0,",,S",,,11.11111111111111,13.88888888888889,,Sanandaj
IRM00040769,"ARAK, IR",2025-02-21,0.01,",,S",0.4,",,S",48,"H,,S",,,37.0,",,S",8.88888888888889,,2.7777777777777777,Sanandaj
IRM00040809,"BIRJAND, IR",2025-02-21,0.0,",,S",,,52,"H,,S",65.0,",,S",42.0,",,S",11.11111111111111,18.333333333333332,5.555555555555555,Sanandaj
IRM00040858,"BUSHEHR, IR",2025-02-21,0.0,",,S",,,64,"H,,S",,,57.0,",,S",17.77777777777778,,13.88888888888889,Sanandaj
IRM00040731,"GHAZVIN, IR",2025-02-21,0.0,",,S",,,42,"H,,S",50.0,",,S",,,5.555555555555555,10.0,,Sanandaj
IRM00040729,"ZANJAN, IR",2025-02-21,0.12,",,S",0.8,",,S",36,"H,,S",41.0,",,S",33.0,",,S",2.2222222222222223,5.0,0.5555555555555556,Sanandaj
IRM00040875,"BANDAR ABBASS INTERNATIONAL, IR",2025-02-21,0.01,",,S",,,73,"H,,S",83.0,",,S",,,22.77777777777778,28.333333333333332,,Sanandaj
IRM00040738,"GORGAN, IR",2025-02-22,0.07,",,S",,,42,"H,,S",46.0,",,S",,,5.555555555555555,7.777777777777778,,Sanandaj
IRM00040731,"GHAZVIN, IR",2025-02-22,0.19,",,S",,,35,"H,,S",47.0,",,S",27.0,",,S",1.6666666666666667,8.333333333333334,-2.7777777777777777,Sanandaj
IR000407660,"KERMANSHAH, IR",2025-02-22,0.44,",,S",,,36,"H,,S",43.0,",,S",,,2.2222222222222223,6.111111111111111,,Sanandaj
IR000407540,"TEHRAN MEHRABAD, IR",2025-02-22,0.0,",,S",,,47,"H,,S",54.0,",,S",,,8.333333333333334,12.222222222222221,,Sanandaj
IRM00040800,"ESFAHAN SHAHID BEHESHTI INTERNATIONAL, IR",2025-02-22,0.0,",,S",,,49,"H,,S",65.0,",,S",,,9.444444444444445,18.333333333333332,,Sanandaj
IR000040848,"SHIRAZ, IR",2025-02-22,0.0,",,S",,,50,"H,,S",66.0,",,S",33.0,",,S",10.0,18.88888888888889,0.5555555555555556,Sanandaj
IRM00040831,"ABADAN, IR",2025-02-22,0.0,",,S",,,66,"H,,S",79.0,",,S",,,18.88888888888889,26.11111111111111,,Sanandaj
IRM00040879,"IRAN SHAHR, IR",2025-02-22,0.0,",,S",,,73,"H,,S",85.0,",,S",56.0,",,S",22.77777777777778,29.444444444444443,13.333333333333334,Sanandaj
IR000040706,"TABRIZ, IR",2025-02-22,0.0,",,S",0.4,",,S",27,"H,,S",40.0,",,S",15.0,",,S",-2.7777777777777777,4.444444444444445,-9.444444444444445,Sanandaj
IRM00040785,"KASHAN, IR",2025-02-22,0.0,",,S",,,51,"H,,S",59.0,",,S",40.0,",,S",10.555555555555555,15.0,4.444444444444445,Sanandaj
IRM00040729,"ZANJAN, IR",2025-02-22,0.06,",,S",2.0,",,S",32,"H,,S",38.0,",,S",25.0,",,S",0.0,3.3333333333333335,-3.888888888888889,Sanandaj
IRM00040821,"YAZD SHAHID SADOOGHI, IR",2025-02-22,0.0,",,S",,,63,"H,,S",74.0,",,S",47.0,",,S",17.22222222222222,23.333333333333332,8.333333333333334,Sanandaj
IRM00040809,"BIRJAND, IR",2025-02-22,0.0,",,S",,,57,"H,,S",,,,,13.88888888888889,,,Sanandaj
IR000408560,"ZAHEDAN, IR",2025-02-22,0.0,",,S",,,65,"H,,S",76.0,",,S",47.0,",,S",18.333333333333332,24.444444444444443,8.333333333333334,Sanandaj
IRM00040858,"BUSHEHR, IR",2025-02-22,0.0,",,S",,,67,"H,,S",,,57.0,",,S",19.444444444444443,,13.88888888888889,Sanandaj
IRM00040798,"SHAHRE KORD, IR",2025-02-22,0.0,",,S",,,44,"H,,S",50.0,",,S",38.0,",,S",6.666666666666667,10.0,3.3333333333333335,Sanandaj
IR000040745,"MASHHAD, IR",2025-02-22,0.0,",,S",,,44,"H,,S",58.0,",,S",,,6.666666666666667,14.444444444444445,,Sanandaj
IRM00040723,"BOJNORD, IR",2025-02-22,0.0,",,S",,,38,"H,,S",46.0,",,S",,,3.3333333333333335,7.777777777777778,,Sanandaj
IR000040841,"KERMAN, IR",2025-02-22,0.0,",,S",,,54,"H,,S",71.0,",,S",32.0,",,S",12.222222222222221,21.666666666666668,0.0,Sanandaj
IRM00040875,"BANDAR ABBASS INTERNATIONAL, IR",2025-02-22,0.0,",,S",,,70,"H,,S",83.0,",,S",57.0,",,S",21.11111111111111,28.333333333333332,13.88888888888889,Sanandaj
IRM00040712,"UROMIYEH, IR",2025-02-22,0.0,",,S",2.0,",,S",26,"H,,S",36.0,",,S",,,-3.3333333333333335,2.2222222222222223,,Sanandaj
IRM00040769,"ARAK, IR",2025-02-22,0.0,",,S",,,45,"H,,S",,,,,7.222222222222222,,,Sanandaj
IRM00040811,"AHWAZ, IR",2025-02-22,0.0,",,S",,,67,"H,,S",81.0,",,S",55.0,",,S",19.444444444444443,27.22222222222222,12.777777777777779,Sanandaj
IRM00040747,"SANANDAJ, IR",2025-02-22,0.17,",,S",0.8,",,S",33,"H,,S",42.0,",,S",,,0.5555555555555556,5.555555555555555,,Sanandaj
IRM00040827,"NEHBANDAN, IR",2025-02-22,0.0,",,S",,,58,"H,,S",73.0,",,S",42.0,",,S",14.444444444444445,22.77777777777778,5.555555555555555,Sanandaj
IRM00040809,"BIRJAND, IR",2025-02-23,0.0,",,S",,,61,"H,,S",,,44.0,",,S",16.11111111111111,,6.666666666666667,Sanandaj
IRM00040769,"ARAK, IR",2025-02-23,0.11,",,S",1.2,",,S",37,"H,,S",,,,,2.7777777777777777,,,Sanandaj
IR000407540,"TEHRAN MEHRABAD, IR",2025-02-23,0.09,",,S",,,43,"H,,S",51.0,",,S",,,6.111111111111111,10.555555555555555,,Sanandaj
IR000040841,"KERMAN, IR",2025-02-23,0.0,",,S",,,55,"H,,S",65.0,",,S",41.0,",,S",12.777777777777779,18.333333333333332,5.0,Sanandaj
IR000040745,"MASHHAD, IR",2025-02-23,0.04,",,S",,,39,"H,,S",50.0,",,S",,,3.888888888888889,10.0,,Sanandaj
IRM00040879,"IRAN SHAHR, IR",2025-02-23,0.0,",,S",,,73,"H,,S",83.0,",,S",58.0,",,S",22.77777777777778,28.333333333333332,14.444444444444445,Sanandaj
IRM00040831,"ABADAN, IR",2025-02-23,0.0,",,S",,,58,"H,,S",69.0,",,S",,,14.444444444444445,20.555555555555557,,Sanandaj
IR000407660,"KERMANSHAH, IR",2025-02-23,0.0,",,S",,,30,"H,,S",41.0,",,S",,,-1.1111111111111112,5.0,,Sanandaj
IRM00040731,"GHAZVIN, IR",2025-02-23,0.01,",,S",1.6,",,S",33,"H,,S",42.0,",,S",24.0,",,S",0.5555555555555556,5.555555555555555,-4.444444444444445,Sanandaj
IRM00040800,"ESFAHAN SHAHID BEHESHTI INTERNATIONAL, IR",2025-02-23,0.0,",,S",,,51,"H,,S",63.0,",,S",,,10.555555555555555,17.22222222222222,,Sanandaj
IRM00040757,"SEMNAN, IR",2025-02-23,0.0,",,S",,,49,"H,,S",61.0,",,S",,,9.444444444444445,16.11111111111111,,Sanandaj
IRM00040827,"NEHBANDAN, IR",2025-02-23,0.0,",,S",,,65,"H,,S",76.0,",,S",46.0,",,S",18.333333333333332,24.444444444444443,7.777777777777778,Sanandaj
IR000040706,"TABRIZ, IR",2025-02-23,0.06,",,S",,,20,"H,,S",33.0,",,S",,,-6.666666666666667,0.5555555555555556,,Sanandaj
IRM00040712,"UROMIYEH, IR",2025-02-23,0.02,",,S",2.0,",,S",21,"H,,S",30.0,",,S",,,-6.111111111111111,-1.1111111111111112,,Sanandaj
IRM00040785,"KASHAN, IR",2025-02-23,0.0,",,S",,,44,"H,,S",55.0,",,S",38.0,",,S",6.666666666666667,12.777777777777779,3.3333333333333335,Sanandaj
IRM00040875,"BANDAR ABBASS INTERNATIONAL, IR",2025-02-23,0.0,",,S",,,74,"H,,S",85.0,",,S",58.0,",,S",23.333333333333332,29.444444444444443,14.444444444444445,Sanandaj
IRM00040747,"SANANDAJ, IR",2025-02-23,0.0,",,S",,,30,"H,,S",39.0,",,S",,,-1.1111111111111112,3.888888888888889,,Sanandaj
IRM00040858,"BUSHEHR, IR",2025-02-23,0.0,",,S",,,65,"H,,S",,,,,18.333333333333332,,,Sanandaj
IR000040848,"SHIRAZ, IR",2025-02-23,0.3,",,S",,,49,"H,,S",56.0,",,S",46.0,",,S",9.444444444444445,13.333333333333334,7.777777777777778,Sanandaj
IRM00040798,"SHAHRE KORD, IR",2025-02-23,0.0,",,S",,,43,"H,,S",53.0,",,S",,,6.111111111111111,11.666666666666666,,Sanandaj
IRM00040738,"GORGAN, IR",2025-02-23,0.13,",,S",,,42,"H,,S",45.0,",,S",,,5.555555555555555,7.222222222222222,,Sanandaj
IRM00040729,"ZANJAN, IR",2025-02-23,0.0,",,S",1.2,",,S",28,"H,,S",,,,,-2.2222222222222223,,,Sanandaj
IRM00040821,"YAZD SHAHID SADOOGHI, IR",2025-02-23,0.0,",,S",,,64,"H,,S",71.0,",,S",,,17.77777777777778,21.666666666666668,,Sanandaj
IR000408560,"ZAHEDAN, IR",2025-02-23,0.0,",,S",,,66,"H,,S",74.0,",,S",,,18.88888888888889,23.333333333333332,,Sanandaj
IRM00040811,"AHWAZ, IR",2025-02-23,0.0,",,S",,,59,"H,,S",77.0,",,S",,,15.0,25.0,,Sanandaj
IRM00040723,"BOJNORD, IR",2025-02-23,0.0,",,S",,,35,"H,,S",40.0,",,S",30.0,",,S",1.6666666666666667,4.444444444444445,-1.1111111111111112,Sanandaj
IRM00040827,"NEHBANDAN, IR",2025-02-24,0.39,",,S",,,63,"H,,S",73.0,",,S",57.0,",,S",17.22222222222222,22.77777777777778,13.88888888888889,Sanandaj
IRM00040800,"ESFAHAN SHAHID BEHESHTI INTERNATIONAL, IR",2025-02-24,0.0,",,S",,,44,"H,,S",57.0,",,S",,,6.666666666666667,13.88888888888889,,Sanandaj
IR000040706,"TABRIZ, IR",2025-02-24,0.0,",,S",0.8,",,S",15,"H,,S",24.0,",,S",,,-9.444444444444445,-4.444444444444445,,Sanandaj
IRM00040747,"SANANDAJ, IR",2025-02-24,0.0,",,S",,,22,"H,,S",32.0,",,S",,,-5.555555555555555,0.0,,Sanandaj
IR000040745,"MASHHAD, IR",2025-02-24,0.03,",,S",,,35,"H,,S",,,,,1.6666666666666667,,,Sanandaj
IRM00040723,"BOJNORD, IR",2025-02-24,0.0,",,S",,,32,"H,,S",35.0,",,S",,,0.0,1.6666666666666667,,Sanandaj
IRM00040875,"BANDAR ABBASS INTERNATIONAL, IR",2025-02-24,0.0,",,S",,,74,"H,,S",80.0,",,S",,,23.333333333333332,26.666666666666668,,Sanandaj
IRM00040821,"YAZD SHAHID SADOOGHI, IR",2025-02-24,0.0,",,S",,,60,"H,,S",69.0,",,S",,,15.555555555555555,20.555555555555557,,Sanandaj
IRM00040712,"UROMIYEH, IR",2025-02-24,0.0,",,S",,,19,"H,,S",27.0,",,S",11.0,",,S",-7.222222222222222,-2.7777777777777777,-11.666666666666666,Sanandaj
IRM00040858,"BUSHEHR, IR",2025-02-24,0.0,",,S",,,60,"H,,S",66.0,",,S",,,15.555555555555555,18.88888888888889,,Sanandaj
IRM00040729,"ZANJAN, IR",2025-02-24,0.06,",,S",1.2,",,S",17,"H,,S",28.0,",,S",,,-8.333333333333334,-2.2222222222222223,,Sanandaj
IRM00040738,"GORGAN, IR",2025-02-24,0.09,",,S",,,41,"H,,S",49.0,",,S",,,5.0,9.444444444444445,,Sanandaj
IR000408560,"ZAHEDAN, IR",2025-02-24,0.06,",,S",,,63,"H,,S",71.0,",,S",,,17.22222222222222,21.666666666666668,,Sanandaj
IRM00040809,"BIRJAND, IR",2025-02-24,0.01,",,S",,,60,"H,,S",67.0,",,S",,,15.555555555555555,19.444444444444443,,Sanandaj
IRM00040798,"SHAHRE KORD, IR",2025-02-24,0.0,",,S",,,35,"H,,S",,,,,1.6666666666666667,,,Sanandaj
IR000040841,"KERMAN, IR",2025-02-24,0.0,",,S",,,52,"H,,S",58.0,",,S",,,11.11111111111111,14.444444444444445,,Sanandaj
IR000407660,"KERMANSHAH, IR",2025-02-24,0.0,",,S",,,26,"H,,S",34.0,",,S",,,-3.3333333333333335,1.1111111111111112,,Sanandaj
IR000407540,"TEHRAN MEHRABAD, IR",2025-02-24,0.0,",,S",,,36,"H,,S",46.0,",,S",,,2.2222222222222223,7.777777777777778,,Sanandaj
IRM00040731,"GHAZVIN, IR",2025-02-24,0.0,",,S",,,27,"H,,S",35.0,",,S",,,-2.7777777777777777,1.6666666666666667,,Sanandaj
IRM00040811,"AHWAZ, IR",2025-02-24,0.0,",,S",,,51,"H,,S",63.0,",,S",,,10.555555555555555,17.22222222222222,,Sanandaj
IRM00040879,"IRAN SHAHR, IR",2025-02-24,0.0,",,S",,,76,"H,,S",85.0,",,S",65.0,",,S",24.444444444444443,29.444444444444443,18.333333333333332,Sanandaj
IRM00040785,"KASHAN, IR",2025-02-24,0.0,",,S",,,40,"H,,S",53.0,",,S",,,4.444444444444445,11.666666666666666,,Sanandaj
IRM00040769,"ARAK, IR",2025-02-24,0.03,",,S",,,35,"H,,S",42.0,",,S",,,1.6666666666666667,5.555555555555555,,Sanandaj
IRM00040831,"ABADAN, IR",2025-02-24,0.0,",,S",,,52,"H,,S",63.0,",,S",,,11.11111111111111,17.22222222222222,,Sanandaj
IR000040848,"SHIRAZ, IR",2025-02-24,0.0,",,S",,,49,"H,,S",57.0,",,S",,,9.444444444444445,13.88888888888889,,Sanandaj
IRM00040798,"SHAHRE KORD, IR",2025-02-25,0.0,",,S",,,24,"H,,S",,,,,-4.444444444444445,,,Sanandaj
IRM00040809,"BIRJAND, IR",2025-02-25,0.0,",,S",,,43,"H,,S",59.0,",,S",,,6.111111111111111,15.0,,Sanandaj
IRM00040747,"SANANDAJ, IR",2025-02-25,0.0,",,S",,,22,"H,,S",33.0,",,S",11.0,",,S",-5.555555555555555,0.5555555555555556,-11.666666666666666,Sanandaj
IR000040848,"SHIRAZ, IR",2025-02-25,0.0,",,S",,,43,"H,,S",50.0,",,S",,,6.111111111111111,10.0,,Sanandaj
IR000407660,"KERMANSHAH, IR",2025-02-25,0.0,",,S",,,25,"H,,S",35.0,",,S",,,-3.888888888888889,1.6666666666666667,,Sanandaj
IRM00040729,"ZANJAN, IR",2025-02-25,0.0,",,S",1.6,",,S",18,"H,,S",27.0,",,S",-3.0,",,S",-7.777777777777778,-2.7777777777777777,-19.444444444444443,Sanandaj
IR000408560,"ZAHEDAN, IR",2025-02-25,0.14,",,S",,,60,"H,,S",66.0,",,S",,,15.555555555555555,18.88888888888889,,Sanandaj
IRM00040875,"BANDAR ABBASS INTERNATIONAL, IR",2025-02-25,0.0,",,S",,,74,"H,,S",,,68.0,",,S",23.333333333333332,,20.0,Sanandaj
IRM00040811,"AHWAZ, IR",2025-02-25,0.0,",,S",,,47,"H,,S",56.0,",,S",37.0,",,S",8.333333333333334,13.333333333333334,2.7777777777777777,Sanandaj
IRM00040821,"YAZD SHAHID SADOOGHI, IR",2025-02-25,0.0,",,S",,,37,"H,,S",60.0,",,S",,,2.7777777777777777,15.555555555555555,,Sanandaj
IRM00040858,"BUSHEHR, IR",2025-02-25,0.0,",,S",,,53,"H,,S",62.0,",,S",50.0,",,S",11.666666666666666,16.666666666666668,10.0,Sanandaj
IR000040841,"KERMAN, IR",2025-02-25,0.0,",,S",,,47,"H,,S",61.0,",,S",,,8.333333333333334,16.11111111111111,,Sanandaj
IR000407540,"TEHRAN MEHRABAD, IR",2025-02-25,0.0,",,S",,,29,"H,,S",38.0,",,S",,,-1.6666666666666667,3.3333333333333335,,Sanandaj
IRM00040731,"GHAZVIN, IR",2025-02-25,0.0,",,S",,,24,"H,,S",35.0,",,S",16.0,",,S",-4.444444444444445,1.6666666666666667,-8.88888888888889,Sanandaj
IRM00040879,"IRAN SHAHR, IR",2025-02-25,0.31,",,S",,,69,"H,,S",79.0,",,S",,,20.555555555555557,26.11111111111111,,Sanandaj
IR000040745,"MASHHAD, IR",2025-02-25,0.27,",,S",0.8,",,S",29,"H,,S",35.0,",,S",,,-1.6666666666666667,1.6666666666666667,,Sanandaj
IRM00040738,"GORGAN, IR",2025-02-25,0.0,",,S",,,37,"H,,S",47.0,",,S",,,2.7777777777777777,8.333333333333334,,Sanandaj
IRM00040831,"ABADAN, IR",2025-02-25,0.0,",,S",,,47,"H,,S",55.0,",,S",35.0,",,S",8.333333333333334,12.777777777777779,1.6666666666666667,Sanandaj
IRM00040785,"KASHAN, IR",2025-02-25,0.0,",,S",,,35,"H,,S",53.0,",,S",27.0,",,S",1.6666666666666667,11.666666666666666,-2.7777777777777777,Sanandaj
IRM00040769,"ARAK, IR",2025-02-25,0.0,",,S",0.8,",,S",21,"H,,S",32.0,",,S",14.0,",,S",-6.111111111111111,0.0,-10.0,Sanandaj
IRM00040827,"NEHBANDAN, IR",2025-02-25,0.0,",,S",,,57,"H,,S",71.0,",,S",,,13.88888888888889,21.666666666666668,,Sanandaj
IR000040706,"TABRIZ, IR",2025-02-25,0.0,",,S",0.4,",,S",20,"H,,S",31.0,",,S",4.0,",,S",-6.666666666666667,-0.5555555555555556,-15.555555555555555,Sanandaj
IRM00040800,"ESFAHAN SHAHID BEHESHTI INTERNATIONAL, IR",2025-02-25,0.0,",,S",,,29,"H,,S",46.0,",,S",,,-1.6666666666666667,7.777777777777778,,Sanandaj
IRM00040712,"UROMIYEH, IR",2025-02-25,0.0,",,S",2.4,",,S",22,"H,,S",33.0,",,S",,,-5.555555555555555,0.5555555555555556,,Sanandaj
IRM00040723,"BOJNORD, IR",2025-02-25,0.0,",,S",0.4,",,S",22,"H,,S",32.0,",,S",,,-5.555555555555555,0.0,,Sanandaj
IRM00040809,"BIRJAND, IR",2025-02-26,0.0,",,S",,,38,"H,,S",51.0,",,S",,,3.3333333333333335,10.555555555555555,,Sanandaj
IRM00040831,"ABADAN, IR",2025-02-26,0.0,",,S",,,51,"H,,S",61.0,",,S",39.0,",,S",10.555555555555555,16.11111111111111,3.888888888888889,Sanandaj
IR000040848,"SHIRAZ, IR",2025-02-26,0.0,",,S",,,43,"H,,S",56.0,",,S",26.0,",,S",6.111111111111111,13.333333333333334,-3.3333333333333335,Sanandaj
IRM00040723,"BOJNORD, IR",2025-02-26,0.0,",,S",,,27,"H,,S",41.0,",,S",11.0,",,S",-2.7777777777777777,5.0,-11.666666666666666,Sanandaj
IR000040745,"MASHHAD, IR",2025-02-26,0.0,",,S",3.1,",,S",29,"H,,S",38.0,",,S",17.0,",,S",-1.6666666666666667,3.3333333333333335,-8.333333333333334,Sanandaj
IRM00040858,"BUSHEHR, IR",2025-02-26,0.0,",,S",,,54,"H,,S",,,46.0,",,S",12.222222222222221,,7.777777777777778,Sanandaj
IRM00040800,"ESFAHAN SHAHID BEHESHTI INTERNATIONAL, IR",2025-02-26,0.0,",,S",,,32,"H,,S",54.0,",,S",,,0.0,12.222222222222221,,Sanandaj
IRM00040798,"SHAHRE KORD, IR",2025-02-26,0.0,",,S",,,28,"H,,S",43.0,",,S",5.0,",,S",-2.2222222222222223,6.111111111111111,-15.0,Sanandaj
IRM00040731,"GHAZVIN, IR",2025-02-26,0.0,",,S",,,27,"H,,S",,,15.0,",,S",-2.7777777777777777,,-9.444444444444445,Sanandaj
IRM00040729,"ZANJAN, IR",2025-02-26,0.0,",,S",1.2,",,S",24,"H,,S",32.0,",,S",13.0,",,S",-4.444444444444445,0.0,-10.555555555555555,Sanandaj
IRM00040879,"IRAN SHAHR, IR",2025-02-26,0.0,",,S",,,65,"H,,S",74.0,",,S",56.0,",,S",18.333333333333332,23.333333333333332,13.333333333333334,Sanandaj
IRM00040738,"GORGAN, IR",2025-02-26,0.0,",,S",,,38,"H,,S",54.0,",,S",22.0,",,S",3.3333333333333335,12.222222222222221,-5.555555555555555,Sanandaj
IRM00040811,"AHWAZ, IR",2025-02-26,0.0,",,S",,,51,"H,,S",63.0,",,S",41.0,",,S",10.555555555555555,17.22222222222222,5.0,Sanandaj
IR000040841,"KERMAN, IR",2025-02-26,0.0,",,S",,,43,"H,,S",,,25.0,",,S",6.111111111111111,,-3.888888888888889,Sanandaj
IR000407540,"TEHRAN MEHRABAD, IR",2025-02-26,0.0,",,S",,,35,"H,,S",43.0,",,S",25.0,",,S",1.6666666666666667,6.111111111111111,-3.888888888888889,Sanandaj
IR000408560,"ZAHEDAN, IR",2025-02-26,0.0,",,S",,,49,"H,,S",61.0,",,S",,,9.444444444444445,16.11111111111111,,Sanandaj
IRM00040769,"ARAK, IR",2025-02-26,0.0,",,S",0.8,",,S",30,"H,,S",,,,,-1.1111111111111112,,,Sanandaj
IR000407660,"KERMANSHAH, IR",2025-02-26,0.0,",,S",,,29,"H,,S",,,,,-1.6666666666666667,,,Sanandaj
IRM00040747,"SANANDAJ, IR",2025-02-26,0.0,",,S",,,26,"H,,S",39.0,",,S",,,-3.3333333333333335,3.888888888888889,,Sanandaj
IRM00040821,"YAZD SHAHID SADOOGHI, IR",2025-02-26,0.0,",,S",,,39,"H,,S",,,,,3.888888888888889,,,Sanandaj
IRM00040712,"UROMIYEH, IR",2025-02-26,0.0,",,S",2.4,",,S",24,"H,,S",34.0,",,S",12.0,",,S",-4.444444444444445,1.1111111111111112,-11.11111111111111,Sanandaj
IRM00040875,"BANDAR ABBASS INTERNATIONAL, IR",2025-02-26,0.0,",,S",,,68,"H,,S",75.0,",,S",58.0,",,S",20.0,23.88888888888889,14.444444444444445,Sanandaj
IRM00040827,"NEHBANDAN, IR",2025-02-26,0.0,",,S",,,42,"H,,S",58.0,",,S",33.0,",,S",5.555555555555555,14.444444444444445,0.5555555555555556,Sanandaj
IRM00040785,"KASHAN, IR",2025-02-26,0.0,",,S",,,37,"H,,S",50.0,",,S",24.0,",,S",2.7777777777777777,10.0,-4.444444444444445,Sanandaj
IR000040706,"TABRIZ, IR",2025-02-26,0.0,",,S",,,25,"H,,S",34.0,",,S",13.0,",,S",-3.888888888888889,1.1111111111111112,-10.555555555555555,Sanandaj
IRM00040729,"ZANJAN, IR",2025-02-27,0.0,",,S",1.2,",,S",24,"H,,S",35.0,",,S",11.0,",,S",-4.444444444444445,1.6666666666666667,-11.666666666666666,Sanandaj
IRM00040798,"SHAHRE KORD, IR",2025-02-27,0.0,",,S",,,29,"H,,S",47.0,",,S",,,-1.6666666666666667,8.333333333333334,,Sanandaj
IR000407660,"KERMANSHAH, IR",2025-02-27,0.0,",,S",,,31,"H,,S",45.0,",,S",15.0,",,S",-0.5555555555555556,7.222222222222222,-9.444444444444445,Sanandaj
IRM00040811,"AHWAZ, IR",2025-02-27,0.0,",,S",,,53,"H,,S",,,37.0,",,S",11.666666666666666,,2.7777777777777777,Sanandaj
IRM00040747,"SANANDAJ, IR",2025-02-27,0.0,",,S",,,27,"H,,S",44.0,",,S",,,-2.7777777777777777,6.666666666666667,,Sanandaj
IR000407540,"TEHRAN MEHRABAD, IR",2025-02-27,0.0,",,S",,,36,"H,,S",43.0,",,S",,,2.2222222222222223,6.111111111111111,,Sanandaj
IR000408560,"ZAHEDAN, IR",2025-02-27,0.0,",,S",,,54,"H,,S",60.0,",,S",,,12.222222222222221,15.555555555555555,,Sanandaj
IR000040706,"TABRIZ, IR",2025-02-27,0.0,",,S",,,25,"H,,S",35.0,",,S",,,-3.888888888888889,1.6666666666666667,,Sanandaj
IRM00040800,"ESFAHAN SHAHID BEHESHTI INTERNATIONAL, IR",2025-02-27,0.0,",,S",,,36,"H,,S",58.0,",,S",,,2.2222222222222223,14.444444444444445,,Sanandaj
IRM00040858,"BUSHEHR, IR",2025-02-27,0.0,",,S",,,57,"H,,S",,,,,13.88888888888889,,,Sanandaj
IRM00040712,"UROMIYEH, IR",2025-02-27,0.0,",,S",2.4,",,S",26,"H,,S",37.0,",,S",18.0,",,S",-3.3333333333333335,2.7777777777777777,-7.777777777777778,Sanandaj
IRM00040769,"ARAK, IR",2025-02-27,0.0,",,S",0.4,",,S",34,"H,,S",45.0,",,S",,,1.1111111111111112,7.222222222222222,,Sanandaj
IRM00040723,"BOJNORD, IR",2025-02-27,0.0,",,S",,,30,"H,,S",40.0,",,S",,,-1.1111111111111112,4.444444444444445,,Sanandaj
IR000040848,"SHIRAZ, IR",2025-02-27,0.0,",,S",,,47,"H,,S",58.0,",,S",,,8.333333333333334,14.444444444444445,,Sanandaj
IRM00040738,"GORGAN, IR",2025-02-27,0.0,",,S",,,40,"H,,S",55.0,",,S",,,4.444444444444445,12.777777777777779,,Sanandaj
IRM00040879,"IRAN SHAHR, IR",2025-02-27,0.0,",,S",,,64,"H,,S",70.0,",,S",,,17.77777777777778,21.11111111111111,,Sanandaj
IR000040745,"MASHHAD, IR",2025-02-27,0.0,",,S",,,35,"H,,S",44.0,",,S",,,1.6666666666666667,6.666666666666667,,Sanandaj
IRM00040831,"ABADAN, IR",2025-02-27,0.0,",,S",,,53,"H,,S",63.0,",,S",,,11.666666666666666,17.22222222222222,,Sanandaj
IR000040841,"KERMAN, IR",2025-02-27,0.0,",,S",,,47,"H,,S",56.0,",,S",,,8.333333333333334,13.333333333333334,,Sanandaj
IRM00040821,"YAZD SHAHID SADOOGHI, IR",2025-02-27,0.0,",,S",,,44,"H,,S",59.0,",,S",28.0,",,S",6.666666666666667,15.0,-2.2222222222222223,Sanandaj
IRM00040731,"GHAZVIN, IR",2025-02-27,0.0,",,S",,,29,"H,,S",42.0,",,S",17.0,",,S",-1.6666666666666667,5.555555555555555,-8.333333333333334,Sanandaj
IRM00040875,"BANDAR ABBASS INTERNATIONAL, IR",2025-02-27,0.0,",,S",,,69,"H,,S",72.0,",,S",,,20.555555555555557,22.22222222222222,,Sanandaj
IRM00040785,"KASHAN, IR",2025-02-27,0.0,",,S",,,40,"H,,S",52.0,",,S",29.0,",,S",4.444444444444445,11.11111111111111,-1.6666666666666667,Sanandaj
IRM00040809,"BIRJAND, IR",2025-02-27,0.0,",,S",,,38,"H,,S",53.0,",,S",,,3.3333333333333335,11.666666666666666,,Sanandaj
IRM00040827,"NEHBANDAN, IR",2025-02-27,0.0,",,S",,,49,"H,,S",61.0,",,S",37.0,",,S",9.444444444444445,16.11111111111111,2.7777777777777777,Sanandaj
IRM00040757,"SEMNAN, IR",2025-02-27,0.0,",,S",,,35,"H,,S",50.0,",,S",25.0,",,S",1.6666666666666667,10.0,-3.888888888888889,Sanandaj
IRM00040738,"GORGAN, IR",2025-02-28,0.0,",,S",,,39,"H,,S",,,26.0,",,S",3.888888888888889,,-3.3333333333333335,Sanandaj
IRM00040811,"AHWAZ, IR",2025-02-28,0.0,",,S",,,50,"H,,S",,,,,10.0,,,Sanandaj
IRM00040747,"SANANDAJ, IR",2025-02-28,0.0,",,S",,,27,"H,,S",,,15.0,",,S",-2.7777777777777777,,-9.444444444444445,Sanandaj
IRM00040821,"YAZD SHAHID SADOOGHI, IR",2025-02-28,0.0,",,S",,,39,"H,,S",,,32.0,",,S",3.888888888888889,,0.0,Sanandaj
IR000040745,"MASHHAD, IR",2025-02-28,0.0,",,S",,,35,"H,,S",,,,,1.6666666666666667,,,Sanandaj
IR000407540,"TEHRAN MEHRABAD, IR",2025-02-28,0.0,",,S",,,34,"H,,S",,,26.0,",,S",1.1111111111111112,,-3.3333333333333335,Sanandaj
IRM00040827,"NEHBANDAN, IR",2025-02-28,0.0,",,S",,,43,"H,,S",,,31.0,",,S",6.111111111111111,,-0.5555555555555556,Sanandaj
IRM00040800,"ESFAHAN SHAHID BEHESHTI INTERNATIONAL, IR",2025-02-28,0.0,",,S",,,31,"H,,S",,,,,-0.5555555555555556,,,Sanandaj
IR000040841,"KERMAN, IR",2025-02-28,0.0,",,S",,,40,"H,,S",,,,,4.444444444444445,,,Sanandaj
IRM00040731,"GHAZVIN, IR",2025-02-28,0.0,",,S",,,29,"H,,S",,,15.0,",,S",-1.6666666666666667,,-9.444444444444445,Sanandaj
IRM00040712,"UROMIYEH, IR",2025-02-28,0.0,",,S",2.0,",,S",27,"H,,S",,,,,-2.7777777777777777,,,Sanandaj
IRM00040769,"ARAK, IR",2025-02-28,0.0,",,S",,,28,"H,,S",39.0,",,S",22.0,",,S",-2.2222222222222223,3.888888888888889,-5.555555555555555,Sanandaj
IR000408560,"ZAHEDAN, IR",2025-02-28,0.0,",,S",,,49,"H,,S",,,,,9.444444444444445,,,Sanandaj
IRM00040785,"KASHAN, IR",2025-02-28,0.0,",,S",,,37,"H,,S",48.0,",,S",26.0,",,S",2.7777777777777777,8.88888888888889,-3.3333333333333335,Sanandaj
IR000040706,"TABRIZ, IR",2025-02-28,0.0,",,S",,,25,"H,,S",,,13.0,",,S",-3.888888888888889,,-10.555555555555555,Sanandaj
IRM00040798,"SHAHRE KORD, IR",2025-02-28,0.0,",,S",,,29,"H,,S",,,9.0,",,S",-1.6666666666666667,,-12.777777777777779,Sanandaj
IRM00040729,"ZANJAN, IR",2025-02-28,0.0,",,S",0.8,",,S",25,"H,,S",,,10.0,",,S",-3.888888888888889,,-12.222222222222221,Sanandaj
IRM00040875,"BANDAR ABBASS INTERNATIONAL, IR",2025-02-28,0.0,",,S",,,66,"H,,S",,,,,18.88888888888889,,,Sanandaj
IRM00040809,"BIRJAND, IR",2025-02-28,0.0,",,S",,,36,"H,,S",,,,,2.2222222222222223,,,Sanandaj
IRM00040858,"BUSHEHR, IR",2025-02-28,0.0,",,S",,,56,"H,,S",,,,,13.333333333333334,,,Sanandaj
IRM00040831,"ABADAN, IR",2025-02-28,0.0,",,S",,,50,"H,,S",,,,,10.0,,,Sanandaj
IR000040848,"SHIRAZ, IR",2025-02-28,0.0,",,S",,,42,"H,,S",,,29.0,",,S",5.555555555555555,,-1.6666666666666667,Sanandaj
IR000407660,"KERMANSHAH, IR",2025-02-28,0.0,",,S",,,30,"H,,S",,,,,-1.1111111111111112,,,Sanandaj
IRM00040723,"BOJNORD, IR",2025-02-28,0.0,",,S",,,26,"H,,S",,,,,-3.3333333333333335,,,Sanandaj
IRM00040879,"IRAN SHAHR, IR",2025-02-28,0.0,",,S",,,63,"H,,S",,,,,17.22222222222222,,,Sanandaj
IRM00040712,"UROMIYEH, IR",2025-03-01,0.0,",,S",,,31,"H,,S",44.0,",,S",19.0,",,S",-0.5555555555555556,6.666666666666667,-7.222222222222222,Sanandaj
IRM00040809,"BIRJAND, IR",2025-03-01,0.0,",,S",,,45,"H,,S",62.0,",,S",,,7.222222222222222,16.666666666666668,,Sanandaj
IRM00040729,"ZANJAN, IR",2025-03-01,0.0,",,S",,,29,"H,,S",36.0,",,S",23.0,",,S",-1.6666666666666667,2.2222222222222223,-5.0,Sanandaj
IR000408560,"ZAHEDAN, IR",2025-03-01,0.0,",,S",,,56,"H,,S",,,35.0,",,S",13.333333333333334,,1.6666666666666667,Sanandaj
IRM00040831,"ABADAN, IR",2025-03-01,0.0,",,S",,,56,"H,,S",,,39.0,",,S",13.333333333333334,,3.888888888888889,Sanandaj
IRM00040723,"BOJNORD, IR",2025-03-01,0.0,",,S",,,32,"H,,S",43.0,",,S",16.0,",,S",0.0,6.111111111111111,-8.88888888888889,Sanandaj
IRM00040800,"ESFAHAN SHAHID BEHESHTI INTERNATIONAL, IR",2025-03-01,0.0,",,S",,,39,"H,,S",60.0,",,S",,,3.888888888888889,15.555555555555555,,Sanandaj
IRM00040858,"BUSHEHR, IR",2025-03-01,0.0,",,S",,,58,"H,,S",64.0,",,S",48.0,",,S",14.444444444444445,17.77777777777778,8.88888888888889,Sanandaj
IRM00040821,"YAZD SHAHID SADOOGHI, IR",2025-03-01,0.0,",,S",,,45,"H,,S",,,,,7.222222222222222,,,Sanandaj
IRM00040731,"GHAZVIN, IR",2025-03-01,0.0,",,S",,,33,"H,,S",45.0,",,S",22.0,",,S",0.5555555555555556,7.222222222222222,-5.555555555555555,Sanandaj
IR000407540,"TEHRAN MEHRABAD, IR",2025-03-01,0.0,",,S",,,40,"H,,S",49.0,",,S",,,4.444444444444445,9.444444444444445,,Sanandaj
IR000040841,"KERMAN, IR",2025-03-01,0.0,",,S",,,49,"H,,S",,,24.0,",,S",9.444444444444445,,-4.444444444444445,Sanandaj
IR000407660,"KERMANSHAH, IR",2025-03-01,0.0,",,S",,,36,"H,,S",49.0,",,S",19.0,",,S",2.2222222222222223,9.444444444444445,-7.222222222222222,Sanandaj
IRM00040769,"ARAK, IR",2025-03-01,0.0,",,S",,,36,"H,,S",49.0,",,S",,,2.2222222222222223,9.444444444444445,,Sanandaj
IR000040706,"TABRIZ, IR",2025-03-01,0.0,",,S",,,30,"H,,S",41.0,",,S",,,-1.1111111111111112,5.0,,Sanandaj
IR000040745,"MASHHAD, IR",2025-03-01,0.0,",,S",,,37,"H,,S",50.0,",,S",,,2.7777777777777777,10.0,,Sanandaj
IRM00040798,"SHAHRE KORD, IR",2025-03-01,0.0,",,S",,,36,"H,,S",50.0,",,S",18.0,",,S",2.2222222222222223,10.0,-7.777777777777778,Sanandaj
IRM00040875,"BANDAR ABBASS INTERNATIONAL, IR",2025-03-01,0.0,",,S",,,66,"H,,S",77.0,",,S",52.0,",,S",18.88888888888889,25.0,11.11111111111111,Sanandaj
IRM00040747,"SANANDAJ, IR",2025-03-01,0.0,",,S",,,33,"H,,S",48.0,",,S",17.0,",,S",0.5555555555555556,8.88888888888889,-8.333333333333334,Sanandaj
IRM00040811,"AHWAZ, IR",2025-03-01,0.0,",,S",,,55,"H,,S",70.0,",,S",38.0,",,S",12.777777777777779,21.11111111111111,3.3333333333333335,Sanandaj
IRM00040738,"GORGAN, IR",2025-03-01,0.09,",,S",,,38,"H,,S",50.0,",,S",26.0,",,S",3.3333333333333335,10.0,-3.3333333333333335,Sanandaj
IRM00040785,"KASHAN, IR",2025-03-01,0.0,",,S",,,44,"H,,S",56.0,",,S",28.0,",,S",6.666666666666667,13.333333333333334,-2.2222222222222223,Sanandaj
IRM00040879,"IRAN SHAHR, IR",2025-03-01,0.0,",,S",,,65,"H,,S",77.0,",,S",50.0,",,S",18.333333333333332,25.0,10.0,Sanandaj
IR000040848,"SHIRAZ, IR",2025-03-01,0.0,",,S",,,47,"H,,S",,,26.0,",,S",8.333333333333334,,-3.3333333333333335,Sanandaj
IRM00040827,"NEHBANDAN, IR",2025-03-01,0.0,",,S",,,49,"H,,S",63.0,",,S",31.0,",,S",9.444444444444445,17.22222222222222,-0.5555555555555556,Sanandaj
IRM00040798,"SHAHRE KORD, IR",2025-03-02,0.0,",,S",,,29,"H,,S",44.0,",,S",10.0,",,S",-1.6666666666666667,6.666666666666667,-12.222222222222221,Sanandaj
IRM00040827,"NEHBANDAN, IR",2025-03-02,0.0,",,S",,,53,"H,,S",61.0,",,S",,,11.666666666666666,16.11111111111111,,Sanandaj
IR000040841,"KERMAN, IR",2025-03-02,0.0,",,S",,,46,"H,,S",58.0,",,S",,,7.777777777777778,14.444444444444445,,Sanandaj
IRM00040879,"IRAN SHAHR, IR",2025-03-02,0.0,",,S",,,70,"H,,S",,,55.0,",,S",21.11111111111111,,12.777777777777779,Sanandaj
IRM00040747,"SANANDAJ, IR",2025-03-02,0.0,",,S",,,34,"H,,S",46.0,",,S",,,1.1111111111111112,7.777777777777778,,Sanandaj
IR000407540,"TEHRAN MEHRABAD, IR",2025-03-02,0.0,",,S",,,35,"H,,S",44.0,",,S",,,1.6666666666666667,6.666666666666667,,Sanandaj
IRM00040738,"GORGAN, IR",2025-03-02,0.03,",,S",,,36,"H,,S",46.0,",,S",,,2.2222222222222223,7.777777777777778,,Sanandaj
IRM00040723,"BOJNORD, IR",2025-03-02,0.01,",,S",,,25,"H,,S",34.0,",,S",,,-3.888888888888889,1.1111111111111112,,Sanandaj
IRM00040809,"BIRJAND, IR",2025-03-02,0.0,",,S",,,42,"H,,S",54.0,",,S",,,5.555555555555555,12.222222222222221,,Sanandaj
IRM00040811,"AHWAZ, IR",2025-03-02,0.0,",,S",,,59,"H,,S",,,46.0,",,S",15.0,,7.777777777777778,Sanandaj
IRM00040731,"GHAZVIN, IR",2025-03-02,0.0,",,S",,,30,"H,,S",41.0,",,S",,,-1.1111111111111112,5.0,,Sanandaj
IRM00040800,"ESFAHAN SHAHID BEHESHTI INTERNATIONAL, IR",2025-03-02,0.0,",,S",,,38,"H,,S",53.0,",,S",,,3.3333333333333335,11.666666666666666,,Sanandaj
IRM00040821,"YAZD SHAHID SADOOGHI, IR",2025-03-02,0.0,",,S",,,44,"H,,S",,,,,6.666666666666667,,,Sanandaj
IRM00040785,"KASHAN, IR",2025-03-02,0.0,",,S",,,42,"H,,S",54.0,",,S",33.0,",,S",5.555555555555555,12.222222222222221,0.5555555555555556,Sanandaj
IR000040745,"MASHHAD, IR",2025-03-02,0.1,",,S",,,26,"H,,S",38.0,",,S",,,-3.3333333333333335,3.3333333333333335,,Sanandaj
IR000407660,"KERMANSHAH, IR",2025-03-02,0.0,",,S",,,38,"H,,S",49.0,",,S",,,3.3333333333333335,9.444444444444445,,Sanandaj
IR000040848,"SHIRAZ, IR",2025-03-02,0.0,",,S",,,46,"H,,S",55.0,",,S",,,7.777777777777778,12.777777777777779,,Sanandaj
IR000040706,"TABRIZ, IR",2025-03-02,0.0,",,S",,,29,"H,,S",40.0,",,S",19.0,",,S",-1.6666666666666667,4.444444444444445,-7.222222222222222,Sanandaj
IRM00040875,"BANDAR ABBASS INTERNATIONAL, IR",2025-03-02,0.0,",,S",,,68,"H,,S",79.0,",,S",,,20.0,26.11111111111111,,Sanandaj
IRM00040729,"ZANJAN, IR",2025-03-02,0.03,",,S",1.2,",,S",25,"H,,S",35.0,",,S",,,-3.888888888888889,1.6666666666666667,,Sanandaj
IRM00040769,"ARAK, IR",2025-03-02,0.01,",,S",0.4,",,S",33,"H,,S",41.0,",,S",,,0.5555555555555556,5.0,,Sanandaj
IRM00040858,"BUSHEHR, IR",2025-03-02,0.0,",,S",,,62,"H,,S",,,55.0,",,S",16.666666666666668,,12.777777777777779,Sanandaj
IR000408560,"ZAHEDAN, IR",2025-03-02,0.0,",,S",,,56,"H,,S",67.0,",,S",,,13.333333333333334,19.444444444444443,,Sanandaj
IRM00040712,"UROMIYEH, IR",2025-03-02,0.0,",,S",,,30,"H,,S",42.0,",,S",18.0,",,S",-1.1111111111111112,5.555555555555555,-7.777777777777778,Sanandaj
IRM00040831,"ABADAN, IR",2025-03-02,0.0,",,S",,,59,"H,,S",71.0,",,S",48.0,",,S",15.0,21.666666666666668,8.88888888888889,Sanandaj
IRM00040858,"BUSHEHR, IR",2025-03-03,0.0,",,S",,,58,"H,,S",66.0,",,S",,,14.444444444444445,18.88888888888889,,Sanandaj
IR000040745,"MASHHAD, IR",2025-03-03,0.0,",,S",1.6,",,S",29,"H,,S",38.0,",,S",18.0,",,S",-1.6666666666666667,3.3333333333333335,-7.777777777777778,Sanandaj
IRM00040798,"SHAHRE KORD, IR",2025-03-03,0.0,",,S",,,33,"H,,S",54.0,",,S",5.0,",,S",0.5555555555555556,12.222222222222221,-15.0,Sanandaj
IR000040848,"SHIRAZ, IR",2025-03-03,0.0,",,S",,,45,"H,,S",60.0,",,S",,,7.222222222222222,15.555555555555555,,Sanandaj
IRM00040729,"ZANJAN, IR",2025-03-03,0.0,",,S",1.2,",,S",32,"H,,S",44.0,",,S",15.0,",,S",0.0,6.666666666666667,-9.444444444444445,Sanandaj
IR000407660,"KERMANSHAH, IR",2025-03-03,0.0,",,S",,,39,"H,,S",56.0,",,S",19.0,",,S",3.888888888888889,13.333333333333334,-7.222222222222222,Sanandaj
IRM00040821,"YAZD SHAHID SADOOGHI, IR",2025-03-03,0.0,",,S",,,46,"H,,S",57.0,",,S",31.0,",,S",7.777777777777778,13.88888888888889,-0.5555555555555556,Sanandaj
IRM00040809,"BIRJAND, IR",2025-03-03,0.0,",,S",,,34,"H,,S",54.0,",,S",,,1.1111111111111112,12.222222222222221,,Sanandaj
IRM00040879,"IRAN SHAHR, IR",2025-03-03,0.0,",,S",,,65,"H,,S",76.0,",,S",,,18.333333333333332,24.444444444444443,,Sanandaj
IRM00040769,"ARAK, IR",2025-03-03,0.0,",,S",,,36,"H,,S",54.0,",,S",,,2.2222222222222223,12.222222222222221,,Sanandaj
IRM00040811,"AHWAZ, IR",2025-03-03,0.0,",,S",,,59,"H,,S",76.0,",,S",44.0,",,S",15.0,24.444444444444443,6.666666666666667,Sanandaj
IR000040841,"KERMAN, IR",2025-03-03,0.0,",,S",,,40,"H,,S",56.0,",,S",,,4.444444444444445,13.333333333333334,,Sanandaj
IRM00040712,"UROMIYEH, IR",2025-03-03,0.0,",,S",,,33,"H,,S",46.0,",,S",,,0.5555555555555556,7.777777777777778,,Sanandaj
IR000408560,"ZAHEDAN, IR",2025-03-03,0.0,",,S",,,46,"H,,S",60.0,",,S",,,7.777777777777778,15.555555555555555,,Sanandaj
IR000407540,"TEHRAN MEHRABAD, IR",2025-03-03,0.0,",,S",,,38,"H,,S",47.0,",,S",28.0,",,S",3.3333333333333335,8.333333333333334,-2.2222222222222223,Sanandaj
IRM00040800,"ESFAHAN SHAHID BEHESHTI INTERNATIONAL, IR",2025-03-03,0.0,",,S",,,37,"H,,S",57.0,",,S",,,2.7777777777777777,13.88888888888889,,Sanandaj
IR000040706,"TABRIZ, IR",2025-03-03,0.0,",,S",,,33,"H,,S",,,,,0.5555555555555556,,,Sanandaj
IRM00040875,"BANDAR ABBASS INTERNATIONAL, IR",2025-03-03,0.0,",,S",,,68,"H,,S",,,,,20.0,,,Sanandaj
IRM00040731,"GHAZVIN, IR",2025-03-03,0.0,",,S",,,35,"H,,S",46.0,",,S",18.0,",,S",1.6666666666666667,7.777777777777778,-7.777777777777778,Sanandaj
IRM00040723,"BOJNORD, IR",2025-03-03,0.0,",,S",,,29,"H,,S",42.0,",,S",13.0,",,S",-1.6666666666666667,5.555555555555555,-10.555555555555555,Sanandaj
IRM00040757,"SEMNAN, IR",2025-03-03,0.0,",,S",,,38,"H,,S",44.0,",,S",24.0,",,S",3.3333333333333335,6.666666666666667,-4.444444444444445,Sanandaj
IRM00040827,"NEHBANDAN, IR",2025-03-03,0.0,",,S",,,45,"H,,S",56.0,",,S",,,7.222222222222222,13.333333333333334,,Sanandaj
IRM00040738,"GORGAN, IR",2025-03-03,0.0,",,S",,,41,"H,,S",58.0,",,S",,,5.0,14.444444444444445,,Sanandaj
IRM00040785,"KASHAN, IR",2025-03-03,0.0,",,S",,,42,"H,,S",55.0,",,S",27.0,",,S",5.555555555555555,12.777777777777779,-2.7777777777777777,Sanandaj
IRM00040747,"SANANDAJ, IR",2025-03-03,0.0,",,S",,,36,"H,,S",52.0,",,S",18.0,",,S",2.2222222222222223,11.11111111111111,-7.777777777777778,Sanandaj
IRM00040831,"ABADAN, IR",2025-03-03,0.0,",,S",,,58,"H,,S",73.0,",,S",43.0,",,S",14.444444444444445,22.77777777777778,6.111111111111111,Sanandaj
IRM00040729,"ZANJAN, IR",2025-03-04,0.0,",,S",0.4,",,S",39,"H,,S",51.0,",,S",26.0,",,S",3.888888888888889,10.555555555555555,-3.3333333333333335,Sanandaj
IRM00040798,"SHAHRE KORD, IR",2025-03-04,0.0,",,S",,,39,"H,,S",57.0,",,S",10.0,",,S",3.888888888888889,13.88888888888889,-12.222222222222221,Sanandaj
IR000408560,"ZAHEDAN, IR",2025-03-04,0.0,",,S",,,48,"H,,S",62.0,",,S",28.0,",,S",8.88888888888889,16.666666666666668,-2.2222222222222223,Sanandaj
IRM00040827,"NEHBANDAN, IR",2025-03-04,0.0,",,S",,,46,"H,,S",59.0,",,S",28.0,",,S",7.777777777777778,15.0,-2.2222222222222223,Sanandaj
IR000407540,"TEHRAN MEHRABAD, IR",2025-03-04,0.0,",,S",,,45,"H,,S",53.0,",,S",37.0,",,S",7.222222222222222,11.666666666666666,2.7777777777777777,Sanandaj
IRM00040831,"ABADAN, IR",2025-03-04,0.01,",,S",,,58,"H,,S",72.0,",,S",43.0,",,S",14.444444444444445,22.22222222222222,6.111111111111111,Sanandaj
IR000040841,"KERMAN, IR",2025-03-04,0.0,",,S",,,48,"H,,S",69.0,",,S",23.0,",,S",8.88888888888889,20.555555555555557,-5.0,Sanandaj
IRM00040731,"GHAZVIN, IR",2025-03-04,0.0,",,S",,,42,"H,,S",55.0,",,S",31.0,",,S",5.555555555555555,12.777777777777779,-0.5555555555555556,Sanandaj
IRM00040879,"IRAN SHAHR, IR",2025-03-04,0.0,",,S",,,65,"H,,S",80.0,",,S",45.0,",,S",18.333333333333332,26.666666666666668,7.222222222222222,Sanandaj
IRM00040809,"BIRJAND, IR",2025-03-04,0.0,",,S",,,44,"H,,S",59.0,",,S",20.0,",,S",6.666666666666667,15.0,-6.666666666666667,Sanandaj
IRM00040738,"GORGAN, IR",2025-03-04,0.0,",,S",,,49,"H,,S",65.0,",,S",31.0,",,S",9.444444444444445,18.333333333333332,-0.5555555555555556,Sanandaj
IR000040745,"MASHHAD, IR",2025-03-04,0.0,",,S",,,40,"H,,S",,,,,4.444444444444445,,,Sanandaj
IRM00040723,"BOJNORD, IR",2025-03-04,0.0,",,S",,,39,"H,,S",54.0,",,S",24.0,",,S",3.888888888888889,12.222222222222221,-4.444444444444445,Sanandaj
IRM00040858,"BUSHEHR, IR",2025-03-04,0.09,",,S",,,61,"H,,S",,,46.0,",,S",16.11111111111111,,7.777777777777778,Sanandaj
IRM00040785,"KASHAN, IR",2025-03-04,0.0,",,S",,,47,"H,,S",57.0,",,S",35.0,",,S",8.333333333333334,13.88888888888889,1.6666666666666667,Sanandaj
IRM00040875,"BANDAR ABBASS INTERNATIONAL, IR",2025-03-04,0.0,",,S",,,70,"H,,S",82.0,",,S",55.0,",,S",21.11111111111111,27.77777777777778,12.777777777777779,Sanandaj
IR000040848,"SHIRAZ, IR",2025-03-04,0.46,",,S",,,46,"H,,S",62.0,",,S",28.0,",,S",7.777777777777778,16.666666666666668,-2.2222222222222223,Sanandaj
IRM00040821,"YAZD SHAHID SADOOGHI, IR",2025-03-04,0.0,",,S",,,50,"H,,S",61.0,",,S",33.0,",,S",10.0,16.11111111111111,0.5555555555555556,Sanandaj
IRM00040712,"UROMIYEH, IR",2025-03-04,0.0,",,S",,,38,"H,,S",,,25.0,",,S",3.3333333333333335,,-3.888888888888889,Sanandaj
IRM00040747,"SANANDAJ, IR",2025-03-04,0.0,",,S",,,42,"H,,S",56.0,",,S",24.0,",,S",5.555555555555555,13.333333333333334,-4.444444444444445,Sanandaj
IRM00040811,"AHWAZ, IR",2025-03-04,0.0,",,S",,,62,"H,,S",78.0,",,S",42.0,",,S",16.666666666666668,25.555555555555557,5.555555555555555,Sanandaj
IR000407660,"KERMANSHAH, IR",2025-03-04,0.0,",,S",,,46,"H,,S",62.0,",,S",30.0,",,S",7.777777777777778,16.666666666666668,-1.1111111111111112,Sanandaj
IR000040706,"TABRIZ, IR",2025-03-04,0.0,",,S",,,39,"H,,S",52.0,",,S",26.0,",,S",3.888888888888889,11.11111111111111,-3.3333333333333335,Sanandaj
IRM00040769,"ARAK, IR",2025-03-04,0.0,",,S",,,43,"H,,S",57.0,",,S",,,6.111111111111111,13.88888888888889,,Sanandaj
IRM00040800,"ESFAHAN SHAHID BEHESHTI INTERNATIONAL, IR",2025-03-04,0.0,",,S",,,43,"H,,S",63.0,",,S",,,6.111111111111111,17.22222222222222,,Sanandaj
IRM00040729,"ZANJAN, IR",2025-03-05,0.0,",,S",,,43,"H,,S",,,29.0,",,S",6.111111111111111,,-1.6666666666666667,Sanandaj
IRM00040800,"ESFAHAN SHAHID BEHESHTI INTERNATIONAL, IR",2025-03-05,0.0,",,S",,,48,"H,,S",63.0,",,S",,,8.88888888888889,17.22222222222222,,Sanandaj
IRM00040738,"GORGAN, IR",2025-03-05,0.0,",,S",,,48,"H,,S",61.0,",,S",,,8.88888888888889,16.11111111111111,,Sanandaj
IR000040745,"MASHHAD, IR",2025-03-05,0.0,",,S",,,46,"H,,S",58.0,",,S",33.0,",,S",7.777777777777778,14.444444444444445,0.5555555555555556,Sanandaj
IRM00040798,"SHAHRE KORD, IR",2025-03-05,0.19,",,S",,,40,"H,,S",49.0,",,S",32.0,",,S",4.444444444444445,9.444444444444445,0.0,Sanandaj
IRM00040879,"IRAN SHAHR, IR",2025-03-05,0.0,",,S",,,71,"H,,S",81.0,",,S",55.0,",,S",21.666666666666668,27.22222222222222,12.777777777777779,Sanandaj
IR000407540,"TEHRAN MEHRABAD, IR",2025-03-05,0.0,",,S",,,50,"H,,S",56.0,",,S",,,10.0,13.333333333333334,,Sanandaj
IRM00040827,"NEHBANDAN, IR",2025-03-05,0.02,",,S",,,46,"H,,S",52.0,",,S",,,7.777777777777778,11.11111111111111,,Sanandaj
IRM00040731,"GHAZVIN, IR",2025-03-05,0.0,",,S",,,45,"H,,S",55.0,",,S",35.0,",,S",7.222222222222222,12.777777777777779,1.6666666666666667,Sanandaj
IRM00040747,"SANANDAJ, IR",2025-03-05,0.03,",,S",,,45,"H,,S",,,34.0,",,S",7.222222222222222,,1.1111111111111112,Sanandaj
IRM00040811,"AHWAZ, IR",2025-03-05,0.0,",,S",,,67,"H,,S",78.0,",,S",56.0,",,S",19.444444444444443,25.555555555555557,13.333333333333334,Sanandaj
IR000407660,"KERMANSHAH, IR",2025-03-05,0.1,",,S",,,45,"H,,S",53.0,",,S",,,7.222222222222222,11.666666666666666,,Sanandaj
IRM00040723,"BOJNORD, IR",2025-03-05,0.0,",,S",,,40,"H,,S",58.0,",,S",25.0,",,S",4.444444444444445,14.444444444444445,-3.888888888888889,Sanandaj
IRM00040858,"BUSHEHR, IR",2025-03-05,0.84,",,S",,,66,"H,,S",75.0,",,S",59.0,",,S",18.88888888888889,23.88888888888889,15.0,Sanandaj
IRM00040712,"UROMIYEH, IR",2025-03-05,0.0,",,S",,,41,"H,,S",56.0,",,S",29.0,",,S",5.0,13.333333333333334,-1.6666666666666667,Sanandaj
IRM00040821,"YAZD SHAHID SADOOGHI, IR",2025-03-05,0.0,",,S",,,55,"H,,S",65.0,",,S",,,12.777777777777779,18.333333333333332,,Sanandaj
IRM00040875,"BANDAR ABBASS INTERNATIONAL, IR",2025-03-05,0.0,",,S",,,70,"H,,S",84.0,",,S",,,21.11111111111111,28.88888888888889,,Sanandaj
IRM00040769,"ARAK, IR",2025-03-05,0.12,",,S",,,43,"H,,S",50.0,",,S",37.0,",,S",6.111111111111111,10.0,2.7777777777777777,Sanandaj
IR000040706,"TABRIZ, IR",2025-03-05,0.0,",,S",,,41,"H,,S",54.0,",,S",30.0,",,S",5.0,12.222222222222221,-1.1111111111111112,Sanandaj
IR000040841,"KERMAN, IR",2025-03-05,0.19,",,S",,,50,"H,,S",61.0,",,S",42.0,",,S",10.0,16.11111111111111,5.555555555555555,Sanandaj
IR000040848,"SHIRAZ, IR",2025-03-05,0.79,",,S",,,45,"H,,S",49.0,",,S",,,7.222222222222222,9.444444444444445,,Sanandaj
IR000408560,"ZAHEDAN, IR",2025-03-05,0.0,",,S",,,54,"H,,S",67.0,",,S",,,12.222222222222221,19.444444444444443,,Sanandaj
IRM00040785,"KASHAN, IR",2025-03-05,0.0,",,S",,,50,"H,,S",60.0,",,S",,,10.0,15.555555555555555,,Sanandaj
IRM00040831,"ABADAN, IR",2025-03-05,0.0,",,S",,,66,"H,,S",76.0,",,S",55.0,",,S",18.88888888888889,24.444444444444443,12.777777777777779,Sanandaj
IRM00040809,"BIRJAND, IR",2025-03-05,0.0,",,S",,,48,"H,,S",57.0,",,S",,,8.88888888888889,13.88888888888889,,Sanandaj
IRM00040811,"AHWAZ, IR",2025-03-06,0.0,",,S",,,68,"H,,S",76.0,",,S",,,20.0,24.444444444444443,,Sanandaj
IRM00040712,"UROMIYEH, IR",2025-03-06,0.0,",,S",,,42,"H,,S",58.0,",,S",30.0,",,S",5.555555555555555,14.444444444444445,-1.1111111111111112,Sanandaj
IR000040745,"MASHHAD, IR",2025-03-06,0.0,",,S",,,50,"H,,S",,,,,10.0,,,Sanandaj
IRM00040769,"ARAK, IR",2025-03-06,0.0,",,S",,,48,"H,,S",62.0,",,S",,,8.88888888888889,16.666666666666668,,Sanandaj
IRM00040875,"BANDAR ABBASS INTERNATIONAL, IR",2025-03-06,0.0,",,S",,,73,"H,,S",85.0,",,S",,,22.77777777777778,29.444444444444443,,Sanandaj
IRM00040747,"SANANDAJ, IR",2025-03-06,0.0,",,S",,,46,"H,,S",60.0,",,S",,,7.777777777777778,15.555555555555555,,Sanandaj
IRM00040858,"BUSHEHR, IR",2025-03-06,0.33,",,S",,,66,"H,,S",70.0,",,S",63.0,",,S",18.88888888888889,21.11111111111111,17.22222222222222,Sanandaj
IRM00040831,"ABADAN, IR",2025-03-06,0.0,",,S",,,66,"H,,S",70.0,",,S",,,18.88888888888889,21.11111111111111,,Sanandaj
IRM00040731,"GHAZVIN, IR",2025-03-06,0.0,",,S",,,47,"H,,S",60.0,",,S",,,8.333333333333334,15.555555555555555,,Sanandaj
IR000040706,"TABRIZ, IR",2025-03-06,0.0,",,S",,,42,"H,,S",56.0,",,S",29.0,",,S",5.555555555555555,13.333333333333334,-1.6666666666666667,Sanandaj
IRM00040800,"ESFAHAN SHAHID BEHESHTI INTERNATIONAL, IR",2025-03-06,0.0,",,S",,,50,"H,,S",65.0,",,S",,,10.0,18.333333333333332,,Sanandaj
IR000407660,"KERMANSHAH, IR",2025-03-06,0.51,",,S",,,47,"H,,S",,,39.0,",,S",8.333333333333334,,3.888888888888889,Sanandaj
IR000040841,"KERMAN, IR",2025-03-06,0.07,",,S",,,51,"H,,S",61.0,",,S",,,10.555555555555555,16.11111111111111,,Sanandaj
IRM00040821,"YAZD SHAHID SADOOGHI, IR",2025-03-06,0.0,",,S",,,58,"H,,S",68.0,",,S",49.0,",,S",14.444444444444445,20.0,9.444444444444445,Sanandaj
IR000040848,"SHIRAZ, IR",2025-03-06,0.89,",,S",,,48,"H,,S",,,,,8.88888888888889,,,Sanandaj
IRM00040729,"ZANJAN, IR",2025-03-06,0.0,",,S",,,44,"H,,S",52.0,",,S",,,6.666666666666667,11.11111111111111,,Sanandaj
IRM00040785,"KASHAN, IR",2025-03-06,0.0,",,S",,,54,"H,,S",64.0,",,S",39.0,",,S",12.222222222222221,17.77777777777778,3.888888888888889,Sanandaj
IRM00040723,"BOJNORD, IR",2025-03-06,0.0,",,S",,,44,"H,,S",61.0,",,S",,,6.666666666666667,16.11111111111111,,Sanandaj
IRM00040738,"GORGAN, IR",2025-03-06,0.0,",,S",,,47,"H,,S",63.0,",,S",,,8.333333333333334,17.22222222222222,,Sanandaj
IRM00040798,"SHAHRE KORD, IR",2025-03-06,0.04,",,S",,,44,"H,,S",56.0,",,S",,,6.666666666666667,13.333333333333334,,Sanandaj
IRM00040879,"IRAN SHAHR, IR",2025-03-06,0.0,",,S",,,76,"H,,S",90.0,",,S",,,24.444444444444443,32.22222222222222,,Sanandaj
IRM00040827,"NEHBANDAN, IR",2025-03-06,0.0,",,S",,,58,"H,,S",74.0,",,S",,,14.444444444444445,23.333333333333332,,Sanandaj
IRM00040809,"BIRJAND, IR",2025-03-06,0.0,",,S",,,53,"H,,S",67.0,",,S",38.0,",,S",11.666666666666666,19.444444444444443,3.3333333333333335,Sanandaj
IR000407540,"TEHRAN MEHRABAD, IR",2025-03-06,0.0,",,S",,,53,"H,,S",,,,,11.666666666666666,,,Sanandaj
IR000408560,"ZAHEDAN, IR",2025-03-06,0.0,",,S",,,61,"H,,S",78.0,",,S",,,16.11111111111111,25.555555555555557,,Sanandaj
IRM00040800,"ESFAHAN SHAHID BEHESHTI INTERNATIONAL, IR",2025-03-07,0.05,",,S",,,50,"H,,S",58.0,",,S",,,10.0,14.444444444444445,,Sanandaj
IRM00040875,"BANDAR ABBASS INTERNATIONAL, IR",2025-03-07,0.0,",,S",,,80,"H,,S",92.0,",,S",67.0,",,S",26.666666666666668,33.333333333333336,19.444444444444443,Sanandaj
IRM00040747,"SANANDAJ, IR",2025-03-07,0.25,",,S",,,45,"H,,S",58.0,",,S",30.0,",,S",7.222222222222222,14.444444444444445,-1.1111111111111112,Sanandaj
IRM00040831,"ABADAN, IR",2025-03-07,0.28,",,S",,,64,"H,,S",,,,,17.77777777777778,,,Sanandaj
IRM00040723,"BOJNORD, IR",2025-03-07,0.0,",,S",,,44,"H,,S",,,26.0,",,S",6.666666666666667,,-3.3333333333333335,Sanandaj
IRM00040769,"ARAK, IR",2025-03-07,0.0,",,S",,,47,"H,,S",58.0,",,S",34.0,",,S",8.333333333333334,14.444444444444445,1.1111111111111112,Sanandaj
IRM00040729,"ZANJAN, IR",2025-03-07,0.0,",,S",,,45,"H,,S",59.0,",,S",26.0,",,S",7.222222222222222,15.0,-3.3333333333333335,Sanandaj
IRM00040798,"SHAHRE KORD, IR",2025-03-07,0.19,",,S",,,40,"H,,S",,,28.0,",,S",4.444444444444445,,-2.2222222222222223,Sanandaj
IR000040706,"TABRIZ, IR",2025-03-07,0.0,",,S",,,47,"H,,S",60.0,",,S",30.0,",,S",8.333333333333334,15.555555555555555,-1.1111111111111112,Sanandaj
IRM00040785,"KASHAN, IR",2025-03-07,0.0,",,S",,,56,"H,,S",65.0,",,S",45.0,",,S",13.333333333333334,18.333333333333332,7.222222222222222,Sanandaj
IR000408560,"ZAHEDAN, IR",2025-03-07,0.0,",,S",,,61,"H,,S",,,50.0,",,S",16.11111111111111,,10.0,Sanandaj
IRM00040712,"UROMIYEH, IR",2025-03-07,0.0,",,S",,,43,"H,,S",56.0,",,S",30.0,",,S",6.111111111111111,13.333333333333334,-1.1111111111111112,Sanandaj
IRM00040809,"BIRJAND, IR",2025-03-07,0.0,",,S",,,57,"H,,S",70.0,",,S",41.0,",,S",13.88888888888889,21.11111111111111,5.0,Sanandaj
IRM00040757,"SEMNAN, IR",2025-03-07,0.0,",,S",,,60,"H,,S",65.0,",,S",43.0,",,S",15.555555555555555,18.333333333333332,6.111111111111111,Sanandaj
IRM00040879,"IRAN SHAHR, IR",2025-03-07,0.0,",,S",,,76,"H,,S",89.0,",,S",60.0,",,S",24.444444444444443,31.666666666666668,15.555555555555555,Sanandaj
IRM00040731,"GHAZVIN, IR",2025-03-07,0.0,",,S",,,49,"H,,S",63.0,",,S",31.0,",,S",9.444444444444445,17.22222222222222,-0.5555555555555556,Sanandaj
IRM00040738,"GORGAN, IR",2025-03-07,0.0,",,S",,,51,"H,,S",67.0,",,S",32.0,",,S",10.555555555555555,19.444444444444443,0.0,Sanandaj
IR000040848,"SHIRAZ, IR",2025-03-07,1.44,",,S",,,49,"H,,S",51.0,",,S",,,9.444444444444445,10.555555555555555,,Sanandaj
IR000407540,"TEHRAN MEHRABAD, IR",2025-03-07,0.0,",,S",,,56,"H,,S",63.0,",,S",44.0,",,S",13.333333333333334,17.22222222222222,6.666666666666667,Sanandaj
IR000407660,"KERMANSHAH, IR",2025-03-07,0.33,",,S",,,47,"H,,S",55.0,",,S",37.0,",,S",8.333333333333334,12.777777777777779,2.7777777777777777,Sanandaj
IRM00040827,"NEHBANDAN, IR",2025-03-07,0.0,",,S",,,64,"H,,S",77.0,",,S",51.0,",,S",17.77777777777778,25.0,10.555555555555555,Sanandaj
IRM00040811,"AHWAZ, IR",2025-03-07,0.05,",,S",,,66,"H,,S",72.0,",,S",62.0,",,S",18.88888888888889,22.22222222222222,16.666666666666668,Sanandaj
IR000040745,"MASHHAD, IR",2025-03-07,0.0,",,S",,,53,"H,,S",,,38.0,",,S",11.666666666666666,,3.3333333333333335,Sanandaj
IR000040841,"KERMAN, IR",2025-03-07,0.15,",,S",,,53,"H,,S",65.0,",,S",44.0,",,S",11.666666666666666,18.333333333333332,6.666666666666667,Sanandaj
IRM00040821,"YAZD SHAHID SADOOGHI, IR",2025-03-07,0.05,",,S",,,58,"H,,S",64.0,",,S",50.0,",,S",14.444444444444445,17.77777777777778,10.0,Sanandaj
IRM00040858,"BUSHEHR, IR",2025-03-07,1.26,",,S",,,66,"H,,S",68.0,",,S",64.0,",,S",18.88888888888889,20.0,17.77777777777778,Sanandaj
IR000408560,"ZAHEDAN, IR",2025-03-08,0.0,",,S",,,60,"H,,S",,,47.0,",,S",15.555555555555555,,8.333333333333334,Sanandaj
IR000040745,"MASHHAD, IR",2025-03-08,0.0,",,S",,,53,"H,,S",64.0,",,S",41.0,",,S",11.666666666666666,17.77777777777778,5.0,Sanandaj
IRM00040809,"BIRJAND, IR",2025-03-08,0.12,",,S",,,56,"H,,S",70.0,",,S",,,13.333333333333334,21.11111111111111,,Sanandaj
IRM00040731,"GHAZVIN, IR",2025-03-08,0.5,",,S",,,47,"H,,S",54.0,",,S",,,8.333333333333334,12.222222222222221,,Sanandaj
IR000040706,"TABRIZ, IR",2025-03-08,0.11,",,S",,,46,"H,,S",,,,,7.777777777777778,,,Sanandaj
IRM00040875,"BANDAR ABBASS INTERNATIONAL, IR",2025-03-08,0.0,",,S",,,80,"H,,S",94.0,",,S",,,26.666666666666668,34.44444444444444,,Sanandaj
IR000040841,"KERMAN, IR",2025-03-08,0.0,",,S",,,54,"H,,S",63.0,",,S",42.0,",,S",12.222222222222221,17.22222222222222,5.555555555555555,Sanandaj
IR000407540,"TEHRAN MEHRABAD, IR",2025-03-08,0.46,",,S",,,51,"H,,S",60.0,",,S",,,10.555555555555555,15.555555555555555,,Sanandaj
IRM00040879,"IRAN SHAHR, IR",2025-03-08,0.0,",,S",,,80,"H,,S",94.0,",,S",63.0,",,S",26.666666666666668,34.44444444444444,17.22222222222222,Sanandaj
IRM00040858,"BUSHEHR, IR",2025-03-08,0.04,",,S",,,68,"H,,S",,,,,20.0,,,Sanandaj
IRM00040800,"ESFAHAN SHAHID BEHESHTI INTERNATIONAL, IR",2025-03-08,0.4,",,S",,,49,"H,,S",57.0,",,S",,,9.444444444444445,13.88888888888889,,Sanandaj
IRM00040785,"KASHAN, IR",2025-03-08,0.13,",,S",,,51,"H,,S",60.0,",,S",32.0,",,S",10.555555555555555,15.555555555555555,0.0,Sanandaj
IRM00040827,"NEHBANDAN, IR",2025-03-08,0.0,",,S",,,62,"H,,S",69.0,",,S",52.0,",,S",16.666666666666668,20.555555555555557,11.11111111111111,Sanandaj
IR000040848,"SHIRAZ, IR",2025-03-08,0.22,",,S",,,51,"H,,S",58.0,",,S",,,10.555555555555555,14.444444444444445,,Sanandaj
IRM00040821,"YAZD SHAHID SADOOGHI, IR",2025-03-08,0.1,",,S",,,56,"H,,S",63.0,",,S",52.0,",,S",13.333333333333334,17.22222222222222,11.11111111111111,Sanandaj
IRM00040747,"SANANDAJ, IR",2025-03-08,0.09,",,S",,,49,"H,,S",56.0,",,S",44.0,",,S",9.444444444444445,13.333333333333334,6.666666666666667,Sanandaj
IRM00040798,"SHAHRE KORD, IR",2025-03-08,0.8,",,S",,,43,"H,,S",50.0,",,S",,,6.111111111111111,10.0,,Sanandaj
IRM00040723,"BOJNORD, IR",2025-03-08,0.0,",,S",,,48,"H,,S",60.0,",,S",32.0,",,S",8.88888888888889,15.555555555555555,0.0,Sanandaj
IRM00040831,"ABADAN, IR",2025-03-08,0.07,",,S",,,64,"H,,S",,,,,17.77777777777778,,,Sanandaj
IRM00040811,"AHWAZ, IR",2025-03-08,0.12,",,S",,,62,"H,,S",71.0,",,S",,,16.666666666666668,21.666666666666668,,Sanandaj
IRM00040769,"ARAK, IR",2025-03-08,0.7,",,S",,,46,"H,,S",55.0,",,S",,,7.777777777777778,12.777777777777779,,Sanandaj
IRM00040738,"GORGAN, IR",2025-03-08,0.03,",,S",,,53,"H,,S",62.0,",,S",44.0,",,S",11.666666666666666,16.666666666666668,6.666666666666667,Sanandaj
IRM00040712,"UROMIYEH, IR",2025-03-08,0.24,",,S",,,41,"H,,S",48.0,",,S",38.0,",,S",5.0,8.88888888888889,3.3333333333333335,Sanandaj
IR000407660,"KERMANSHAH, IR",2025-03-08,0.31,",,S",,,48,"H,,S",58.0,",,S",,,8.88888888888889,14.444444444444445,,Sanandaj
IRM00040729,"ZANJAN, IR",2025-03-08,0.15,",,S",,,42,"H,,S",51.0,",,S",,,5.555555555555555,10.555555555555555,,Sanandaj
IRM00040769,"ARAK, IR",2025-03-09,0.02,",,S",,,47,"H,,S",55.0,",,S",,,8.333333333333334,12.777777777777779,,Sanandaj
IRM00040731,"GHAZVIN, IR",2025-03-09,0.17,",,S",,,45,"H,,S",52.0,",,S",,,7.222222222222222,11.11111111111111,,Sanandaj
IRM00040821,"YAZD SHAHID SADOOGHI, IR",2025-03-09,0.0,",,S",,,58,"H,,S",67.0,",,S",49.0,",,S",14.444444444444445,19.444444444444443,9.444444444444445,Sanandaj
IR000407660,"KERMANSHAH, IR",2025-03-09,1.13,",,S",,,44,"H,,S",58.0,",,S",40.0,",,S",6.666666666666667,14.444444444444445,4.444444444444445,Sanandaj
IR000040848,"SHIRAZ, IR",2025-03-09,0.05,",,S",,,56,"H,,S",69.0,",,S",,,13.333333333333334,20.555555555555557,,Sanandaj
IR000040706,"TABRIZ, IR",2025-03-09,0.0,",,S",,,45,"H,,S",53.0,",,S",,,7.222222222222222,11.666666666666666,,Sanandaj
IRM00040879,"IRAN SHAHR, IR",2025-03-09,0.0,",,S",,,81,"H,,S",92.0,",,S",67.0,",,S",27.22222222222222,33.333333333333336,19.444444444444443,Sanandaj
IR000040841,"KERMAN, IR",2025-03-09,0.0,",,S",,,58,"H,,S",69.0,",,S",,,14.444444444444445,20.555555555555557,,Sanandaj
IRM00040831,"ABADAN, IR",2025-03-09,0.0,",,S",,,67,"H,,S",80.0,",,S",,,19.444444444444443,26.666666666666668,,Sanandaj
IRM00040827,"NEHBANDAN, IR",2025-03-09,0.01,",,S",,,60,"H,,S",70.0,",,S",,,15.555555555555555,21.11111111111111,,Sanandaj
IRM00040723,"BOJNORD, IR",2025-03-09,0.35,",,S",,,42,"H,,S",53.0,",,S",,,5.555555555555555,11.666666666666666,,Sanandaj
IRM00040747,"SANANDAJ, IR",2025-03-09,0.5,",,S",,,43,"H,,S",50.0,",,S",,,6.111111111111111,10.0,,Sanandaj
IRM00040798,"SHAHRE KORD, IR",2025-03-09,0.0,",,S",,,49,"H,,S",59.0,",,S",40.0,",,S",9.444444444444445,15.0,4.444444444444445,Sanandaj
IRM00040811,"AHWAZ, IR",2025-03-09,0.0,",,S",,,67,"H,,S",81.0,",,S",53.0,",,S",19.444444444444443,27.22222222222222,11.666666666666666,Sanandaj
IRM00040738,"GORGAN, IR",2025-03-09,0.57,",,S",,,50,"H,,S",61.0,",,S",,,10.0,16.11111111111111,,Sanandaj
IRM00040712,"UROMIYEH, IR",2025-03-09,0.06,",,S",,,42,"H,,S",45.0,",,S",38.0,",,S",5.555555555555555,7.222222222222222,3.3333333333333335,Sanandaj
IRM00040785,"KASHAN, IR",2025-03-09,0.0,",,S",,,56,"H,,S",63.0,",,S",48.0,",,S",13.333333333333334,17.22222222222222,8.88888888888889,Sanandaj
IRM00040800,"ESFAHAN SHAHID BEHESHTI INTERNATIONAL, IR",2025-03-09,0.0,",,S",,,51,"H,,S",68.0,",,S",,,10.555555555555555,20.0,,Sanandaj
IRM00040729,"ZANJAN, IR",2025-03-09,0.19,",,S",,,41,"H,,S",49.0,",,S",34.0,",,S",5.0,9.444444444444445,1.1111111111111112,Sanandaj
IRM00040809,"BIRJAND, IR",2025-03-09,0.21,",,S",,,56,"H,,S",68.0,",,S",,,13.333333333333334,20.0,,Sanandaj
IRM00040875,"BANDAR ABBASS INTERNATIONAL, IR",2025-03-09,0.01,",,S",,,78,"H,,S",,,,,25.555555555555557,,,Sanandaj
IR000407540,"TEHRAN MEHRABAD, IR",2025-03-09,0.12,",,S",,,51,"H,,S",56.0,",,S",,,10.555555555555555,13.333333333333334,,Sanandaj
IRM00040858,"BUSHEHR, IR",2025-03-09,0.0,",,S",,,65,"H,,S",,,,,18.333333333333332,,,Sanandaj
IR000040745,"MASHHAD, IR",2025-03-09,0.53,",,S",,,46,"H,,S",56.0,",,S",,,7.777777777777778,13.333333333333334,,Sanandaj
IR000408560,"ZAHEDAN, IR",2025-03-09,0.0,",,S",,,66,"H,,S",78.0,",,S",50.0,",,S",18.88888888888889,25.555555555555557,10.0,Sanandaj
IR000040848,"SHIRAZ, IR",2025-03-10,0.03,",,S",,,53,"H,,S",65.0,",,S",42.0,",,S",11.666666666666666,18.333333333333332,5.555555555555555,Sanandaj
IRM00040785,"KASHAN, IR",2025-03-10,0.0,",,S",,,56,"H,,S",65.0,",,S",50.0,",,S",13.333333333333334,18.333333333333332,10.0,Sanandaj
IRM00040821,"YAZD SHAHID SADOOGHI, IR",2025-03-10,0.0,",,S",,,60,"H,,S",73.0,",,S",47.0,",,S",15.555555555555555,22.77777777777778,8.333333333333334,Sanandaj
IRM00040738,"GORGAN, IR",2025-03-10,0.0,",,S",,,51,"H,,S",66.0,",,S",37.0,",,S",10.555555555555555,18.88888888888889,2.7777777777777777,Sanandaj
IRM00040879,"IRAN SHAHR, IR",2025-03-10,0.0,",,S",,,80,"H,,S",89.0,",,S",,,26.666666666666668,31.666666666666668,,Sanandaj
IRM00040831,"ABADAN, IR",2025-03-10,0.0,",,S",,,69,"H,,S",81.0,",,S",,,20.555555555555557,27.22222222222222,,Sanandaj
IRM00040747,"SANANDAJ, IR",2025-03-10,0.16,",,S",,,44,"H,,S",52.0,",,S",38.0,",,S",6.666666666666667,11.11111111111111,3.3333333333333335,Sanandaj
IR000040745,"MASHHAD, IR",2025-03-10,0.03,",,S",,,47,"H,,S",,,42.0,",,S",8.333333333333334,,5.555555555555555,Sanandaj
IRM00040875,"BANDAR ABBASS INTERNATIONAL, IR",2025-03-10,0.0,",,S",,,80,"H,,S",,,,,26.666666666666668,,,Sanandaj
IR000408560,"ZAHEDAN, IR",2025-03-10,0.0,",,S",,,66,"H,,S",76.0,",,S",,,18.88888888888889,24.444444444444443,,Sanandaj
IRM00040809,"BIRJAND, IR",2025-03-10,0.16,",,S",,,57,"H,,S",70.0,",,S",46.0,",,S",13.88888888888889,21.11111111111111,7.777777777777778,Sanandaj
IR000040841,"KERMAN, IR",2025-03-10,0.0,",,S",,,57,"H,,S",69.0,",,S",42.0,",,S",13.88888888888889,20.555555555555557,5.555555555555555,Sanandaj
IRM00040811,"AHWAZ, IR",2025-03-10,0.0,",,S",,,68,"H,,S",81.0,",,S",,,20.0,27.22222222222222,,Sanandaj
IR000407540,"TEHRAN MEHRABAD, IR",2025-03-10,0.26,",,S",,,53,"H,,S",,,,,11.666666666666666,,,Sanandaj
IRM00040858,"BUSHEHR, IR",2025-03-10,0.13,",,S",,,64,"H,,S",71.0,",,S",57.0,",,S",17.77777777777778,21.666666666666668,13.88888888888889,Sanandaj
IRM00040729,"ZANJAN, IR",2025-03-10,0.06,",,S",,,44,"H,,S",51.0,",,S",37.0,",,S",6.666666666666667,10.555555555555555,2.7777777777777777,Sanandaj
IRM00040800,"ESFAHAN SHAHID BEHESHTI INTERNATIONAL, IR",2025-03-10,0.0,",,S",,,53,"H,,S",71.0,",,S",,,11.666666666666666,21.666666666666668,,Sanandaj
IRM00040798,"SHAHRE KORD, IR",2025-03-10,0.0,",,S",,,47,"H,,S",58.0,",,S",,,8.333333333333334,14.444444444444445,,Sanandaj
IRM00040731,"GHAZVIN, IR",2025-03-10,0.0,",,S",,,47,"H,,S",57.0,",,S",38.0,",,S",8.333333333333334,13.88888888888889,3.3333333333333335,Sanandaj
IR000040706,"TABRIZ, IR",2025-03-10,0.04,",,S",,,47,"H,,S",56.0,",,S",38.0,",,S",8.333333333333334,13.333333333333334,3.3333333333333335,Sanandaj
IR000407660,"KERMANSHAH, IR",2025-03-10,0.69,",,S",,,45,"H,,S",,,,,7.222222222222222,,,Sanandaj
IRM00040769,"ARAK, IR",2025-03-10,0.0,",,S",,,49,"H,,S",60.0,",,S",40.0,",,S",9.444444444444445,15.555555555555555,4.444444444444445,Sanandaj
IRM00040827,"NEHBANDAN, IR",2025-03-10,0.0,",,S",,,62,"H,,S",78.0,",,S",46.0,",,S",16.666666666666668,25.555555555555557,7.777777777777778,Sanandaj
IRM00040723,"BOJNORD, IR",2025-03-10,0.0,",,S",,,49,"H,,S",57.0,",,S",41.0,",,S",9.444444444444445,13.88888888888889,5.0,Sanandaj
IRM00040712,"UROMIYEH, IR",2025-03-10,0.0,",,S",,,45,"H,,S",54.0,",,S",37.0,",,S",7.222222222222222,12.222222222222221,2.7777777777777777,Sanandaj
IRM00040738,"GORGAN, IR",2025-03-11,0.0,",,S",,,54,"H,,S",69.0,",,S",39.0,",,S",12.222222222222221,20.555555555555557,3.888888888888889,Sanandaj
IRM00040811,"AHWAZ, IR",2025-03-11,0.0,",,S",,,66,"H,,S",,,,,18.88888888888889,,,Sanandaj
IRM00040712,"UROMIYEH, IR",2025-03-11,0.02,",,S",,,45,"H,,S",58.0,",,S",36.0,",,S",7.222222222222222,14.444444444444445,2.2222222222222223,Sanandaj
IR000040841,"KERMAN, IR",2025-03-11,0.0,",,S",,,58,"H,,S",72.0,",,S",43.0,",,S",14.444444444444445,22.22222222222222,6.111111111111111,Sanandaj
IRM00040875,"BANDAR ABBASS INTERNATIONAL, IR",2025-03-11,0.0,",,S",,,80,"H,,S",93.0,",,S",67.0,",,S",26.666666666666668,33.888888888888886,19.444444444444443,Sanandaj
IRM00040858,"BUSHEHR, IR",2025-03-11,0.0,",,S",,,66,"H,,S",,,61.0,",,S",18.88888888888889,,16.11111111111111,Sanandaj
IRM00040879,"IRAN SHAHR, IR",2025-03-11,0.0,",,S",,,77,"H,,S",85.0,",,S",,,25.0,29.444444444444443,,Sanandaj
IR000040745,"MASHHAD, IR",2025-03-11,0.13,",,S",,,51,"H,,S",54.0,",,S",,,10.555555555555555,12.222222222222221,,Sanandaj
IRM00040769,"ARAK, IR",2025-03-11,0.0,",,S",,,50,"H,,S",60.0,",,S",39.0,",,S",10.0,15.555555555555555,3.888888888888889,Sanandaj
IRM00040731,"GHAZVIN, IR",2025-03-11,0.0,",,S",,,49,"H,,S",62.0,",,S",,,9.444444444444445,16.666666666666668,,Sanandaj
IRM00040723,"BOJNORD, IR",2025-03-11,0.5,",,S",,,50,"H,,S",59.0,",,S",,,10.0,15.0,,Sanandaj
IRM00040785,"KASHAN, IR",2025-03-11,0.0,",,S",,,60,"H,,S",71.0,",,S",48.0,",,S",15.555555555555555,21.666666666666668,8.88888888888889,Sanandaj
IRM00040800,"ESFAHAN SHAHID BEHESHTI INTERNATIONAL, IR",2025-03-11,0.0,",,S",,,52,"H,,S",67.0,",,S",,,11.11111111111111,19.444444444444443,,Sanandaj
IR000040848,"SHIRAZ, IR",2025-03-11,0.01,",,S",,,54,"H,,S",,,41.0,",,S",12.222222222222221,,5.0,Sanandaj
IRM00040821,"YAZD SHAHID SADOOGHI, IR",2025-03-11,0.01,",,S",,,61,"H,,S",72.0,",,S",50.0,",,S",16.11111111111111,22.22222222222222,10.0,Sanandaj
IR000407660,"KERMANSHAH, IR",2025-03-11,0.0,",,S",,,48,"H,,S",58.0,",,S",,,8.88888888888889,14.444444444444445,,Sanandaj
IRM00040831,"ABADAN, IR",2025-03-11,0.0,",,S",,,68,"H,,S",78.0,",,S",,,20.0,25.555555555555557,,Sanandaj
IRM00040747,"SANANDAJ, IR",2025-03-11,0.02,",,S",,,46,"H,,S",56.0,",,S",,,7.777777777777778,13.333333333333334,,Sanandaj
IRM00040729,"ZANJAN, IR",2025-03-11,0.0,",,S",,,45,"H,,S",58.0,",,S",,,7.222222222222222,14.444444444444445,,Sanandaj
IR000408560,"ZAHEDAN, IR",2025-03-11,0.0,",,S",,,69,"H,,S",,,,,20.555555555555557,,,Sanandaj
IR000040706,"TABRIZ, IR",2025-03-11,0.0,",,S",,,47,"H,,S",59.0,",,S",,,8.333333333333334,15.0,,Sanandaj
IRM00040809,"BIRJAND, IR",2025-03-11,0.0,",,S",,,56,"H,,S",,,45.0,",,S",13.333333333333334,,7.222222222222222,Sanandaj
IRM00040827,"NEHBANDAN, IR",2025-03-11,0.01,",,S",,,66,"H,,S",78.0,",,S",50.0,",,S",18.88888888888889,25.555555555555557,10.0,Sanandaj
IRM00040798,"SHAHRE KORD, IR",2025-03-11,0.04,",,S",,,43,"H,,S",56.0,",,S",32.0,",,S",6.111111111111111,13.333333333333334,0.0,Sanandaj
IR000407540,"TEHRAN MEHRABAD, IR",2025-03-11,0.0,",,S",,,56,"H,,S",65.0,",,S",48.0,",,S",13.333333333333334,18.333333333333332,8.88888888888889,Sanandaj
IR000040706,"TABRIZ, IR",2025-03-12,0.0,",,S",,,49,"H,,S",62.0,",,S",36.0,",,S",9.444444444444445,16.666666666666668,2.2222222222222223,Sanandaj
IRM00040809,"BIRJAND, IR",2025-03-12,0.0,",,S",,,55,"H,,S",69.0,",,S",,,12.777777777777779,20.555555555555557,,Sanandaj
IR000040745,"MASHHAD, IR",2025-03-12,0.0,",,S",,,51,"H,,S",54.0,",,S",,,10.555555555555555,12.222222222222221,,Sanandaj
IRM00040723,"BOJNORD, IR",2025-03-12,0.0,",,S",,,52,"H,,S",,,43.0,",,S",11.11111111111111,,6.111111111111111,Sanandaj
IR000407660,"KERMANSHAH, IR",2025-03-12,0.0,",,S",,,50,"H,,S",63.0,",,S",37.0,",,S",10.0,17.22222222222222,2.7777777777777777,Sanandaj
IRM00040875,"BANDAR ABBASS INTERNATIONAL, IR",2025-03-12,0.0,",,S",,,78,"H,,S",90.0,",,S",66.0,",,S",25.555555555555557,32.22222222222222,18.88888888888889,Sanandaj
IR000408560,"ZAHEDAN, IR",2025-03-12,0.0,",,S",,,64,"H,,S",76.0,",,S",,,17.77777777777778,24.444444444444443,,Sanandaj
IRM00040769,"ARAK, IR",2025-03-12,0.0,",,S",,,47,"H,,S",60.0,",,S",33.0,",,S",8.333333333333334,15.555555555555555,0.5555555555555556,Sanandaj
IRM00040800,"ESFAHAN SHAHID BEHESHTI INTERNATIONAL, IR",2025-03-12,0.0,"D,,S",,,50,"H,,S",69.0,",,S",41.0,",,S",10.0,20.555555555555557,5.0,Sanandaj
IRM00040858,"BUSHEHR, IR",2025-03-12,0.0,",,S",,,66,"H,,S",70.0,",,S",,,18.88888888888889,21.11111111111111,,Sanandaj
IRM00040731,"GHAZVIN, IR",2025-03-12,0.0,",,S",,,51,"H,,S",65.0,",,S",37.0,",,S",10.555555555555555,18.333333333333332,2.7777777777777777,Sanandaj
IR000040841,"KERMAN, IR",2025-03-12,0.09,",,S",,,56,"H,,S",68.0,",,S",44.0,",,S",13.333333333333334,20.0,6.666666666666667,Sanandaj
IRM00040712,"UROMIYEH, IR",2025-03-12,0.0,",,S",,,48,"H,,S",,,35.0,",,S",8.88888888888889,,1.6666666666666667,Sanandaj
IRM00040747,"SANANDAJ, IR",2025-03-12,0.0,",,S",,,47,"H,,S",64.0,",,S",,,8.333333333333334,17.77777777777778,,Sanandaj
IRM00040738,"GORGAN, IR",2025-03-12,0.0,",,S",,,56,"H,,S",72.0,",,S",,,13.333333333333334,22.22222222222222,,Sanandaj
IRM00040827,"NEHBANDAN, IR",2025-03-12,0.02,",,S",,,64,"H,,S",76.0,",,S",54.0,",,S",17.77777777777778,24.444444444444443,12.222222222222221,Sanandaj
IRM00040785,"KASHAN, IR",2025-03-12,0.0,",,S",,,59,"H,,S",69.0,",,S",50.0,",,S",15.0,20.555555555555557,10.0,Sanandaj
IRM00040798,"SHAHRE KORD, IR",2025-03-12,0.0,",,S",,,41,"H,,S",56.0,",,S",26.0,",,S",5.0,13.333333333333334,-3.3333333333333335,Sanandaj
IRM00040729,"ZANJAN, IR",2025-03-12,0.0,",,S",,,49,"H,,S",60.0,",,S",29.0,",,S",9.444444444444445,15.555555555555555,-1.6666666666666667,Sanandaj
IRM00040811,"AHWAZ, IR",2025-03-12,0.0,",,S",,,70,"H,,S",,,60.0,",,S",21.11111111111111,,15.555555555555555,Sanandaj
IRM00040831,"ABADAN, IR",2025-03-12,0.0,",,S",,,68,"H,,S",,,,,20.0,,,Sanandaj
IR000407540,"TEHRAN MEHRABAD, IR",2025-03-12,0.0,",,S",,,57,"H,,S",65.0,",,S",48.0,",,S",13.88888888888889,18.333333333333332,8.88888888888889,Sanandaj
IRM00040879,"IRAN SHAHR, IR",2025-03-12,0.0,",,S",,,78,"H,,S",88.0,",,S",66.0,",,S",25.555555555555557,31.11111111111111,18.88888888888889,Sanandaj
IRM00040821,"YAZD SHAHID SADOOGHI, IR",2025-03-12,0.02,",,S",,,57,"H,,S",69.0,",,S",,,13.88888888888889,20.555555555555557,,Sanandaj
IR000040848,"SHIRAZ, IR",2025-03-12,0.0,",,S",,,55,"H,,S",66.0,",,S",40.0,",,S",12.777777777777779,18.88888888888889,4.444444444444445,Sanandaj
IRM00040731,"GHAZVIN, IR",2025-03-13,0.0,",,S",,,53,"H,,S",69.0,",,S",38.0,",,S",11.666666666666666,20.555555555555557,3.3333333333333335,Sanandaj
IRM00040875,"BANDAR ABBASS INTERNATIONAL, IR",2025-03-13,0.0,",,S",,,75,"H,,S",86.0,",,S",,,23.88888888888889,30.0,,Sanandaj
IRM00040712,"UROMIYEH, IR",2025-03-13,0.0,",,S",7.1,",,S",50,"H,,S",65.0,",,S",,,10.0,18.333333333333332,,Sanandaj
IRM00040827,"NEHBANDAN, IR",2025-03-13,0.11,",,S",,,54,"H,,S",65.0,",,S",,,12.222222222222221,18.333333333333332,,Sanandaj
IRM00040809,"BIRJAND, IR",2025-03-13,0.0,",,S",,,50,"H,,S",64.0,",,S",,,10.0,17.77777777777778,,Sanandaj
IRM00040858,"BUSHEHR, IR",2025-03-13,0.0,",,S",,,65,"H,,S",71.0,",,S",58.0,",,S",18.333333333333332,21.666666666666668,14.444444444444445,Sanandaj
IRM00040747,"SANANDAJ, IR",2025-03-13,0.0,",,S",,,50,"H,,S",67.0,",,S",33.0,",,S",10.0,19.444444444444443,0.5555555555555556,Sanandaj
IR000408560,"ZAHEDAN, IR",2025-03-13,0.08,",,S",,,56,"H,,S",67.0,",,S",,,13.333333333333334,19.444444444444443,,Sanandaj
IRM00040811,"AHWAZ, IR",2025-03-13,0.0,",,S",,,72,"H,,S",86.0,",,S",,,22.22222222222222,30.0,,Sanandaj
IRM00040798,"SHAHRE KORD, IR",2025-03-13,0.0,",,S",,,45,"H,,S",61.0,",,S",27.0,",,S",7.222222222222222,16.11111111111111,-2.7777777777777777,Sanandaj
IRM00040723,"BOJNORD, IR",2025-03-13,0.0,",,S",,,50,"H,,S",63.0,",,S",,,10.0,17.22222222222222,,Sanandaj
IR000040848,"SHIRAZ, IR",2025-03-13,0.0,",,S",,,56,"H,,S",67.0,",,S",,,13.333333333333334,19.444444444444443,,Sanandaj
IR000407540,"TEHRAN MEHRABAD, IR",2025-03-13,0.0,",,S",,,59,"H,,S",,,,,15.0,,,Sanandaj
IRM00040821,"YAZD SHAHID SADOOGHI, IR",2025-03-13,0.0,",,S",,,58,"H,,S",67.0,",,S",,,14.444444444444445,19.444444444444443,,Sanandaj
IRM00040831,"ABADAN, IR",2025-03-13,0.0,",,S",,,71,"H,,S",86.0,",,S",57.0,",,S",21.666666666666668,30.0,13.88888888888889,Sanandaj
IR000040841,"KERMAN, IR",2025-03-13,0.22,",,S",,,45,"H,,S",59.0,",,S",,,7.222222222222222,15.0,,Sanandaj
IRM00040769,"ARAK, IR",2025-03-13,0.0,",,S",9.4,",,S",50,"H,,S",,,,,10.0,,,Sanandaj
IRM00040785,"KASHAN, IR",2025-03-13,0.0,",,S",,,57,"H,,S",73.0,",,S",,,13.88888888888889,22.77777777777778,,Sanandaj
IR000407660,"KERMANSHAH, IR",2025-03-13,0.0,",,S",,,52,"H,,S",,,35.0,",,S",11.11111111111111,,1.6666666666666667,Sanandaj
IRM00040729,"ZANJAN, IR",2025-03-13,0.0,",,S",,,49,"H,,S",64.0,",,S",28.0,",,S",9.444444444444445,17.77777777777778,-2.2222222222222223,Sanandaj
IR000040745,"MASHHAD, IR",2025-03-13,0.0,",,S",,,52,"H,,S",62.0,",,S",,,11.11111111111111,16.666666666666668,,Sanandaj
IRM00040738,"GORGAN, IR",2025-03-13,0.0,",,S",,,58,"H,,S",78.0,",,S",41.0,",,S",14.444444444444445,25.555555555555557,5.0,Sanandaj
IRM00040800,"ESFAHAN SHAHID BEHESHTI INTERNATIONAL, IR",2025-03-13,0.0,",,S",,,51,"H,,S",68.0,",,S",,,10.555555555555555,20.0,,Sanandaj
IR000040706,"TABRIZ, IR",2025-03-13,0.0,",,S",,,50,"H,,S",65.0,",,S",37.0,",,S",10.0,18.333333333333332,2.7777777777777777,Sanandaj
IRM00040879,"IRAN SHAHR, IR",2025-03-13,0.0,",,S",,,76,"H,,S",87.0,",,S",61.0,",,S",24.444444444444443,30.555555555555557,16.11111111111111,Sanandaj
IRM00040785,"KASHAN, IR",2025-03-14,0.0,",,S",,,60,"H,,S",76.0,",,S",45.0,",,S",15.555555555555555,24.444444444444443,7.222222222222222,Sanandaj
IRM00040731,"GHAZVIN, IR",2025-03-14,0.0,",,S",,,55,"H,,S",69.0,",,S",38.0,",,S",12.777777777777779,20.555555555555557,3.3333333333333335,Sanandaj
IRM00040821,"YAZD SHAHID SADOOGHI, IR",2025-03-14,0.0,",,S",,,59,"H,,S",70.0,",,S",44.0,",,S",15.0,21.11111111111111,6.666666666666667,Sanandaj
IRM00040738,"GORGAN, IR",2025-03-14,0.0,",,S",,,60,"H,,S",82.0,",,S",40.0,",,S",15.555555555555555,27.77777777777778,4.444444444444445,Sanandaj
IRM00040831,"ABADAN, IR",2025-03-14,0.0,",,S",,,73,"H,,S",88.0,",,S",57.0,",,S",22.77777777777778,31.11111111111111,13.88888888888889,Sanandaj
IRM00040798,"SHAHRE KORD, IR",2025-03-14,0.0,",,S",,,45,"H,,S",63.0,",,S",26.0,",,S",7.222222222222222,17.22222222222222,-3.3333333333333335,Sanandaj
IRM00040747,"SANANDAJ, IR",2025-03-14,0.0,",,S",,,52,"H,,S",71.0,",,S",33.0,",,S",11.11111111111111,21.666666666666668,0.5555555555555556,Sanandaj
IRM00040723,"BOJNORD, IR",2025-03-14,0.0,",,S",,,51,"H,,S",70.0,",,S",,,10.555555555555555,21.11111111111111,,Sanandaj
IRM00040811,"AHWAZ, IR",2025-03-14,0.0,",,S",,,74,"H,,S",,,59.0,",,S",23.333333333333332,,15.0,Sanandaj
IRM00040800,"ESFAHAN SHAHID BEHESHTI INTERNATIONAL, IR",2025-03-14,0.0,",,S",,,52,"H,,S",70.0,",,S",,,11.11111111111111,21.11111111111111,,Sanandaj
IRM00040879,"IRAN SHAHR, IR",2025-03-14,0.0,",,S",,,73,"H,,S",87.0,",,S",59.0,",,S",22.77777777777778,30.555555555555557,15.0,Sanandaj
IRM00040827,"NEHBANDAN, IR",2025-03-14,0.0,",,S",,,57,"H,,S",69.0,",,S",42.0,",,S",13.88888888888889,20.555555555555557,5.555555555555555,Sanandaj
IR000408560,"ZAHEDAN, IR",2025-03-14,0.0,",,S",,,56,"H,,S",,,,,13.333333333333334,,,Sanandaj
IR000040841,"KERMAN, IR",2025-03-14,0.0,",,S",,,49,"H,,S",61.0,",,S",34.0,",,S",9.444444444444445,16.11111111111111,1.1111111111111112,Sanandaj
IRM00040769,"ARAK, IR",2025-03-14,0.0,",,S",,,52,"H,,S",66.0,",,S",38.0,",,S",11.11111111111111,18.88888888888889,3.3333333333333335,Sanandaj
IR000040848,"SHIRAZ, IR",2025-03-14,0.0,",,S",,,54,"H,,S",67.0,",,S",,,12.222222222222221,19.444444444444443,,Sanandaj
IRM00040875,"BANDAR ABBASS INTERNATIONAL, IR",2025-03-14,0.0,",,S",,,78,"H,,S",88.0,",,S",65.0,",,S",25.555555555555557,31.11111111111111,18.333333333333332,Sanandaj
IR000407660,"KERMANSHAH, IR",2025-03-14,0.0,",,S",,,55,"H,,S",72.0,",,S",35.0,",,S",12.777777777777779,22.22222222222222,1.6666666666666667,Sanandaj
IR000040745,"MASHHAD, IR",2025-03-14,0.0,",,S",,,53,"H,,S",,,,,11.666666666666666,,,Sanandaj
IR000040706,"TABRIZ, IR",2025-03-14,0.0,",,S",,,52,"H,,S",68.0,",,S",37.0,",,S",11.11111111111111,20.0,2.7777777777777777,Sanandaj
IRM00040858,"BUSHEHR, IR",2025-03-14,0.0,",,S",,,67,"H,,S",,,60.0,",,S",19.444444444444443,,15.555555555555555,Sanandaj
IR000407540,"TEHRAN MEHRABAD, IR",2025-03-14,0.0,",,S",,,60,"H,,S",69.0,",,S",,,15.555555555555555,20.555555555555557,,Sanandaj
IRM00040809,"BIRJAND, IR",2025-03-14,0.0,",,S",,,51,"H,,S",,,34.0,",,S",10.555555555555555,,1.1111111111111112,Sanandaj
IRM00040712,"UROMIYEH, IR",2025-03-14,0.0,",,S",,,51,"H,,S",,,,,10.555555555555555,,,Sanandaj
IRM00040729,"ZANJAN, IR",2025-03-14,0.0,",,S",,,55,"H,,S",68.0,",,S",32.0,",,S",12.777777777777779,20.0,0.0,Sanandaj
IRM00040712,"UROMIYEH, IR",2025-03-15,0.0,",,S",,,53,"H,,S",68.0,",,S",39.0,",,S",11.666666666666666,20.0,3.888888888888889,Sanandaj
IRM00040827,"NEHBANDAN, IR",2025-03-15,0.0,",,S",,,62,"H,,S",76.0,",,S",48.0,",,S",16.666666666666668,24.444444444444443,8.88888888888889,Sanandaj
IR000040848,"SHIRAZ, IR",2025-03-15,0.0,",,S",,,56,"H,,S",69.0,",,S",41.0,",,S",13.333333333333334,20.555555555555557,5.0,Sanandaj
IR000407660,"KERMANSHAH, IR",2025-03-15,0.0,",,S",,,56,"H,,S",73.0,",,S",37.0,",,S",13.333333333333334,22.77777777777778,2.7777777777777777,Sanandaj
IR000040706,"TABRIZ, IR",2025-03-15,0.0,",,S",,,54,"H,,S",70.0,",,S",40.0,",,S",12.222222222222221,21.11111111111111,4.444444444444445,Sanandaj
IRM00040747,"SANANDAJ, IR",2025-03-15,0.0,",,S",,,54,"H,,S",71.0,",,S",35.0,",,S",12.222222222222221,21.666666666666668,1.6666666666666667,Sanandaj
IRM00040738,"GORGAN, IR",2025-03-15,0.0,",,S",,,59,"H,,S",,,40.0,",,S",15.0,,4.444444444444445,Sanandaj
IR000407540,"TEHRAN MEHRABAD, IR",2025-03-15,0.0,",,S",,,63,"H,,S",,,52.0,",,S",17.22222222222222,,11.11111111111111,Sanandaj
IRM00040879,"IRAN SHAHR, IR",2025-03-15,0.0,",,S",,,72,"H,,S",84.0,",,S",54.0,",,S",22.22222222222222,28.88888888888889,12.222222222222221,Sanandaj
IRM00040809,"BIRJAND, IR",2025-03-15,0.0,",,S",,,53,"H,,S",73.0,",,S",34.0,",,S",11.666666666666666,22.77777777777778,1.1111111111111112,Sanandaj
IR000408560,"ZAHEDAN, IR",2025-03-15,0.0,",,S",,,56,"H,,S",69.0,",,S",39.0,",,S",13.333333333333334,20.555555555555557,3.888888888888889,Sanandaj
IRM00040731,"GHAZVIN, IR",2025-03-15,0.0,",,S",,,56,"H,,S",69.0,",,S",42.0,",,S",13.333333333333334,20.555555555555557,5.555555555555555,Sanandaj
IR000040841,"KERMAN, IR",2025-03-15,0.0,",,S",,,51,"H,,S",67.0,",,S",33.0,",,S",10.555555555555555,19.444444444444443,0.5555555555555556,Sanandaj
IRM00040821,"YAZD SHAHID SADOOGHI, IR",2025-03-15,0.0,",,S",,,60,"H,,S",74.0,",,S",45.0,",,S",15.555555555555555,23.333333333333332,7.222222222222222,Sanandaj
IRM00040785,"KASHAN, IR",2025-03-15,0.0,",,S",,,63,"H,,S",78.0,",,S",48.0,",,S",17.22222222222222,25.555555555555557,8.88888888888889,Sanandaj
IRM00040798,"SHAHRE KORD, IR",2025-03-15,0.0,",,S",,,46,"H,,S",65.0,",,S",24.0,",,S",7.777777777777778,18.333333333333332,-4.444444444444445,Sanandaj
IRM00040811,"AHWAZ, IR",2025-03-15,0.0,",,S",,,75,"H,,S",90.0,",,S",60.0,",,S",23.88888888888889,32.22222222222222,15.555555555555555,Sanandaj
IR000040745,"MASHHAD, IR",2025-03-15,0.0,",,S",,,56,"H,,S",72.0,",,S",,,13.333333333333334,22.22222222222222,,Sanandaj
IRM00040800,"ESFAHAN SHAHID BEHESHTI INTERNATIONAL, IR",2025-03-15,0.0,",,S",,,52,"H,,S",71.0,",,S",,,11.11111111111111,21.666666666666668,,Sanandaj
IRM00040831,"ABADAN, IR",2025-03-15,0.0,",,S",,,74,"H,,S",,,,,23.333333333333332,,,Sanandaj
IRM00040858,"BUSHEHR, IR",2025-03-15,0.0,",,S",,,69,"H,,S",74.0,",,S",60.0,",,S",20.555555555555557,23.333333333333332,15.555555555555555,Sanandaj
IRM00040729,"ZANJAN, IR",2025-03-15,0.0,",,S",,,55,"H,,S",68.0,",,S",37.0,",,S",12.777777777777779,20.0,2.7777777777777777,Sanandaj
IRM00040723,"BOJNORD, IR",2025-03-15,0.0,",,S",,,55,"H,,S",73.0,",,S",35.0,",,S",12.777777777777779,22.77777777777778,1.6666666666666667,Sanandaj
IRM00040769,"ARAK, IR",2025-03-15,0.0,",,S",,,55,"H,,S",69.0,",,S",38.0,",,S",12.777777777777779,20.555555555555557,3.3333333333333335,Sanandaj
IRM00040875,"BANDAR ABBASS INTERNATIONAL, IR",2025-03-15,0.0,",,S",,,77,"H,,S",90.0,",,S",60.0,",,S",25.0,32.22222222222222,15.555555555555555,Sanandaj
IR000040841,"KERMAN, IR",2025-03-16,0.0,",,S",,,54,"H,,S",70.0,",,S",33.0,",,S",12.222222222222221,21.11111111111111,0.5555555555555556,Sanandaj
IRM00040785,"KASHAN, IR",2025-03-16,0.0,",,S",,,64,"H,,S",80.0,",,S",49.0,",,S",17.77777777777778,26.666666666666668,9.444444444444445,Sanandaj
IRM00040738,"GORGAN, IR",2025-03-16,0.0,",,S",,,63,"H,,S",83.0,",,S",38.0,",,S",17.22222222222222,28.333333333333332,3.3333333333333335,Sanandaj
IRM00040858,"BUSHEHR, IR",2025-03-16,0.0,",,S",,,69,"H,,S",75.0,",,S",61.0,",,S",20.555555555555557,23.88888888888889,16.11111111111111,Sanandaj
IRM00040879,"IRAN SHAHR, IR",2025-03-16,0.0,",,S",,,74,"H,,S",86.0,",,S",56.0,",,S",23.333333333333332,30.0,13.333333333333334,Sanandaj
IR000040745,"MASHHAD, IR",2025-03-16,0.0,",,S",,,59,"H,,S",74.0,",,S",43.0,",,S",15.0,23.333333333333332,6.111111111111111,Sanandaj
IRM00040811,"AHWAZ, IR",2025-03-16,0.0,",,S",,,77,"H,,S",,,62.0,",,S",25.0,,16.666666666666668,Sanandaj
IRM00040747,"SANANDAJ, IR",2025-03-16,0.0,",,S",,,55,"H,,S",72.0,",,S",37.0,",,S",12.777777777777779,22.22222222222222,2.7777777777777777,Sanandaj
IR000040706,"TABRIZ, IR",2025-03-16,0.0,",,S",,,56,"H,,S",70.0,",,S",41.0,",,S",13.333333333333334,21.11111111111111,5.0,Sanandaj
IR000040848,"SHIRAZ, IR",2025-03-16,0.0,",,S",,,58,"H,,S",71.0,",,S",40.0,",,S",14.444444444444445,21.666666666666668,4.444444444444445,Sanandaj
IR000407660,"KERMANSHAH, IR",2025-03-16,0.0,",,S",,,59,"H,,S",,,39.0,",,S",15.0,,3.888888888888889,Sanandaj
IR000407540,"TEHRAN MEHRABAD, IR",2025-03-16,0.0,",,S",,,64,"H,,S",72.0,",,S",55.0,",,S",17.77777777777778,22.22222222222222,12.777777777777779,Sanandaj
IRM00040712,"UROMIYEH, IR",2025-03-16,0.0,",,S",,,55,"H,,S",,,40.0,",,S",12.777777777777779,,4.444444444444445,Sanandaj
IRM00040809,"BIRJAND, IR",2025-03-16,0.0,",,S",,,58,"H,,S",77.0,",,S",34.0,",,S",14.444444444444445,25.0,1.1111111111111112,Sanandaj
IR000408560,"ZAHEDAN, IR",2025-03-16,0.0,",,S",,,58,"H,,S",,,37.0,",,S",14.444444444444445,,2.7777777777777777,Sanandaj
IRM00040827,"NEHBANDAN, IR",2025-03-16,0.0,",,S",,,63,"H,,S",80.0,",,S",48.0,",,S",17.22222222222222,26.666666666666668,8.88888888888889,Sanandaj
IRM00040729,"ZANJAN, IR",2025-03-16,0.0,",,S",,,56,"H,,S",69.0,",,S",35.0,",,S",13.333333333333334,20.555555555555557,1.6666666666666667,Sanandaj
IRM00040798,"SHAHRE KORD, IR",2025-03-16,0.0,",,S",,,49,"H,,S",66.0,",,S",25.0,",,S",9.444444444444445,18.88888888888889,-3.888888888888889,Sanandaj
IRM00040800,"ESFAHAN SHAHID BEHESHTI INTERNATIONAL, IR",2025-03-16,0.0,",,S",,,54,"H,,S",74.0,",,S",,,12.222222222222221,23.333333333333332,,Sanandaj
IRM00040831,"ABADAN, IR",2025-03-16,0.0,",,S",,,73,"H,,S",84.0,",,S",,,22.77777777777778,28.88888888888889,,Sanandaj
IRM00040723,"BOJNORD, IR",2025-03-16,0.0,",,S",,,55,"H,,S",,,36.0,",,S",12.777777777777779,,2.2222222222222223,Sanandaj
IRM00040769,"ARAK, IR",2025-03-16,0.0,",,S",,,54,"H,,S",,,,,12.222222222222221,,,Sanandaj
IRM00040875,"BANDAR ABBASS INTERNATIONAL, IR",2025-03-16,0.0,",,S",,,79,"H,,S",90.0,",,S",60.0,",,S",26.11111111111111,32.22222222222222,15.555555555555555,Sanandaj
IRM00040821,"YAZD SHAHID SADOOGHI, IR",2025-03-16,0.0,",,S",,,63,"H,,S",78.0,",,S",44.0,",,S",17.22222222222222,25.555555555555557,6.666666666666667,Sanandaj
IRM00040731,"GHAZVIN, IR",2025-03-16,0.0,",,S",,,57,"H,,S",72.0,",,S",42.0,",,S",13.88888888888889,22.22222222222222,5.555555555555555,Sanandaj
