"STATION","NAME","DATE","PRCP","PRCP_ATTRIBUTES","SNWD","SNWD_ATTRIBUTES","TAVG","TAVG_ATTRIBUTES","TMAX","TMAX_ATTRIBUTES","TMIN","TMIN_ATTRIBUTES"
"IRM00040747","SANANDAJ, IR","2025-01-01","0.00",",,S",,,"36","H,,S",,,"30",",,S"
"IRM00040747","SANANDAJ, IR","2025-01-02","0.00",",,S",,,"35","H,,S",,,,
"IRM00040747","SANANDAJ, IR","2025-01-03","0.00",",,S",,,"31","H,,S","47",",,S","19",",,S"
"IRM00040747","SANANDAJ, IR","2025-01-04","0.00",",,S",,,"32","H,,S",,,"18",",,S"
"IRM00040747","SANANDAJ, IR","2025-01-05","0.00",",,S",,,"37","H,,S","54",",,S","24",",,S"
"IRM00040747","SANANDAJ, IR","2025-01-06","0.00",",,S",,,"43","H,,S",,,"33",",,S"
"IRM00040747","SANANDAJ, IR","2025-01-07","0.00",",,S",,,"40","H,,S",,,"29",",,S"
"IRM00040747","SANANDAJ, IR","2025-01-08","0.00",",,S",,,"41","H,,S","45",",,S",,
"IRM00040747","SANANDAJ, IR","2025-01-09","0.00",",,S",,,"38","H,,S",,,"26",",,S"
"IRM00040747","SANANDAJ, IR","2025-01-10","0.00",",,S",,,"37","H,,S","54",",,S",,
"IRM00040747","SANANDAJ, IR","2025-01-11","0.02",",,S",,,"38","H,,S","54",",,S","23",",,S"
"IRM00040747","SANANDAJ, IR","2025-01-12","0.36",",,S",,,"37","H,,S","47",",,S","33",",,S"
"IRM00040747","SANANDAJ, IR","2025-01-13","0.00",",,S",,,"37","H,,S","40",",,S","35",",,S"
"IRM00040747","SANANDAJ, IR","2025-01-14","0.00",",,S",,,"35","H,,S","45",",,S",,
"IRM00040747","SANANDAJ, IR","2025-01-15","0.00",",,S",,,"36","H,,S","54",",,S","23",",,S"
"IRM00040747","SANANDAJ, IR","2025-01-16","0.00",",,S",,,"33","H,,S","46",",,S","24",",,S"
"IRM00040747","SANANDAJ, IR","2025-01-17","0.00",",,S",,,"32","H,,S","47",",,S","22",",,S"
"IRM00040747","SANANDAJ, IR","2025-01-18","0.00",",,S",,,"35","H,,S","50",",,S","21",",,S"
"IRM00040747","SANANDAJ, IR","2025-01-19","0.00",",,S",,,"38","H,,S","50",",,S",,
"IRM00040747","SANANDAJ, IR","2025-01-20","0.06",",,S",,,"34","H,,S","42",",,S","28",",,S"
"IRM00040747","SANANDAJ, IR","2025-01-21","0.03",",,S","1.2",",,S","31","H,,S","41",",,S","21",",,S"
"IRM00040747","SANANDAJ, IR","2025-01-22","0.00",",,S",,,"31","H,,S","45",",,S","17",",,S"
"IRM00040747","SANANDAJ, IR","2025-01-23","0.00",",,S",,,"34","H,,S","47",",,S",,
"IRM00040747","SANANDAJ, IR","2025-01-24","0.00",",,S",,,"38","H,,S","52",",,S","26",",,S"
"IRM00040747","SANANDAJ, IR","2025-01-25","0.00",",,S",,,"39","H,,S","48",",,S","34",",,S"
"IRM00040747","SANANDAJ, IR","2025-01-26","0.00",",,S",,,"39","H,,S","50",",,S","30",",,S"
"IRM00040747","SANANDAJ, IR","2025-01-27","0.01",",,S",,,"38","H,,S","42",",,S",,
"IRM00040747","SANANDAJ, IR","2025-01-28","0.00",",,S",,,"36","H,,S","43",",,S",,
"IRM00040747","SANANDAJ, IR","2025-01-29","0.00",",,S",,,"33","H,,S","46",",,S","21",",,S"
"IRM00040747","SANANDAJ, IR","2025-01-30","0.00",",,S",,,"33","H,,S","48",",,S","20",",,S"
"IRM00040747","SANANDAJ, IR","2025-01-31","0.00",",,S",,,"35","H,,S","52",",,S","17",",,S"
"IRM00040747","SANANDAJ, IR","2025-02-01","0.00",",,S",,,"36","H,,S",,,,
"IRM00040747","SANANDAJ, IR","2025-02-02","0.00",",,S",,,"35","H,,S",,,,
"IRM00040747","SANANDAJ, IR","2025-02-03","0.00",",,S",,,"36","H,,S",,,"19",",,S"
"IRM00040747","SANANDAJ, IR","2025-02-04","0.00",",,S",,,"37","H,,S","56",",,S","19",",,S"
"IRM00040747","SANANDAJ, IR","2025-02-05","0.00",",,S",,,"41","H,,S","55",",,S","24",",,S"
"IRM00040747","SANANDAJ, IR","2025-02-06","0.24",",,S",,,"41","H,,S","53",",,S",,
"IRM00040747","SANANDAJ, IR","2025-02-07","0.01",",,S",,,"35","H,,S","39",",,S",,
"IRM00040747","SANANDAJ, IR","2025-02-08","0.02",",,S",,,"29","H,,S","35",",,S","26",",,S"
"IRM00040747","SANANDAJ, IR","2025-02-09","0.02","D,,S","0.4",",,S","28","H,,S","35",",,S","25",",,S"
"IRM00040747","SANANDAJ, IR","2025-02-10","0.00",",,S",,,"29","H,,S","36",",,S","22",",,S"
"IRM00040747","SANANDAJ, IR","2025-02-11","0.00",",,S",,,"30","H,,S","38",",,S",,
"IRM00040747","SANANDAJ, IR","2025-02-12","0.00",",,S",,,"32","H,,S","43",",,S","23",",,S"
"IRM00040747","SANANDAJ, IR","2025-02-13","0.00",",,S",,,"38","H,,S","49",",,S","30",",,S"
"IRM00040747","SANANDAJ, IR","2025-02-14","0.00",",,S",,,"34","H,,S","48",",,S","24",",,S"
"IRM00040747","SANANDAJ, IR","2025-02-15","0.00",",,S",,,"34","H,,S","52",",,S","19",",,S"
"IRM00040747","SANANDAJ, IR","2025-02-16","0.00",",,S",,,"38","H,,S","52",",,S","19",",,S"
"IRM00040747","SANANDAJ, IR","2025-02-17","0.12",",,S",,,"36","H,,S","47",",,S",,
"IRM00040747","SANANDAJ, IR","2025-02-18","0.00",",,S",,,"36","H,,S","53",",,S",,
"IRM00040747","SANANDAJ, IR","2025-02-19","0.00",",,S",,,"38","H,,S","55",",,S",,
"IRM00040747","SANANDAJ, IR","2025-02-20","0.00",",,S",,,"39","H,,S","52",",,S","27",",,S"
"IRM00040747","SANANDAJ, IR","2025-02-21","0.09",",,S",,,"40","H,,S",,,,
"IRM00040747","SANANDAJ, IR","2025-02-22","0.17",",,S","0.8",",,S","33","H,,S","42",",,S",,
"IRM00040747","SANANDAJ, IR","2025-02-23","0.00",",,S",,,"30","H,,S","39",",,S",,
"IRM00040747","SANANDAJ, IR","2025-02-24","0.00",",,S",,,"22","H,,S","32",",,S",,
"IRM00040747","SANANDAJ, IR","2025-02-25","0.00",",,S",,,"22","H,,S","33",",,S","11",",,S"
"IRM00040747","SANANDAJ, IR","2025-02-26","0.00",",,S",,,"26","H,,S","39",",,S",,
"IRM00040747","SANANDAJ, IR","2025-02-27","0.00",",,S",,,"27","H,,S","44",",,S",,
"IRM00040747","SANANDAJ, IR","2025-02-28","0.00",",,S",,,"27","H,,S",,,"15",",,S"
"IRM00040747","SANANDAJ, IR","2025-03-01","0.00",",,S",,,"33","H,,S","48",",,S","17",",,S"
"IRM00040747","SANANDAJ, IR","2025-03-02","0.00",",,S",,,"34","H,,S","46",",,S",,
"IRM00040747","SANANDAJ, IR","2025-03-03","0.00",",,S",,,"36","H,,S","52",",,S","18",",,S"
"IRM00040747","SANANDAJ, IR","2025-03-04","0.00",",,S",,,"42","H,,S","56",",,S","24",",,S"
"IRM00040747","SANANDAJ, IR","2025-03-05","0.03",",,S",,,"45","H,,S",,,"34",",,S"
"IRM00040747","SANANDAJ, IR","2025-03-06","0.00",",,S",,,"46","H,,S","60",",,S",,
"IRM00040747","SANANDAJ, IR","2025-03-07","0.25",",,S",,,"45","H,,S","58",",,S","30",",,S"
"IRM00040747","SANANDAJ, IR","2025-03-08","0.09",",,S",,,"49","H,,S","56",",,S","44",",,S"
"IRM00040747","SANANDAJ, IR","2025-03-09","0.50",",,S",,,"43","H,,S","50",",,S",,
"IRM00040747","SANANDAJ, IR","2025-03-10","0.16",",,S",,,"44","H,,S","52",",,S","38",",,S"
"IRM00040747","SANANDAJ, IR","2025-03-11","0.02",",,S",,,"46","H,,S","56",",,S",,
"IRM00040747","SANANDAJ, IR","2025-03-12","0.00",",,S",,,"47","H,,S","64",",,S",,
"IRM00040747","SANANDAJ, IR","2025-03-13","0.00",",,S",,,"50","H,,S","67",",,S","33",",,S"
"IRM00040747","SANANDAJ, IR","2025-03-14","0.00",",,S",,,"52","H,,S","71",",,S","33",",,S"
"IRM00040747","SANANDAJ, IR","2025-03-15","0.00",",,S",,,"54","H,,S","71",",,S","35",",,S"
"IRM00040747","SANANDAJ, IR","2025-03-16","0.00",",,S",,,"55","H,,S","72",",,S","37",",,S"
"IRM00040769","ARAK, IR","2025-01-01","0.11",",,S",,,"32","H,,S","37",",,S",,
"IRM00040769","ARAK, IR","2025-01-02","0.00",",,S","1.6",",,S","28","H,,S","36",",,S",,
"IRM00040769","ARAK, IR","2025-01-03","0.00",",,S","0.4",",,S","23","H,,S","34",",,S","13",",,S"
"IRM00040769","ARAK, IR","2025-01-04","0.00",",,S","0.4",",,S","24","H,,S","41",",,S",,
"IRM00040769","ARAK, IR","2025-01-05","0.00",",,S",,,"28","H,,S","43",",,S",,
"IRM00040769","ARAK, IR","2025-01-06","0.00",",,S","0.4",",,S","33","H,,S","43",",,S",,
"IRM00040769","ARAK, IR","2025-01-07","0.00",",,S",,,"37","H,,S","44",",,S",,
"IRM00040769","ARAK, IR","2025-01-08","0.00",",,S","0.4",",,S","36","H,,S","44",",,S",,
"IRM00040769","ARAK, IR","2025-01-09","0.00",",,S",,,"33","H,,S","45",",,S",,
"IRM00040769","ARAK, IR","2025-01-10","0.00",",,S",,,"35","H,,S","49",",,S","24",",,S"
"IRM00040769","ARAK, IR","2025-01-11","0.00",",,S",,,"37","H,,S","54",",,S",,
"IRM00040769","ARAK, IR","2025-01-12","0.02",",,S",,,"40","H,,S","49",",,S",,
"IRM00040769","ARAK, IR","2025-01-13","0.00",",,S",,,"34","H,,S","41",",,S","26",",,S"
"IRM00040769","ARAK, IR","2025-01-14","0.00",",,S",,,"35","H,,S","44",",,S",,
"IRM00040769","ARAK, IR","2025-01-15","0.00",",,S",,,"31","H,,S",,,,
"IRM00040769","ARAK, IR","2025-01-16","0.06",",,S",,,"37","H,,S","53",",,S",,
"IRM00040769","ARAK, IR","2025-01-17","0.00",",,S",,,"33","H,,S","46",",,S",,
"IRM00040769","ARAK, IR","2025-01-18","0.00",",,S",,,"32","H,,S","48",",,S",,
"IRM00040769","ARAK, IR","2025-01-19","0.00",",,S",,,"35","H,,S","45",",,S",,
"IRM00040769","ARAK, IR","2025-01-20","0.00",",,S",,,"35","H,,S","44",",,S",,
"IRM00040769","ARAK, IR","2025-01-21","0.00","D,,S",,,"33","H,,S","43",",,S",,
"IRM00040769","ARAK, IR","2025-01-22","0.00",",,S",,,"32","H,,S","50",",,S",,
"IRM00040769","ARAK, IR","2025-01-23","0.00",",,S",,,"33","H,,S","47",",,S",,
"IRM00040769","ARAK, IR","2025-01-24","0.00",",,S",,,"36","H,,S","47",",,S","24",",,S"
"IRM00040769","ARAK, IR","2025-01-25","0.03",",,S",,,"37","H,,S","45",",,S",,
"IRM00040769","ARAK, IR","2025-01-26","0.00",",,S",,,"39","H,,S",,,"30",",,S"
"IRM00040769","ARAK, IR","2025-01-27","0.44",",,S","0.8",",,S","32","H,,S","42",",,S",,
"IRM00040769","ARAK, IR","2025-01-28","0.04",",,S","0.8",",,S","33","H,,S",,,,
"IRM00040769","ARAK, IR","2025-01-29","0.00",",,S","0.8",",,S","31","H,,S",,,,
"IRM00040769","ARAK, IR","2025-01-30","0.00",",,S","0.4",",,S","35","H,,S",,,,
"IRM00040769","ARAK, IR","2025-01-31","0.00",",,S",,,"34","H,,S","48",",,S","23",",,S"
"IRM00040769","ARAK, IR","2025-02-01","0.00",",,S",,,"39","H,,S",,,,
"IRM00040769","ARAK, IR","2025-02-02","0.00",",,S",,,"36","H,,S",,,,
"IRM00040769","ARAK, IR","2025-02-03","0.00",",,S",,,"35","H,,S","51",",,S",,
"IRM00040769","ARAK, IR","2025-02-04","0.00",",,S",,,"37","H,,S","54",",,S",,
"IRM00040769","ARAK, IR","2025-02-05","0.00",",,S",,,"41","H,,S","56",",,S","28",",,S"
"IRM00040769","ARAK, IR","2025-02-06","0.18",",,S",,,"38","H,,S","50",",,S",,
"IRM00040769","ARAK, IR","2025-02-07","0.48",",,S","2.4",",,S","34","H,,S","42",",,S",,
"IRM00040769","ARAK, IR","2025-02-08","0.01",",,S","1.2",",,S","29","H,,S","37",",,S","20",",,S"
"IRM00040769","ARAK, IR","2025-02-09","0.73",",,S","8.3",",,S","31","H,,S",,,,
"IRM00040769","ARAK, IR","2025-02-10","0.00",",,S","4.7",",,S","24","H,,S",,,"13",",,S"
"IRM00040769","ARAK, IR","2025-02-11","0.00",",,S","3.9",",,S","27","H,,S",,,"17",",,S"
"IRM00040769","ARAK, IR","2025-02-12","0.16",",,S","2.8",",,S","27","H,,S",,,"20",",,S"
"IRM00040769","ARAK, IR","2025-02-13","0.37",",,S","9.4",",,S","35","H,,S",,,"27",",,S"
"IRM00040769","ARAK, IR","2025-02-14","0.00",",,S","4.7",",,S","34","H,,S","48",",,S","29",",,S"
"IRM00040769","ARAK, IR","2025-02-15","0.00",",,S","2.8",",,S","32","H,,S",,,,
"IRM00040769","ARAK, IR","2025-02-16","0.00",",,S","2.0",",,S","35","H,,S",,,,
"IRM00040769","ARAK, IR","2025-02-17","0.06",",,S","0.8",",,S","39","H,,S","49",",,S","33",",,S"
"IRM00040769","ARAK, IR","2025-02-18","0.00",",,S",,,"36","H,,S",,,,
"IRM00040769","ARAK, IR","2025-02-19","0.00",",,S","0.4",",,S","39","H,,S","52",",,S",,
"IRM00040769","ARAK, IR","2025-02-20","0.00",",,S",,,"43","H,,S","54",",,S","30",",,S"
"IRM00040769","ARAK, IR","2025-02-21","0.01",",,S","0.4",",,S","48","H,,S",,,"37",",,S"
"IRM00040769","ARAK, IR","2025-02-22","0.00",",,S",,,"45","H,,S",,,,
"IRM00040769","ARAK, IR","2025-02-23","0.11",",,S","1.2",",,S","37","H,,S",,,,
"IRM00040769","ARAK, IR","2025-02-24","0.03",",,S",,,"35","H,,S","42",",,S",,
"IRM00040769","ARAK, IR","2025-02-25","0.00",",,S","0.8",",,S","21","H,,S","32",",,S","14",",,S"
"IRM00040769","ARAK, IR","2025-02-26","0.00",",,S","0.8",",,S","30","H,,S",,,,
"IRM00040769","ARAK, IR","2025-02-27","0.00",",,S","0.4",",,S","34","H,,S","45",",,S",,
"IRM00040769","ARAK, IR","2025-02-28","0.00",",,S",,,"28","H,,S","39",",,S","22",",,S"
"IRM00040769","ARAK, IR","2025-03-01","0.00",",,S",,,"36","H,,S","49",",,S",,
"IRM00040769","ARAK, IR","2025-03-02","0.01",",,S","0.4",",,S","33","H,,S","41",",,S",,
"IRM00040769","ARAK, IR","2025-03-03","0.00",",,S",,,"36","H,,S","54",",,S",,
"IRM00040769","ARAK, IR","2025-03-04","0.00",",,S",,,"43","H,,S","57",",,S",,
"IRM00040769","ARAK, IR","2025-03-05","0.12",",,S",,,"43","H,,S","50",",,S","37",",,S"
"IRM00040769","ARAK, IR","2025-03-06","0.00",",,S",,,"48","H,,S","62",",,S",,
"IRM00040769","ARAK, IR","2025-03-07","0.00",",,S",,,"47","H,,S","58",",,S","34",",,S"
"IRM00040769","ARAK, IR","2025-03-08","0.70",",,S",,,"46","H,,S","55",",,S",,
"IRM00040769","ARAK, IR","2025-03-09","0.02",",,S",,,"47","H,,S","55",",,S",,
"IRM00040769","ARAK, IR","2025-03-10","0.00",",,S",,,"49","H,,S","60",",,S","40",",,S"
"IRM00040769","ARAK, IR","2025-03-11","0.00",",,S",,,"50","H,,S","60",",,S","39",",,S"
"IRM00040769","ARAK, IR","2025-03-12","0.00",",,S",,,"47","H,,S","60",",,S","33",",,S"
"IRM00040769","ARAK, IR","2025-03-13","0.00",",,S","9.4",",,S","50","H,,S",,,,
"IRM00040769","ARAK, IR","2025-03-14","0.00",",,S",,,"52","H,,S","66",",,S","38",",,S"
"IRM00040769","ARAK, IR","2025-03-15","0.00",",,S",,,"55","H,,S","69",",,S","38",",,S"
"IRM00040769","ARAK, IR","2025-03-16","0.00",",,S",,,"54","H,,S",,,,
"IRM00040723","BOJNORD, IR","2025-01-01","0.00",",,S",,,"36","H,,S","43",",,S",,
"IRM00040723","BOJNORD, IR","2025-01-02","0.00",",,S",,,"35","H,,S","41",",,S",,
"IRM00040723","BOJNORD, IR","2025-01-03","0.00",",,S",,,"33","H,,S","45",",,S","23",",,S"
"IRM00040723","BOJNORD, IR","2025-01-04","0.00",",,S",,,"32","H,,S","48",",,S","23",",,S"
"IRM00040723","BOJNORD, IR","2025-01-05","0.00",",,S",,,"32","H,,S","51",",,S",,
"IRM00040723","BOJNORD, IR","2025-01-06","0.00",",,S",,,"38","H,,S","55",",,S","19",",,S"
"IRM00040723","BOJNORD, IR","2025-01-07","0.00",",,S",,,"37","H,,S","47",",,S",,
"IRM00040723","BOJNORD, IR","2025-01-08","0.00",",,S",,,"34","H,,S","46",",,S","24",",,S"
"IRM00040723","BOJNORD, IR","2025-01-09","0.00",",,S",,,"31","H,,S","48",",,S","21",",,S"
"IRM00040723","BOJNORD, IR","2025-01-10","0.00",",,S",,,"32","H,,S","53",",,S","18",",,S"
"IRM00040723","BOJNORD, IR","2025-01-11","0.00",",,S",,,"34","H,,S","54",",,S",,
"IRM00040723","BOJNORD, IR","2025-01-12","0.00",",,S",,,"38","H,,S","60",",,S","21",",,S"
"IRM00040723","BOJNORD, IR","2025-01-13","0.00",",,S",,,"38","H,,S",,,"26",",,S"
"IRM00040723","BOJNORD, IR","2025-01-14","0.00",",,S",,,"37","H,,S","53",",,S",,
"IRM00040723","BOJNORD, IR","2025-01-15","0.00",",,S",,,"37","H,,S","52",",,S","21",",,S"
"IRM00040723","BOJNORD, IR","2025-01-16","0.00",",,S",,,"38","H,,S","53",",,S","26",",,S"
"IRM00040723","BOJNORD, IR","2025-01-17","0.01",",,S",,,"36","H,,S",,,,
"IRM00040723","BOJNORD, IR","2025-01-18","0.00",",,S",,,"34","H,,S",,,,
"IRM00040723","BOJNORD, IR","2025-01-19","0.00",",,S",,,"38","H,,S","48",",,S",,
"IRM00040723","BOJNORD, IR","2025-01-20","0.00",",,S",,,"42","H,,S","51",",,S","33",",,S"
"IRM00040723","BOJNORD, IR","2025-01-21","0.02",",,S",,,"34","H,,S","41",",,S",,
"IRM00040723","BOJNORD, IR","2025-01-22","0.00",",,S",,,"31","H,,S","45",",,S","21",",,S"
"IRM00040723","BOJNORD, IR","2025-01-23","0.00",",,S",,,"34","H,,S","51",",,S","18",",,S"
"IRM00040723","BOJNORD, IR","2025-01-24","0.00",",,S",,,"38","H,,S","60",",,S",,
"IRM00040723","BOJNORD, IR","2025-01-25","0.00",",,S",,,"35","H,,S","55",",,S","20",",,S"
"IRM00040723","BOJNORD, IR","2025-01-26","0.00",",,S",,,"36","H,,S","50",",,S","24",",,S"
"IRM00040723","BOJNORD, IR","2025-01-27","0.00",",,S",,,"37","H,,S",,,,
"IRM00040723","BOJNORD, IR","2025-01-28","0.00",",,S",,,"34","H,,S","38",",,S",,
"IRM00040723","BOJNORD, IR","2025-01-29","0.00",",,S",,,"31","H,,S","43",",,S",,
"IRM00040723","BOJNORD, IR","2025-01-30","0.00",",,S",,,"32","H,,S","45",",,S",,
"IRM00040723","BOJNORD, IR","2025-01-31","0.00",",,S",,,"33","H,,S","49",",,S","19",",,S"
"IRM00040723","BOJNORD, IR","2025-02-01",,,,,"35","H,,S",,,,
"IRM00040723","BOJNORD, IR","2025-02-02","0.00",",,S",,,"33","H,,S",,,,
"IRM00040723","BOJNORD, IR","2025-02-03","0.00",",,S",,,"29","H,,S",,,"20",",,S"
"IRM00040723","BOJNORD, IR","2025-02-04","0.00",",,S",,,"32","H,,S","51",",,S","15",",,S"
"IRM00040723","BOJNORD, IR","2025-02-05","0.00",",,S",,,"36","H,,S","54",",,S","18",",,S"
"IRM00040723","BOJNORD, IR","2025-02-06","0.00",",,S",,,"40","H,,S","55",",,S",,
"IRM00040723","BOJNORD, IR","2025-02-07","0.03",",,S",,,"37","H,,S","48",",,S",,
"IRM00040723","BOJNORD, IR","2025-02-08","0.02",",,S",,,"31","H,,S","37",",,S",,
"IRM00040723","BOJNORD, IR","2025-02-09","0.00",",,S",,,"27","H,,S","32",",,S",,
"IRM00040723","BOJNORD, IR","2025-02-10","0.01",",,S","0.4",",,S","24","H,,S",,,"20",",,S"
"IRM00040723","BOJNORD, IR","2025-02-11","0.00",",,S",,,"28","H,,S","38",",,S","19",",,S"
"IRM00040723","BOJNORD, IR","2025-02-12","0.00",",,S",,,"30","H,,S","44",",,S","18",",,S"
"IRM00040723","BOJNORD, IR","2025-02-13","0.00",",,S",,,"30","H,,S","44",",,S","18",",,S"
"IRM00040723","BOJNORD, IR","2025-02-14","0.00",",,S",,,"34","H,,S","50",",,S","18",",,S"
"IRM00040723","BOJNORD, IR","2025-02-15","0.11",",,S",,,"34","H,,S","38",",,S",,
"IRM00040723","BOJNORD, IR","2025-02-16","0.00",",,S",,,"34","H,,S","46",",,S","26",",,S"
"IRM00040723","BOJNORD, IR","2025-02-17","0.00",",,S",,,"39","H,,S",,,,
"IRM00040723","BOJNORD, IR","2025-02-18","0.00",",,S",,,"37","H,,S","46",",,S",,
"IRM00040723","BOJNORD, IR","2025-02-19","0.00",",,S",,,"39","H,,S","55",",,S","21",",,S"
"IRM00040723","BOJNORD, IR","2025-02-20","0.00",",,S",,,"44","H,,S",,,"31",",,S"
"IRM00040723","BOJNORD, IR","2025-02-21","0.00",",,S",,,"42","H,,S","57",",,S","27",",,S"
"IRM00040723","BOJNORD, IR","2025-02-22","0.00",",,S",,,"38","H,,S","46",",,S",,
"IRM00040723","BOJNORD, IR","2025-02-23","0.00",",,S",,,"35","H,,S","40",",,S","30",",,S"
"IRM00040723","BOJNORD, IR","2025-02-24","0.00",",,S",,,"32","H,,S","35",",,S",,
"IRM00040723","BOJNORD, IR","2025-02-25","0.00",",,S","0.4",",,S","22","H,,S","32",",,S",,
"IRM00040723","BOJNORD, IR","2025-02-26","0.00",",,S",,,"27","H,,S","41",",,S","11",",,S"
"IRM00040723","BOJNORD, IR","2025-02-27","0.00",",,S",,,"30","H,,S","40",",,S",,
"IRM00040723","BOJNORD, IR","2025-02-28","0.00",",,S",,,"26","H,,S",,,,
"IRM00040723","BOJNORD, IR","2025-03-01","0.00",",,S",,,"32","H,,S","43",",,S","16",",,S"
"IRM00040723","BOJNORD, IR","2025-03-02","0.01",",,S",,,"25","H,,S","34",",,S",,
"IRM00040723","BOJNORD, IR","2025-03-03","0.00",",,S",,,"29","H,,S","42",",,S","13",",,S"
"IRM00040723","BOJNORD, IR","2025-03-04","0.00",",,S",,,"39","H,,S","54",",,S","24",",,S"
"IRM00040723","BOJNORD, IR","2025-03-05","0.00",",,S",,,"40","H,,S","58",",,S","25",",,S"
"IRM00040723","BOJNORD, IR","2025-03-06","0.00",",,S",,,"44","H,,S","61",",,S",,
"IRM00040723","BOJNORD, IR","2025-03-07","0.00",",,S",,,"44","H,,S",,,"26",",,S"
"IRM00040723","BOJNORD, IR","2025-03-08","0.00",",,S",,,"48","H,,S","60",",,S","32",",,S"
"IRM00040723","BOJNORD, IR","2025-03-09","0.35",",,S",,,"42","H,,S","53",",,S",,
"IRM00040723","BOJNORD, IR","2025-03-10","0.00",",,S",,,"49","H,,S","57",",,S","41",",,S"
"IRM00040723","BOJNORD, IR","2025-03-11","0.50",",,S",,,"50","H,,S","59",",,S",,
"IRM00040723","BOJNORD, IR","2025-03-12","0.00",",,S",,,"52","H,,S",,,"43",",,S"
"IRM00040723","BOJNORD, IR","2025-03-13","0.00",",,S",,,"50","H,,S","63",",,S",,
"IRM00040723","BOJNORD, IR","2025-03-14","0.00",",,S",,,"51","H,,S","70",",,S",,
"IRM00040723","BOJNORD, IR","2025-03-15","0.00",",,S",,,"55","H,,S","73",",,S","35",",,S"
"IRM00040723","BOJNORD, IR","2025-03-16","0.00",",,S",,,"55","H,,S",,,"36",",,S"
"IRM00040800","ESFAHAN SHAHID BEHESHTI INTERNATIONAL, IR","2025-01-01","0.60",",,S",,,"36","H,,S","48",",,S",,
"IRM00040800","ESFAHAN SHAHID BEHESHTI INTERNATIONAL, IR","2025-01-02","0.00",",,S",,,"31","H,,S","46",",,S",,
"IRM00040800","ESFAHAN SHAHID BEHESHTI INTERNATIONAL, IR","2025-01-03","0.00",",,S",,,"28","H,,S","45",",,S",,
"IRM00040800","ESFAHAN SHAHID BEHESHTI INTERNATIONAL, IR","2025-01-04","0.00",",,S",,,"28","H,,S","49",",,S",,
"IRM00040800","ESFAHAN SHAHID BEHESHTI INTERNATIONAL, IR","2025-01-05","0.00",",,S",,,"30","H,,S","53",",,S",,
"IRM00040800","ESFAHAN SHAHID BEHESHTI INTERNATIONAL, IR","2025-01-06","0.00",",,S",,,"38","H,,S","57",",,S",,
"IRM00040800","ESFAHAN SHAHID BEHESHTI INTERNATIONAL, IR","2025-01-07","0.00",",,S",,,"42","H,,S","53",",,S",,
"IRM00040800","ESFAHAN SHAHID BEHESHTI INTERNATIONAL, IR","2025-01-08","0.00",",,S",,,"39","H,,S","54",",,S",,
"IRM00040800","ESFAHAN SHAHID BEHESHTI INTERNATIONAL, IR","2025-01-09","0.00",",,S",,,"38","H,,S","58",",,S",,
"IRM00040800","ESFAHAN SHAHID BEHESHTI INTERNATIONAL, IR","2025-01-10","0.00",",,S",,,"37","H,,S","58",",,S",,
"IRM00040800","ESFAHAN SHAHID BEHESHTI INTERNATIONAL, IR","2025-01-11","0.00",",,S",,,"38","H,,S","58",",,S",,
"IRM00040800","ESFAHAN SHAHID BEHESHTI INTERNATIONAL, IR","2025-01-12","0.00",",,S",,,"42","H,,S","59",",,S",,
"IRM00040800","ESFAHAN SHAHID BEHESHTI INTERNATIONAL, IR","2025-01-13","0.00",",,S",,,"40","H,,S","58",",,S",,
"IRM00040800","ESFAHAN SHAHID BEHESHTI INTERNATIONAL, IR","2025-01-14","0.00",",,S",,,"36","H,,S","58",",,S",,
"IRM00040800","ESFAHAN SHAHID BEHESHTI INTERNATIONAL, IR","2025-01-15","0.00",",,S",,,"35","H,,S","57",",,S",,
"IRM00040800","ESFAHAN SHAHID BEHESHTI INTERNATIONAL, IR","2025-01-16","0.00",",,S",,,"38","H,,S","54",",,S",,
"IRM00040800","ESFAHAN SHAHID BEHESHTI INTERNATIONAL, IR","2025-01-17","0.01",",,S",,,"40","H,,S","53",",,S",,
"IRM00040800","ESFAHAN SHAHID BEHESHTI INTERNATIONAL, IR","2025-01-18","0.00",",,S",,,"35","H,,S","50",",,S",,
"IRM00040800","ESFAHAN SHAHID BEHESHTI INTERNATIONAL, IR","2025-01-19","0.00",",,S",,,"33","H,,S","48",",,S","21",",D,S"
"IRM00040800","ESFAHAN SHAHID BEHESHTI INTERNATIONAL, IR","2025-01-20","0.00",",,S",,,"35","H,,S","55",",,S",,
"IRM00040800","ESFAHAN SHAHID BEHESHTI INTERNATIONAL, IR","2025-01-21","0.00",",,S",,,"37","H,,S","53",",,S",,
"IRM00040800","ESFAHAN SHAHID BEHESHTI INTERNATIONAL, IR","2025-01-22","0.00",",,S",,,"32","H,,S",,,,
"IRM00040800","ESFAHAN SHAHID BEHESHTI INTERNATIONAL, IR","2025-01-23","0.00",",,S",,,"31","H,,S","49",",,S",,
"IRM00040800","ESFAHAN SHAHID BEHESHTI INTERNATIONAL, IR","2025-01-24","0.00",",,S",,,"35","H,,S","56",",,S",,
"IRM00040800","ESFAHAN SHAHID BEHESHTI INTERNATIONAL, IR","2025-01-25","0.00",",,S",,,"39","H,,S","59",",,S",,
"IRM00040800","ESFAHAN SHAHID BEHESHTI INTERNATIONAL, IR","2025-01-26","0.00",",,S",,,"40","H,,S",,,,
"IRM00040800","ESFAHAN SHAHID BEHESHTI INTERNATIONAL, IR","2025-01-27","0.09",",,S",,,"37","H,,S","48",",,S",,
"IRM00040800","ESFAHAN SHAHID BEHESHTI INTERNATIONAL, IR","2025-01-28","0.00",",,S",,,"37","H,,S","48",",,S",,
"IRM00040800","ESFAHAN SHAHID BEHESHTI INTERNATIONAL, IR","2025-01-29","0.00",",,S",,,"36","H,,S",,,,
"IRM00040800","ESFAHAN SHAHID BEHESHTI INTERNATIONAL, IR","2025-01-30","0.00",",,S",,,"33","H,,S","47",",,S",,
"IRM00040800","ESFAHAN SHAHID BEHESHTI INTERNATIONAL, IR","2025-01-31","0.00",",,S",,,"34","H,,S","56",",,S",,
"IRM00040800","ESFAHAN SHAHID BEHESHTI INTERNATIONAL, IR","2025-02-01","0.00",",,S",,,"33","H,,S",,,,
"IRM00040800","ESFAHAN SHAHID BEHESHTI INTERNATIONAL, IR","2025-02-02","0.00",",,S",,,"36","H,,S",,,,
"IRM00040800","ESFAHAN SHAHID BEHESHTI INTERNATIONAL, IR","2025-02-03","0.00",",,S",,,"34","H,,S","57",",,S",,
"IRM00040800","ESFAHAN SHAHID BEHESHTI INTERNATIONAL, IR","2025-02-04","0.00",",,S",,,"35","H,,S","57",",,S",,
"IRM00040800","ESFAHAN SHAHID BEHESHTI INTERNATIONAL, IR","2025-02-05","0.00",",,S",,,"40","H,,S","60",",,S",,
"IRM00040800","ESFAHAN SHAHID BEHESHTI INTERNATIONAL, IR","2025-02-06","0.00",",,S",,,"42","H,,S","57",",,S","29",",,S"
"IRM00040800","ESFAHAN SHAHID BEHESHTI INTERNATIONAL, IR","2025-02-07","0.00",",,S",,,"44","H,,S","57",",,S",,
"IRM00040800","ESFAHAN SHAHID BEHESHTI INTERNATIONAL, IR","2025-02-08","0.00",",,S",,,"40","H,,S","52",",,S",,
"IRM00040800","ESFAHAN SHAHID BEHESHTI INTERNATIONAL, IR","2025-02-09","0.00",",,S",,,"34","H,,S","50",",,S",,
"IRM00040800","ESFAHAN SHAHID BEHESHTI INTERNATIONAL, IR","2025-02-10","0.00",",,S",,,"31","H,,S","49",",,S",,
"IRM00040800","ESFAHAN SHAHID BEHESHTI INTERNATIONAL, IR","2025-02-11","0.00",",,S",,,"34","H,,S","54",",,S",,
"IRM00040800","ESFAHAN SHAHID BEHESHTI INTERNATIONAL, IR","2025-02-12","0.06",",,S",,,"35","H,,S","49",",,S",,
"IRM00040800","ESFAHAN SHAHID BEHESHTI INTERNATIONAL, IR","2025-02-13","0.00",",,S",,,"43","H,,S","56",",,S",,
"IRM00040800","ESFAHAN SHAHID BEHESHTI INTERNATIONAL, IR","2025-02-14","0.00",",,S",,,"44","H,,S","66",",,S",,
"IRM00040800","ESFAHAN SHAHID BEHESHTI INTERNATIONAL, IR","2025-02-15","0.00",",,S",,,"42","H,,S","64",",,S",,
"IRM00040800","ESFAHAN SHAHID BEHESHTI INTERNATIONAL, IR","2025-02-16","0.00",",,S",,,"41","H,,S","62",",,S",,
"IRM00040800","ESFAHAN SHAHID BEHESHTI INTERNATIONAL, IR","2025-02-17","0.00",",,S",,,"44","H,,S","59",",,S",,
"IRM00040800","ESFAHAN SHAHID BEHESHTI INTERNATIONAL, IR","2025-02-18","0.00",",,S",,,"41","H,,S","61",",,S",,
"IRM00040800","ESFAHAN SHAHID BEHESHTI INTERNATIONAL, IR","2025-02-19","0.00",",,S",,,"40","H,,S","60",",,S",,
"IRM00040800","ESFAHAN SHAHID BEHESHTI INTERNATIONAL, IR","2025-02-20","0.00",",,S",,,"44","H,,S","65",",,S",,
"IRM00040800","ESFAHAN SHAHID BEHESHTI INTERNATIONAL, IR","2025-02-21","0.00",",,S",,,"49","H,,S","65",",,S",,
"IRM00040800","ESFAHAN SHAHID BEHESHTI INTERNATIONAL, IR","2025-02-22","0.00",",,S",,,"49","H,,S","65",",,S",,
"IRM00040800","ESFAHAN SHAHID BEHESHTI INTERNATIONAL, IR","2025-02-23","0.00",",,S",,,"51","H,,S","63",",,S",,
"IRM00040800","ESFAHAN SHAHID BEHESHTI INTERNATIONAL, IR","2025-02-24","0.00",",,S",,,"44","H,,S","57",",,S",,
"IRM00040800","ESFAHAN SHAHID BEHESHTI INTERNATIONAL, IR","2025-02-25","0.00",",,S",,,"29","H,,S","46",",,S",,
"IRM00040800","ESFAHAN SHAHID BEHESHTI INTERNATIONAL, IR","2025-02-26","0.00",",,S",,,"32","H,,S","54",",,S",,
"IRM00040800","ESFAHAN SHAHID BEHESHTI INTERNATIONAL, IR","2025-02-27","0.00",",,S",,,"36","H,,S","58",",,S",,
"IRM00040800","ESFAHAN SHAHID BEHESHTI INTERNATIONAL, IR","2025-02-28","0.00",",,S",,,"31","H,,S",,,,
"IRM00040800","ESFAHAN SHAHID BEHESHTI INTERNATIONAL, IR","2025-03-01","0.00",",,S",,,"39","H,,S","60",",,S",,
"IRM00040800","ESFAHAN SHAHID BEHESHTI INTERNATIONAL, IR","2025-03-02","0.00",",,S",,,"38","H,,S","53",",,S",,
"IRM00040800","ESFAHAN SHAHID BEHESHTI INTERNATIONAL, IR","2025-03-03","0.00",",,S",,,"37","H,,S","57",",,S",,
"IRM00040800","ESFAHAN SHAHID BEHESHTI INTERNATIONAL, IR","2025-03-04","0.00",",,S",,,"43","H,,S","63",",,S",,
"IRM00040800","ESFAHAN SHAHID BEHESHTI INTERNATIONAL, IR","2025-03-05","0.00",",,S",,,"48","H,,S","63",",,S",,
"IRM00040800","ESFAHAN SHAHID BEHESHTI INTERNATIONAL, IR","2025-03-06","0.00",",,S",,,"50","H,,S","65",",,S",,
"IRM00040800","ESFAHAN SHAHID BEHESHTI INTERNATIONAL, IR","2025-03-07","0.05",",,S",,,"50","H,,S","58",",,S",,
"IRM00040800","ESFAHAN SHAHID BEHESHTI INTERNATIONAL, IR","2025-03-08","0.40",",,S",,,"49","H,,S","57",",,S",,
"IRM00040800","ESFAHAN SHAHID BEHESHTI INTERNATIONAL, IR","2025-03-09","0.00",",,S",,,"51","H,,S","68",",,S",,
"IRM00040800","ESFAHAN SHAHID BEHESHTI INTERNATIONAL, IR","2025-03-10","0.00",",,S",,,"53","H,,S","71",",,S",,
"IRM00040800","ESFAHAN SHAHID BEHESHTI INTERNATIONAL, IR","2025-03-11","0.00",",,S",,,"52","H,,S","67",",,S",,
"IRM00040800","ESFAHAN SHAHID BEHESHTI INTERNATIONAL, IR","2025-03-12","0.00","D,,S",,,"50","H,,S","69",",,S","41",",,S"
"IRM00040800","ESFAHAN SHAHID BEHESHTI INTERNATIONAL, IR","2025-03-13","0.00",",,S",,,"51","H,,S","68",",,S",,
"IRM00040800","ESFAHAN SHAHID BEHESHTI INTERNATIONAL, IR","2025-03-14","0.00",",,S",,,"52","H,,S","70",",,S",,
"IRM00040800","ESFAHAN SHAHID BEHESHTI INTERNATIONAL, IR","2025-03-15","0.00",",,S",,,"52","H,,S","71",",,S",,
"IRM00040800","ESFAHAN SHAHID BEHESHTI INTERNATIONAL, IR","2025-03-16","0.00",",,S",,,"54","H,,S","74",",,S",,
"IRM00040729","ZANJAN, IR","2025-01-01","0.00",",,S","1.2",",,S","30","H,,S","41",",,S","20",",,S"
"IRM00040729","ZANJAN, IR","2025-01-02","0.00",",,S","0.8",",,S","29","H,,S","40",",,S","16",",,S"
"IRM00040729","ZANJAN, IR","2025-01-03","0.00",",,S","0.8",",,S","30","H,,S",,,"14",",,S"
"IRM00040729","ZANJAN, IR","2025-01-04","0.00",",,S","0.8",",,S","32","H,,S","47",",,S","15",",,S"
"IRM00040729","ZANJAN, IR","2025-01-05","0.00",",,S","0.8",",,S","35","H,,S","48",",,S","16",",,S"
"IRM00040729","ZANJAN, IR","2025-01-06","0.01",",,S","0.8",",,S","35","H,,S",,,"29",",,S"
"IRM00040729","ZANJAN, IR","2025-01-07","0.00",",,S","1.2",",,S","31","H,,S","36",",,S","21",",,S"
"IRM00040729","ZANJAN, IR","2025-01-08","0.00",",,S","0.8",",,S","33","H,,S",,,,
"IRM00040729","ZANJAN, IR","2025-01-09","0.00",",,S","0.8",",,S","29","H,,S",,,"18",",,S"
"IRM00040729","ZANJAN, IR","2025-01-10","0.00",",,S","0.8",",,S","27","H,,S","32",",,S",,
"IRM00040729","ZANJAN, IR","2025-01-11","0.00",",,S","0.8",",,S","32","H,,S","51",",,S","16",",,S"
"IRM00040729","ZANJAN, IR","2025-01-12","0.02",",,S","0.8",",,S","38","H,,S","46",",,S","28",",,S"
"IRM00040729","ZANJAN, IR","2025-01-13","0.00",",,S","0.8",",,S","34","H,,S","42",",,S","28",",,S"
"IRM00040729","ZANJAN, IR","2025-01-14","0.00",",,S","0.8",",,S","33","H,,S","47",",,S","18",",,S"
"IRM00040729","ZANJAN, IR","2025-01-15","0.00",",,S","0.8",",,S","36","H,,S","51",",,S","23",",,S"
"IRM00040729","ZANJAN, IR","2025-01-16","0.00",",,S",,,"36","H,,S","48",",,S","22",",,S"
"IRM00040729","ZANJAN, IR","2025-01-17","0.00",",,S","0.4",",,S","34","H,,S","43",",,S",,
"IRM00040729","ZANJAN, IR","2025-01-18","0.00",",,S","0.4",",,S","32","H,,S","44",",,S",,
"IRM00040729","ZANJAN, IR","2025-01-19","0.04",",,S","0.8",",,S","32","H,,S","38",",,S",,
"IRM00040729","ZANJAN, IR","2025-01-20","0.18",",,S","0.8",",,S","30","H,,S","35",",,S",,
"IRM00040729","ZANJAN, IR","2025-01-21","0.00",",,S","3.1",",,S","28","H,,S","38",",,S",,
"IRM00040729","ZANJAN, IR","2025-01-22","0.00",",,S","2.4",",,S","30","H,,S","44",",,S","12",",,S"
"IRM00040729","ZANJAN, IR","2025-01-23","0.00",",,S",,,"33","H,,S",,,"24",",,S"
"IRM00040729","ZANJAN, IR","2025-01-24","0.00",",,S","0.8",",,S","37","H,,S","44",",,S","26",",,S"
"IRM00040729","ZANJAN, IR","2025-01-25","0.00",",,S","0.8",",,S","36","H,,S","44",",,S","27",",,S"
"IRM00040729","ZANJAN, IR","2025-01-26","0.00",",,S","0.8",",,S","35","H,,S","48",",,S","26",",,S"
"IRM00040729","ZANJAN, IR","2025-01-27","0.00",",,S","0.4",",,S","33","H,,S",,,"27",",,S"
"IRM00040729","ZANJAN, IR","2025-01-28","0.00",",,S","0.4",",,S","31","H,,S","37",",,S",,
"IRM00040729","ZANJAN, IR","2025-01-29","0.00",",,S","0.4",",,S","32","H,,S","46",",,S",,
"IRM00040729","ZANJAN, IR","2025-01-30","0.00",",,S","0.4",",,S","32","H,,S","45",",,S",,
"IRM00040729","ZANJAN, IR","2025-01-31","0.00",",,S",,,"35","H,,S","51",",,S",,
"IRM00040729","ZANJAN, IR","2025-02-01","0.00",",,S",,,"39","H,,S",,,,
"IRM00040729","ZANJAN, IR","2025-02-02","0.00",",,S",,,"35","H,,S",,,,
"IRM00040729","ZANJAN, IR","2025-02-03","0.00",",,S",,,"36","H,,S","48",",,S","19",",,S"
"IRM00040729","ZANJAN, IR","2025-02-04","0.00",",,S",,,"36","H,,S","50",",,S","21",",,S"
"IRM00040729","ZANJAN, IR","2025-02-05","0.00",",,S",,,"38","H,,S","47",",,S","21",",,S"
"IRM00040729","ZANJAN, IR","2025-02-06","0.06",",,S",,,"37","H,,S","45",",,S",,
"IRM00040729","ZANJAN, IR","2025-02-07","0.02",",,S","0.8",",,S","31","H,,S","36",",,S",,
"IRM00040729","ZANJAN, IR","2025-02-08","0.00",",,S",,,"27","H,,S","33",",,S","20",",,S"
"IRM00040729","ZANJAN, IR","2025-02-09","0.00",",,S",,,"24","H,,S","30",",,S",,
"IRM00040729","ZANJAN, IR","2025-02-10","0.00",",,S",,,"23","H,,S","33",",,S","8",",,S"
"IRM00040729","ZANJAN, IR","2025-02-11","0.00",",,S",,,"26","H,,S","36",",,S",,
"IRM00040729","ZANJAN, IR","2025-02-12","0.00",",,S",,,"31","H,,S","43",",,S",,
"IRM00040729","ZANJAN, IR","2025-02-13","0.00",",,S",,,"34","H,,S","44",",,S",,
"IRM00040729","ZANJAN, IR","2025-02-14","0.03",",,S",,,"36","H,,S","46",",,S","28",",,S"
"IRM00040729","ZANJAN, IR","2025-02-15","0.00",",,S",,,"31","H,,S","43",",,S",,
"IRM00040729","ZANJAN, IR","2025-02-16","0.00",",,S",,,"35","H,,S","50",",,S","15",",,S"
"IRM00040729","ZANJAN, IR","2025-02-17","0.21",",,S","0.8",",,S","30","H,,S","38",",,S",,
"IRM00040729","ZANJAN, IR","2025-02-18","0.00",",,S","2.8",",,S","32","H,,S","47",",,S","16",",,S"
"IRM00040729","ZANJAN, IR","2025-02-19","0.00",",,S","0.8",",,S","36","H,,S","49",",,S","22",",,S"
"IRM00040729","ZANJAN, IR","2025-02-20","0.00",",,S","0.4",",,S","40","H,,S","49",",,S","32",",,S"
"IRM00040729","ZANJAN, IR","2025-02-21","0.12",",,S","0.8",",,S","36","H,,S","41",",,S","33",",,S"
"IRM00040729","ZANJAN, IR","2025-02-22","0.06",",,S","2.0",",,S","32","H,,S","38",",,S","25",",,S"
"IRM00040729","ZANJAN, IR","2025-02-23","0.00",",,S","1.2",",,S","28","H,,S",,,,
"IRM00040729","ZANJAN, IR","2025-02-24","0.06",",,S","1.2",",,S","17","H,,S","28",",,S",,
"IRM00040729","ZANJAN, IR","2025-02-25","0.00",",,S","1.6",",,S","18","H,,S","27",",,S","-3",",,S"
"IRM00040729","ZANJAN, IR","2025-02-26","0.00",",,S","1.2",",,S","24","H,,S","32",",,S","13",",,S"
"IRM00040729","ZANJAN, IR","2025-02-27","0.00",",,S","1.2",",,S","24","H,,S","35",",,S","11",",,S"
"IRM00040729","ZANJAN, IR","2025-02-28","0.00",",,S","0.8",",,S","25","H,,S",,,"10",",,S"
"IRM00040729","ZANJAN, IR","2025-03-01","0.00",",,S",,,"29","H,,S","36",",,S","23",",,S"
"IRM00040729","ZANJAN, IR","2025-03-02","0.03",",,S","1.2",",,S","25","H,,S","35",",,S",,
"IRM00040729","ZANJAN, IR","2025-03-03","0.00",",,S","1.2",",,S","32","H,,S","44",",,S","15",",,S"
"IRM00040729","ZANJAN, IR","2025-03-04","0.00",",,S","0.4",",,S","39","H,,S","51",",,S","26",",,S"
"IRM00040729","ZANJAN, IR","2025-03-05","0.00",",,S",,,"43","H,,S",,,"29",",,S"
"IRM00040729","ZANJAN, IR","2025-03-06","0.00",",,S",,,"44","H,,S","52",",,S",,
"IRM00040729","ZANJAN, IR","2025-03-07","0.00",",,S",,,"45","H,,S","59",",,S","26",",,S"
"IRM00040729","ZANJAN, IR","2025-03-08","0.15",",,S",,,"42","H,,S","51",",,S",,
"IRM00040729","ZANJAN, IR","2025-03-09","0.19",",,S",,,"41","H,,S","49",",,S","34",",,S"
"IRM00040729","ZANJAN, IR","2025-03-10","0.06",",,S",,,"44","H,,S","51",",,S","37",",,S"
"IRM00040729","ZANJAN, IR","2025-03-11","0.00",",,S",,,"45","H,,S","58",",,S",,
"IRM00040729","ZANJAN, IR","2025-03-12","0.00",",,S",,,"49","H,,S","60",",,S","29",",,S"
"IRM00040729","ZANJAN, IR","2025-03-13","0.00",",,S",,,"49","H,,S","64",",,S","28",",,S"
"IRM00040729","ZANJAN, IR","2025-03-14","0.00",",,S",,,"55","H,,S","68",",,S","32",",,S"
"IRM00040729","ZANJAN, IR","2025-03-15","0.00",",,S",,,"55","H,,S","68",",,S","37",",,S"
"IRM00040729","ZANJAN, IR","2025-03-16","0.00",",,S",,,"56","H,,S","69",",,S","35",",,S"
"IRM00040827","NEHBANDAN, IR","2025-01-01","0.19",",,S",,,"44","H,,S","49",",,S",,
"IRM00040827","NEHBANDAN, IR","2025-01-02","0.24",",,S",,,"37","H,,S","44",",,S",,
"IRM00040827","NEHBANDAN, IR","2025-01-03","0.00",",,S",,,"35","H,,S","44",",,S","30",",,S"
"IRM00040827","NEHBANDAN, IR","2025-01-04","0.00",",,S",,,"36","H,,S","46",",,S","27",",,S"
"IRM00040827","NEHBANDAN, IR","2025-01-05","0.00",",,S",,,"38","H,,S","51",",,S","25",",,S"
"IRM00040827","NEHBANDAN, IR","2025-01-06","0.00",",,S",,,"39","H,,S","52",",,S","26",",,S"
"IRM00040827","NEHBANDAN, IR","2025-01-07","0.00",",,S",,,"42","H,,S","53",",,S","30",",,S"
"IRM00040827","NEHBANDAN, IR","2025-01-08","0.00",",,S",,,"45","H,,S","60",",,S","34",",,S"
"IRM00040827","NEHBANDAN, IR","2025-01-09","0.00",",,S",,,"45","H,,S","55",",,S","36",",,S"
"IRM00040827","NEHBANDAN, IR","2025-01-10","0.00",",,S",,,"47","H,,S","59",",,S",,
"IRM00040827","NEHBANDAN, IR","2025-01-11","0.00",",,S",,,"44","H,,S","61",",,S","31",",,S"
"IRM00040827","NEHBANDAN, IR","2025-01-12","0.00",",,S",,,"43","H,,S","58",",,S","31",",,S"
"IRM00040827","NEHBANDAN, IR","2025-01-13","0.00",",,S",,,"44","H,,S","54",",,S","31",",,S"
"IRM00040827","NEHBANDAN, IR","2025-01-14","0.05",",,S",,,"44","H,,S","58",",,S",,
"IRM00040827","NEHBANDAN, IR","2025-01-15","0.00",",,S",,,"43","H,,S","58",",,S","31",",,S"
"IRM00040827","NEHBANDAN, IR","2025-01-16","0.00",",,S",,,"46","H,,S","60",",,S","30",",,S"
"IRM00040827","NEHBANDAN, IR","2025-01-17","0.00",",,S",,,"48","H,,S","57",",,S","40",",,S"
"IRM00040827","NEHBANDAN, IR","2025-01-18","0.00",",,S",,,"42","H,,S","50",",,S",,
"IRM00040827","NEHBANDAN, IR","2025-01-19","0.00",",,S",,,"42","H,,S","51",",,S","35",",,S"
"IRM00040827","NEHBANDAN, IR","2025-01-20","0.00",",,S",,,"43","H,,S","56",",,S","32",",,S"
"IRM00040827","NEHBANDAN, IR","2025-01-21","0.11",",,S",,,"47","H,,S","58",",,S",,
"IRM00040827","NEHBANDAN, IR","2025-01-22","0.00",",,S",,,"41","H,,S","52",",,S",,
"IRM00040827","NEHBANDAN, IR","2025-01-23","0.00",",,S",,,"43","H,,S","60",",,S","28",",,S"
"IRM00040827","NEHBANDAN, IR","2025-01-24","0.00",",,S",,,"44","H,,S","59",",,S","30",",,S"
"IRM00040827","NEHBANDAN, IR","2025-01-25","0.00",",,S",,,"45","H,,S","59",",,S","27",",,S"
"IRM00040827","NEHBANDAN, IR","2025-01-26","0.00",",,S",,,"44","H,,S","62",",,S","29",",,S"
"IRM00040827","NEHBANDAN, IR","2025-01-27","0.00",",,S",,,"47","H,,S","61",",,S","30",",,S"
"IRM00040827","NEHBANDAN, IR","2025-01-28","0.00",",,S",,,"47","H,,S","63",",,S","35",",,S"
"IRM00040827","NEHBANDAN, IR","2025-01-29","0.00",",,S",,,"42","H,,S","55",",,S",,
"IRM00040827","NEHBANDAN, IR","2025-01-30","0.00",",,S",,,"42","H,,S","56",",,S","26",",,S"
"IRM00040827","NEHBANDAN, IR","2025-01-31","0.00",",,S",,,"43","H,,S","59",",,S","28",",,S"
"IRM00040827","NEHBANDAN, IR","2025-02-03","0.00",",,S",,,"43","H,,S","57",",,S","29",",,S"
"IRM00040827","NEHBANDAN, IR","2025-02-04","0.00",",,S",,,"43","H,,S","57",",,S","28",",,S"
"IRM00040827","NEHBANDAN, IR","2025-02-05","0.00",",,S",,,"45","H,,S","60",",,S","27",",,S"
"IRM00040827","NEHBANDAN, IR","2025-02-06","0.00",",,S",,,"48","H,,S","58",",,S","33",",,S"
"IRM00040827","NEHBANDAN, IR","2025-02-07","0.00",",,S",,,"59","H,,S","67",",,S","44",",,S"
"IRM00040827","NEHBANDAN, IR","2025-02-08","0.00",",,S",,,"55","H,,S","65",",,S",,
"IRM00040827","NEHBANDAN, IR","2025-02-09","0.15",",,S",,,"51","H,,S","59",",,S","44",",,S"
"IRM00040827","NEHBANDAN, IR","2025-02-10","0.00",",,S",,,"45","H,,S","54",",,S","36",",,S"
"IRM00040827","NEHBANDAN, IR","2025-02-11","0.00",",,S",,,"45","H,,S","58",",,S","31",",,S"
"IRM00040827","NEHBANDAN, IR","2025-02-12","0.00",",,S",,,"48","H,,S","58",",,S","36",",,S"
"IRM00040827","NEHBANDAN, IR","2025-02-13","0.00",",,S",,,"51","H,,S","61",",,S","44",",,S"
"IRM00040827","NEHBANDAN, IR","2025-02-14","0.00",",,S",,,"51","H,,S","61",",,S",,
"IRM00040827","NEHBANDAN, IR","2025-02-15","0.00",",,S",,,"52","H,,S","67",",,S","32",",,S"
"IRM00040827","NEHBANDAN, IR","2025-02-16","0.00",",,S",,,"55","H,,S","67",",,S","41",",,S"
"IRM00040827","NEHBANDAN, IR","2025-02-17","0.00",",,S",,,"56","H,,S","68",",,S","44",",,S"
"IRM00040827","NEHBANDAN, IR","2025-02-18","0.00",",,S",,,"58","H,,S","70",",,S","43",",,S"
"IRM00040827","NEHBANDAN, IR","2025-02-19","0.00",",,S",,,"54","H,,S","66",",,S",,
"IRM00040827","NEHBANDAN, IR","2025-02-20","0.00",",,S",,,"51","H,,S","61",",,S","38",",,S"
"IRM00040827","NEHBANDAN, IR","2025-02-21","0.00",",,S",,,"57","H,,S","72",",,S","45",",,S"
"IRM00040827","NEHBANDAN, IR","2025-02-22","0.00",",,S",,,"58","H,,S","73",",,S","42",",,S"
"IRM00040827","NEHBANDAN, IR","2025-02-23","0.00",",,S",,,"65","H,,S","76",",,S","46",",,S"
"IRM00040827","NEHBANDAN, IR","2025-02-24","0.39",",,S",,,"63","H,,S","73",",,S","57",",,S"
"IRM00040827","NEHBANDAN, IR","2025-02-25","0.00",",,S",,,"57","H,,S","71",",,S",,
"IRM00040827","NEHBANDAN, IR","2025-02-26","0.00",",,S",,,"42","H,,S","58",",,S","33",",,S"
"IRM00040827","NEHBANDAN, IR","2025-02-27","0.00",",,S",,,"49","H,,S","61",",,S","37",",,S"
"IRM00040827","NEHBANDAN, IR","2025-02-28","0.00",",,S",,,"43","H,,S",,,"31",",,S"
"IRM00040827","NEHBANDAN, IR","2025-03-01","0.00",",,S",,,"49","H,,S","63",",,S","31",",,S"
"IRM00040827","NEHBANDAN, IR","2025-03-02","0.00",",,S",,,"53","H,,S","61",",,S",,
"IRM00040827","NEHBANDAN, IR","2025-03-03","0.00",",,S",,,"45","H,,S","56",",,S",,
"IRM00040827","NEHBANDAN, IR","2025-03-04","0.00",",,S",,,"46","H,,S","59",",,S","28",",,S"
"IRM00040827","NEHBANDAN, IR","2025-03-05","0.02",",,S",,,"46","H,,S","52",",,S",,
"IRM00040827","NEHBANDAN, IR","2025-03-06","0.00",",,S",,,"58","H,,S","74",",,S",,
"IRM00040827","NEHBANDAN, IR","2025-03-07","0.00",",,S",,,"64","H,,S","77",",,S","51",",,S"
"IRM00040827","NEHBANDAN, IR","2025-03-08","0.00",",,S",,,"62","H,,S","69",",,S","52",",,S"
"IRM00040827","NEHBANDAN, IR","2025-03-09","0.01",",,S",,,"60","H,,S","70",",,S",,
"IRM00040827","NEHBANDAN, IR","2025-03-10","0.00",",,S",,,"62","H,,S","78",",,S","46",",,S"
"IRM00040827","NEHBANDAN, IR","2025-03-11","0.01",",,S",,,"66","H,,S","78",",,S","50",",,S"
"IRM00040827","NEHBANDAN, IR","2025-03-12","0.02",",,S",,,"64","H,,S","76",",,S","54",",,S"
"IRM00040827","NEHBANDAN, IR","2025-03-13","0.11",",,S",,,"54","H,,S","65",",,S",,
"IRM00040827","NEHBANDAN, IR","2025-03-14","0.00",",,S",,,"57","H,,S","69",",,S","42",",,S"
"IRM00040827","NEHBANDAN, IR","2025-03-15","0.00",",,S",,,"62","H,,S","76",",,S","48",",,S"
"IRM00040827","NEHBANDAN, IR","2025-03-16","0.00",",,S",,,"63","H,,S","80",",,S","48",",,S"
"IRM00040809","BIRJAND, IR","2025-01-01","0.26",",,S",,,"38","H,,S","46",",,S",,
"IRM00040809","BIRJAND, IR","2025-01-02","0.11",",,S",,,"31","H,,S","38",",,S",,
"IRM00040809","BIRJAND, IR","2025-01-03","0.00",",,S",,,"31","H,,S","37",",,S","22",",,S"
"IRM00040809","BIRJAND, IR","2025-01-04","0.00",",,S",,,"31","H,,S","42",",,S",,
"IRM00040809","BIRJAND, IR","2025-01-05","0.00",",,S",,,"32","H,,S","45",",,S","19",",,S"
"IRM00040809","BIRJAND, IR","2025-01-06","0.00",",,S",,,"36","H,,S","55",",,S","21",",,S"
"IRM00040809","BIRJAND, IR","2025-01-07","0.00",",,S",,,"45","H,,S","60",",,S","27",",,S"
"IRM00040809","BIRJAND, IR","2025-01-08","0.00",",,S",,,"46","H,,S",,,"31",",,S"
"IRM00040809","BIRJAND, IR","2025-01-09","0.00",",,S",,,"46","H,,S","63",",,S",,
"IRM00040809","BIRJAND, IR","2025-01-10","0.00",",,S",,,"42","H,,S","61",",,S","28",",,S"
"IRM00040809","BIRJAND, IR","2025-01-11","0.00",",,S",,,"40","H,,S","60",",,S",,
"IRM00040809","BIRJAND, IR","2025-01-12","0.00",",,S",,,"44","H,,S","63",",,S","24",",,S"
"IRM00040809","BIRJAND, IR","2025-01-13","0.00",",,S",,,"43","H,,S","58",",,S","32",",,S"
"IRM00040809","BIRJAND, IR","2025-01-14","0.00",",,S",,,"39","H,,S","52",",,S",,
"IRM00040809","BIRJAND, IR","2025-01-15","0.00",",,S",,,"38","H,,S","55",",,S",,
"IRM00040809","BIRJAND, IR","2025-01-16","0.00",",,S",,,"42","H,,S","57",",,S",,
"IRM00040809","BIRJAND, IR","2025-01-17","0.00",",,S",,,"42","H,,S","51",",,S",,
"IRM00040809","BIRJAND, IR","2025-01-18","0.00",",,S",,,"36","H,,S","48",",,S",,
"IRM00040809","BIRJAND, IR","2025-01-19","0.00",",,S",,,"37","H,,S","52",",,S",,
"IRM00040809","BIRJAND, IR","2025-01-20","0.00",",,S",,,"41","H,,S","54",",,S",,
"IRM00040809","BIRJAND, IR","2025-01-21","0.00",",,S",,,"37","H,,S","49",",,S",,
"IRM00040809","BIRJAND, IR","2025-01-22","0.00",",,S",,,"33","H,,S","47",",,S",,
"IRM00040809","BIRJAND, IR","2025-01-23","0.00",",,S",,,"36","H,,S","58",",,S",,
"IRM00040809","BIRJAND, IR","2025-01-24","0.00",",,S",,,"42","H,,S","62",",,S","28",",,S"
"IRM00040809","BIRJAND, IR","2025-01-25","0.00",",,S",,,"42","H,,S","62",",,S","24",",,S"
"IRM00040809","BIRJAND, IR","2025-01-26","0.00",",,S",,,"44","H,,S","65",",,S",,
"IRM00040809","BIRJAND, IR","2025-01-27","0.00",",,S",,,"48","H,,S",,,"29",",,S"
"IRM00040809","BIRJAND, IR","2025-01-28","0.01",",,S",,,"43","H,,S","55",",,S",,
"IRM00040809","BIRJAND, IR","2025-01-29","0.00",",,S",,,"34","H,,S","44",",,S",,
"IRM00040809","BIRJAND, IR","2025-01-30","0.00",",,S",,,"35","H,,S","54",",,S","16",",,S"
"IRM00040809","BIRJAND, IR","2025-01-31","0.00",",,S",,,"36","H,,S","56",",,S","18",",,S"
"IRM00040809","BIRJAND, IR","2025-02-01","0.00",",,S",,,"37","H,,S",,,,
"IRM00040809","BIRJAND, IR","2025-02-02","0.00",",,S",,,"39","H,,S",,,,
"IRM00040809","BIRJAND, IR","2025-02-03","0.00",",,S",,,"36","H,,S",,,"20",",,S"
"IRM00040809","BIRJAND, IR","2025-02-04","0.00",",,S",,,"35","H,,S","53",",,S","18",",,S"
"IRM00040809","BIRJAND, IR","2025-02-05","0.00",",,S",,,"42","H,,S","59",",,S","22",",,S"
"IRM00040809","BIRJAND, IR","2025-02-06","0.00",",,S",,,"49","H,,S","60",",,S","36",",,S"
"IRM00040809","BIRJAND, IR","2025-02-07","0.06",",,S",,,"52","H,,S",,,"43",",,S"
"IRM00040809","BIRJAND, IR","2025-02-08","0.19",",,S",,,"43","H,,S",,,"40",",,S"
"IRM00040809","BIRJAND, IR","2025-02-09","0.01",",,S",,,"44","H,,S","59",",,S",,
"IRM00040809","BIRJAND, IR","2025-02-10","0.00",",,S",,,"35","H,,S","59",",,S",,
"IRM00040809","BIRJAND, IR","2025-02-11","0.00",",,S",,,"38","H,,S","51",",,S","22",",,S"
"IRM00040809","BIRJAND, IR","2025-02-12","0.00",",,S",,,"45","H,,S","57",",,S","28",",,S"
"IRM00040809","BIRJAND, IR","2025-02-13","0.00",",,S",,,"47","H,,S","57",",,S",,
"IRM00040809","BIRJAND, IR","2025-02-14","0.00",",,S",,,"43","H,,S","57",",,S","39",",,S"
"IRM00040809","BIRJAND, IR","2025-02-15","0.30",",,S",,,"44","H,,S",,,,
"IRM00040809","BIRJAND, IR","2025-02-16","0.00",",,S",,,"45","H,,S",,,"30",",,S"
"IRM00040809","BIRJAND, IR","2025-02-17","0.02",",,S",,,"51","H,,S","65",",,S","40",",,S"
"IRM00040809","BIRJAND, IR","2025-02-18","0.00",",,S",,,"47","H,,S","58",",,S",,
"IRM00040809","BIRJAND, IR","2025-02-19","0.00",",,S",,,"44","H,,S","58",",,S",,
"IRM00040809","BIRJAND, IR","2025-02-20","0.00",",,S",,,"47","H,,S","60",",,S","30",",,S"
"IRM00040809","BIRJAND, IR","2025-02-21","0.00",",,S",,,"52","H,,S","65",",,S","42",",,S"
"IRM00040809","BIRJAND, IR","2025-02-22","0.00",",,S",,,"57","H,,S",,,,
"IRM00040809","BIRJAND, IR","2025-02-23","0.00",",,S",,,"61","H,,S",,,"44",",,S"
"IRM00040809","BIRJAND, IR","2025-02-24","0.01",",,S",,,"60","H,,S","67",",,S",,
"IRM00040809","BIRJAND, IR","2025-02-25","0.00",",,S",,,"43","H,,S","59",",,S",,
"IRM00040809","BIRJAND, IR","2025-02-26","0.00",",,S",,,"38","H,,S","51",",,S",,
"IRM00040809","BIRJAND, IR","2025-02-27","0.00",",,S",,,"38","H,,S","53",",,S",,
"IRM00040809","BIRJAND, IR","2025-02-28","0.00",",,S",,,"36","H,,S",,,,
"IRM00040809","BIRJAND, IR","2025-03-01","0.00",",,S",,,"45","H,,S","62",",,S",,
"IRM00040809","BIRJAND, IR","2025-03-02","0.00",",,S",,,"42","H,,S","54",",,S",,
"IRM00040809","BIRJAND, IR","2025-03-03","0.00",",,S",,,"34","H,,S","54",",,S",,
"IRM00040809","BIRJAND, IR","2025-03-04","0.00",",,S",,,"44","H,,S","59",",,S","20",",,S"
"IRM00040809","BIRJAND, IR","2025-03-05","0.00",",,S",,,"48","H,,S","57",",,S",,
"IRM00040809","BIRJAND, IR","2025-03-06","0.00",",,S",,,"53","H,,S","67",",,S","38",",,S"
"IRM00040809","BIRJAND, IR","2025-03-07","0.00",",,S",,,"57","H,,S","70",",,S","41",",,S"
"IRM00040809","BIRJAND, IR","2025-03-08","0.12",",,S",,,"56","H,,S","70",",,S",,
"IRM00040809","BIRJAND, IR","2025-03-09","0.21",",,S",,,"56","H,,S","68",",,S",,
"IRM00040809","BIRJAND, IR","2025-03-10","0.16",",,S",,,"57","H,,S","70",",,S","46",",,S"
"IRM00040809","BIRJAND, IR","2025-03-11","0.00",",,S",,,"56","H,,S",,,"45",",,S"
"IRM00040809","BIRJAND, IR","2025-03-12","0.00",",,S",,,"55","H,,S","69",",,S",,
"IRM00040809","BIRJAND, IR","2025-03-13","0.00",",,S",,,"50","H,,S","64",",,S",,
"IRM00040809","BIRJAND, IR","2025-03-14","0.00",",,S",,,"51","H,,S",,,"34",",,S"
"IRM00040809","BIRJAND, IR","2025-03-15","0.00",",,S",,,"53","H,,S","73",",,S","34",",,S"
"IRM00040809","BIRJAND, IR","2025-03-16","0.00",",,S",,,"58","H,,S","77",",,S","34",",,S"
"IR000407540","TEHRAN MEHRABAD, IR","2025-01-01","0.00",",,S",,,"39","H,,S","45",",,S",,
"IR000407540","TEHRAN MEHRABAD, IR","2025-01-02","0.00",",,S",,,"39","H,,S","46",",,S","31",",,S"
"IR000407540","TEHRAN MEHRABAD, IR","2025-01-03","0.00",",,S",,,"40","H,,S",,,"30",",,S"
"IR000407540","TEHRAN MEHRABAD, IR","2025-01-04","0.00",",,S",,,"41","H,,S","52",",,S","31",",,S"
"IR000407540","TEHRAN MEHRABAD, IR","2025-01-05","0.00",",,S",,,"42","H,,S","54",",,S","33",",,S"
"IR000407540","TEHRAN MEHRABAD, IR","2025-01-06","0.00",",,S",,,"42","H,,S","47",",,S","37",",,S"
"IR000407540","TEHRAN MEHRABAD, IR","2025-01-07","0.00",",,S",,,"45","H,,S",,,"39",",,S"
"IR000407540","TEHRAN MEHRABAD, IR","2025-01-08","0.00",",,S",,,"47","H,,S","55",",,S",,
"IR000407540","TEHRAN MEHRABAD, IR","2025-01-09","0.00",",,S",,,"46","H,,S","55",",,S","39",",,S"
"IR000407540","TEHRAN MEHRABAD, IR","2025-01-10","0.00",",,S",,,"48","H,,S",,,"40",",,S"
"IR000407540","TEHRAN MEHRABAD, IR","2025-01-11","0.00",",,S",,,"47","H,,S","55",",,S","40",",,S"
"IR000407540","TEHRAN MEHRABAD, IR","2025-01-12","0.00",",,S",,,"47","H,,S","55",",,S","42",",,S"
"IR000407540","TEHRAN MEHRABAD, IR","2025-01-13","0.00",",,S",,,"46","H,,S","54",",,S","39",",,S"
"IR000407540","TEHRAN MEHRABAD, IR","2025-01-14","0.00",",,S",,,"45","H,,S","54",",,S","37",",,S"
"IR000407540","TEHRAN MEHRABAD, IR","2025-01-15","0.00",",,S",,,"46","H,,S","57",",,S","38",",,S"
"IR000407540","TEHRAN MEHRABAD, IR","2025-01-16","0.00",",,S",,,"46","H,,S",,,,
"IR000407540","TEHRAN MEHRABAD, IR","2025-01-17","0.00",",,S",,,"43","H,,S","53",",,S",,
"IR000407540","TEHRAN MEHRABAD, IR","2025-01-18","0.00",",,S",,,"41","H,,S","46",",,S","37",",,S"
"IR000407540","TEHRAN MEHRABAD, IR","2025-01-19","0.05",",,S",,,"40","H,,S","45",",,S","35",",,S"
"IR000407540","TEHRAN MEHRABAD, IR","2025-01-20","0.00",",,S",,,"40","H,,S",,,,
"IR000407540","TEHRAN MEHRABAD, IR","2025-01-21","0.00",",,S",,,"40","H,,S",,,"30",",,S"
"IR000407540","TEHRAN MEHRABAD, IR","2025-01-22","0.00",",,S",,,"41","H,,S",,,,
"IR000407540","TEHRAN MEHRABAD, IR","2025-01-23","0.00",",,S",,,"40","H,,S","47",",,S","33",",,S"
"IR000407540","TEHRAN MEHRABAD, IR","2025-01-24","0.00",",,S",,,"43","H,,S",,,"33",",,S"
"IR000407540","TEHRAN MEHRABAD, IR","2025-01-25","0.00",",,S",,,"47","H,,S","54",",,S",,
"IR000407540","TEHRAN MEHRABAD, IR","2025-01-26","0.00",",,S",,,"47","H,,S","54",",,S","38",",,S"
"IR000407540","TEHRAN MEHRABAD, IR","2025-01-27","0.32",",,S",,,"40","H,,S","50",",,S",,
"IR000407540","TEHRAN MEHRABAD, IR","2025-01-28","0.00",",,S",,,"40","H,,S",,,"35",",,S"
"IR000407540","TEHRAN MEHRABAD, IR","2025-01-29","0.00",",,S",,,"40","H,,S","45",",,S","33",",,S"
"IR000407540","TEHRAN MEHRABAD, IR","2025-01-30","0.00",",,S",,,"41","H,,S","49",",,S","32",",,S"
"IR000407540","TEHRAN MEHRABAD, IR","2025-01-31","0.00",",,S",,,"43","H,,S",,,"33",",,S"
"IR000407540","TEHRAN MEHRABAD, IR","2025-02-01","0.00",",,S",,,"42","H,,S",,,,
"IR000407540","TEHRAN MEHRABAD, IR","2025-02-02","0.00",",,S",,,"44","H,,S",,,,
"IR000407540","TEHRAN MEHRABAD, IR","2025-02-03","0.00",",,S",,,"45","H,,S",,,,
"IR000407540","TEHRAN MEHRABAD, IR","2025-02-04","0.00",",,S",,,"46","H,,S",,,,
"IR000407540","TEHRAN MEHRABAD, IR","2025-02-05","0.00",",,S",,,"48","H,,S","54",",,S","39",",,S"
"IR000407540","TEHRAN MEHRABAD, IR","2025-02-06","0.07",",,S",,,"49","H,,S","56",",,S",,
"IR000407540","TEHRAN MEHRABAD, IR","2025-02-07","0.20",",,S",,,"38","H,,S","52",",,S",,
"IR000407540","TEHRAN MEHRABAD, IR","2025-02-08","0.00",",,S",,,"39","H,,S","47",",,S","29",",,S"
"IR000407540","TEHRAN MEHRABAD, IR","2025-02-09","0.06",",,S","0.4",",,S","32","H,,S","44",",,S",,
"IR000407540","TEHRAN MEHRABAD, IR","2025-02-10","0.00",",,S",,,"33","H,,S","40",",,S","26",",,S"
"IR000407540","TEHRAN MEHRABAD, IR","2025-02-11","0.00",",,S",,,"37","H,,S","45",",,S",,
"IR000407540","TEHRAN MEHRABAD, IR","2025-02-12","0.00",",,S",,,"40","H,,S",,,,
"IR000407540","TEHRAN MEHRABAD, IR","2025-02-13","0.02",",,S",,,"39","H,,S","43",",,S","35",",,S"
"IR000407540","TEHRAN MEHRABAD, IR","2025-02-14","0.01",",,S",,,"39","H,,S","43",",,S",,
"IR000407540","TEHRAN MEHRABAD, IR","2025-02-15","0.00",",,S","0.4",",,S","42","H,,S","50",",,S","32",",,S"
"IR000407540","TEHRAN MEHRABAD, IR","2025-02-16","0.00",",,S",,,"45","H,,S",,,"31",",,S"
"IR000407540","TEHRAN MEHRABAD, IR","2025-02-17","0.04",",,S",,,"42","H,,S","51",",,S",,
"IR000407540","TEHRAN MEHRABAD, IR","2025-02-18","0.00",",,S",,,"43","H,,S","53",",,S",,
"IR000407540","TEHRAN MEHRABAD, IR","2025-02-19","0.00",",,S",,,"46","H,,S","57",",,S","33",",,S"
"IR000407540","TEHRAN MEHRABAD, IR","2025-02-20","0.00",",,S",,,"51","H,,S",,,"40",",,S"
"IR000407540","TEHRAN MEHRABAD, IR","2025-02-21","0.00",",,S",,,"52","H,,S","57",",,S",,
"IR000407540","TEHRAN MEHRABAD, IR","2025-02-22","0.00",",,S",,,"47","H,,S","54",",,S",,
"IR000407540","TEHRAN MEHRABAD, IR","2025-02-23","0.09",",,S",,,"43","H,,S","51",",,S",,
"IR000407540","TEHRAN MEHRABAD, IR","2025-02-24","0.00",",,S",,,"36","H,,S","46",",,S",,
"IR000407540","TEHRAN MEHRABAD, IR","2025-02-25","0.00",",,S",,,"29","H,,S","38",",,S",,
"IR000407540","TEHRAN MEHRABAD, IR","2025-02-26","0.00",",,S",,,"35","H,,S","43",",,S","25",",,S"
"IR000407540","TEHRAN MEHRABAD, IR","2025-02-27","0.00",",,S",,,"36","H,,S","43",",,S",,
"IR000407540","TEHRAN MEHRABAD, IR","2025-02-28","0.00",",,S",,,"34","H,,S",,,"26",",,S"
"IR000407540","TEHRAN MEHRABAD, IR","2025-03-01","0.00",",,S",,,"40","H,,S","49",",,S",,
"IR000407540","TEHRAN MEHRABAD, IR","2025-03-02","0.00",",,S",,,"35","H,,S","44",",,S",,
"IR000407540","TEHRAN MEHRABAD, IR","2025-03-03","0.00",",,S",,,"38","H,,S","47",",,S","28",",,S"
"IR000407540","TEHRAN MEHRABAD, IR","2025-03-04","0.00",",,S",,,"45","H,,S","53",",,S","37",",,S"
"IR000407540","TEHRAN MEHRABAD, IR","2025-03-05","0.00",",,S",,,"50","H,,S","56",",,S",,
"IR000407540","TEHRAN MEHRABAD, IR","2025-03-06","0.00",",,S",,,"53","H,,S",,,,
"IR000407540","TEHRAN MEHRABAD, IR","2025-03-07","0.00",",,S",,,"56","H,,S","63",",,S","44",",,S"
"IR000407540","TEHRAN MEHRABAD, IR","2025-03-08","0.46",",,S",,,"51","H,,S","60",",,S",,
"IR000407540","TEHRAN MEHRABAD, IR","2025-03-09","0.12",",,S",,,"51","H,,S","56",",,S",,
"IR000407540","TEHRAN MEHRABAD, IR","2025-03-10","0.26",",,S",,,"53","H,,S",,,,
"IR000407540","TEHRAN MEHRABAD, IR","2025-03-11","0.00",",,S",,,"56","H,,S","65",",,S","48",",,S"
"IR000407540","TEHRAN MEHRABAD, IR","2025-03-12","0.00",",,S",,,"57","H,,S","65",",,S","48",",,S"
"IR000407540","TEHRAN MEHRABAD, IR","2025-03-13","0.00",",,S",,,"59","H,,S",,,,
"IR000407540","TEHRAN MEHRABAD, IR","2025-03-14","0.00",",,S",,,"60","H,,S","69",",,S",,
"IR000407540","TEHRAN MEHRABAD, IR","2025-03-15","0.00",",,S",,,"63","H,,S",,,"52",",,S"
"IR000407540","TEHRAN MEHRABAD, IR","2025-03-16","0.00",",,S",,,"64","H,,S","72",",,S","55",",,S"
"IR000407660","KERMANSHAH, IR","2025-01-01","0.00",",,S",,,"36","H,,S","47",",,S","24",",,S"
"IR000407660","KERMANSHAH, IR","2025-01-02","0.00",",,S",,,"38","H,,S",,,"28",",,S"
"IR000407660","KERMANSHAH, IR","2025-01-03","0.00",",,S",,,"35","H,,S","48",",,S","24",",,S"
"IR000407660","KERMANSHAH, IR","2025-01-04","0.00",",,S",,,"34","H,,S","51",",,S","19",",,S"
"IR000407660","KERMANSHAH, IR","2025-01-05","0.00",",,S",,,"39","H,,S",,,"25",",,S"
"IR000407660","KERMANSHAH, IR","2025-01-06","0.00",",,S",,,"42","H,,S",,,,
"IR000407660","KERMANSHAH, IR","2025-01-07","0.02",",,S",,,"42","H,,S","53",",,S",,
"IR000407660","KERMANSHAH, IR","2025-01-08","0.00",",,S",,,"42","H,,S","52",",,S",,
"IR000407660","KERMANSHAH, IR","2025-01-09","0.00",",,S",,,"40","H,,S","54",",,S","26",",,S"
"IR000407660","KERMANSHAH, IR","2025-01-10","0.00",",,S",,,"42","H,,S",,,"28",",,S"
"IR000407660","KERMANSHAH, IR","2025-01-11","0.01",",,S",,,"45","H,,S",,,"32",",,S"
"IR000407660","KERMANSHAH, IR","2025-01-12","0.34",",,S",,,"41","H,,S","53",",,S",,
"IR000407660","KERMANSHAH, IR","2025-01-13","0.00",",,S",,,"38","H,,S",,,,
"IR000407660","KERMANSHAH, IR","2025-01-14","0.00",",,S",,,"36","H,,S","48",",,S",,
"IR000407660","KERMANSHAH, IR","2025-01-15","0.00",",,S",,,"39","H,,S",,,,
"IR000407660","KERMANSHAH, IR","2025-01-16","0.00",",,S",,,"37","H,,S","51",",,S","25",",,S"
"IR000407660","KERMANSHAH, IR","2025-01-17","0.00",",,S",,,"37","H,,S","51",",,S","27",",,S"
"IR000407660","KERMANSHAH, IR","2025-01-18","0.00",",,S",,,"38","H,,S","52",",,S","22",",,S"
"IR000407660","KERMANSHAH, IR","2025-01-19","0.00",",,S",,,"40","H,,S","52",",,S","32",",,S"
"IR000407660","KERMANSHAH, IR","2025-01-20","0.08",",,S",,,"35","H,,S","43",",,S","29",",,S"
"IR000407660","KERMANSHAH, IR","2025-01-21","0.00",",,S",,,"35","H,,S","45",",,S",,
"IR000407660","KERMANSHAH, IR","2025-01-22","0.00",",,S",,,"35","H,,S","49",",,S","21",",,S"
"IR000407660","KERMANSHAH, IR","2025-01-23","0.00",",,S",,,"41","H,,S","56",",,S","29",",,S"
"IR000407660","KERMANSHAH, IR","2025-01-24","0.07",",,S",,,"42","H,,S","52",",,S","35",",,S"
"IR000407660","KERMANSHAH, IR","2025-01-25","0.06",",,S",,,"38","H,,S","41",",,S",,
"IR000407660","KERMANSHAH, IR","2025-01-26","0.00",",,S",,,"39","H,,S","49",",,S",,
"IR000407660","KERMANSHAH, IR","2025-01-27","0.29",",,S",,,"39","H,,S","45",",,S",,
"IR000407660","KERMANSHAH, IR","2025-01-28","0.00",",,S",,,"36","H,,S","48",",,S","26",",,S"
"IR000407660","KERMANSHAH, IR","2025-01-29","0.00",",,S",,,"36","H,,S","49",",,S",,
"IR000407660","KERMANSHAH, IR","2025-01-30","0.00",",,S",,,"38","H,,S","51",",,S","24",",,S"
"IR000407660","KERMANSHAH, IR","2025-01-31","0.00",",,S",,,"38","H,,S","54",",,S","24",",,S"
"IR000407660","KERMANSHAH, IR","2025-02-01","0.00",",,S",,,"39","H,,S",,,,
"IR000407660","KERMANSHAH, IR","2025-02-02","0.00",",,S",,,"38","H,,S",,,,
"IR000407660","KERMANSHAH, IR","2025-02-03","0.00",",,S",,,"40","H,,S","56",",,S","21",",,S"
"IR000407660","KERMANSHAH, IR","2025-02-04","0.00",",,S",,,"42","H,,S","57",",,S","25",",,S"
"IR000407660","KERMANSHAH, IR","2025-02-05","0.00",",,S",,,"49","H,,S","61",",,S","31",",,S"
"IR000407660","KERMANSHAH, IR","2025-02-06","0.65",",,S",,,"42","H,,S","54",",,S",,
"IR000407660","KERMANSHAH, IR","2025-02-07","0.21",",,S","0.8",",,S","37","H,,S","45",",,S","29",",,S"
"IR000407660","KERMANSHAH, IR","2025-02-08","0.57",",,S",,,"34","H,,S","47",",,S",,
"IR000407660","KERMANSHAH, IR","2025-02-09","0.19",",,S",,,"30","H,,S","47",",,S",,
"IR000407660","KERMANSHAH, IR","2025-02-10","0.00",",,S","2.0",",,S","31","H,,S","37",",,S","25",",,S"
"IR000407660","KERMANSHAH, IR","2025-02-11","0.00",",,S",,,"32","H,,S","42",",,S","22",",,S"
"IR000407660","KERMANSHAH, IR","2025-02-12","0.00",",,S",,,"36","H,,S",,,"26",",,S"
"IR000407660","KERMANSHAH, IR","2025-02-13","0.01",",,S",,,"43","H,,S","53",",,S","35",",,S"
"IR000407660","KERMANSHAH, IR","2025-02-14","0.00",",,S",,,"41","H,,S","52",",,S",,
"IR000407660","KERMANSHAH, IR","2025-02-15","0.00",",,S",,,"38","H,,S",,,"23",",,S"
"IR000407660","KERMANSHAH, IR","2025-02-16","0.02",",,S",,,"40","H,,S","58",",,S","24",",,S"
"IR000407660","KERMANSHAH, IR","2025-02-17","0.09",",,S",,,"38","H,,S","45",",,S",,
"IR000407660","KERMANSHAH, IR","2025-02-18","0.00",",,S",,,"38","H,,S","52",",,S","23",",,S"
"IR000407660","KERMANSHAH, IR","2025-02-19","0.00",",,S",,,"41","H,,S","56",",,S","25",",,S"
"IR000407660","KERMANSHAH, IR","2025-02-20","0.00",",,S",,,"41","H,,S","55",",,S","26",",,S"
"IR000407660","KERMANSHAH, IR","2025-02-21","0.23",",,S",,,"41","H,,S","47",",,S","37",",,S"
"IR000407660","KERMANSHAH, IR","2025-02-22","0.44",",,S",,,"36","H,,S","43",",,S",,
"IR000407660","KERMANSHAH, IR","2025-02-23","0.00",",,S",,,"30","H,,S","41",",,S",,
"IR000407660","KERMANSHAH, IR","2025-02-24","0.00",",,S",,,"26","H,,S","34",",,S",,
"IR000407660","KERMANSHAH, IR","2025-02-25","0.00",",,S",,,"25","H,,S","35",",,S",,
"IR000407660","KERMANSHAH, IR","2025-02-26","0.00",",,S",,,"29","H,,S",,,,
"IR000407660","KERMANSHAH, IR","2025-02-27","0.00",",,S",,,"31","H,,S","45",",,S","15",",,S"
"IR000407660","KERMANSHAH, IR","2025-02-28","0.00",",,S",,,"30","H,,S",,,,
"IR000407660","KERMANSHAH, IR","2025-03-01","0.00",",,S",,,"36","H,,S","49",",,S","19",",,S"
"IR000407660","KERMANSHAH, IR","2025-03-02","0.00",",,S",,,"38","H,,S","49",",,S",,
"IR000407660","KERMANSHAH, IR","2025-03-03","0.00",",,S",,,"39","H,,S","56",",,S","19",",,S"
"IR000407660","KERMANSHAH, IR","2025-03-04","0.00",",,S",,,"46","H,,S","62",",,S","30",",,S"
"IR000407660","KERMANSHAH, IR","2025-03-05","0.10",",,S",,,"45","H,,S","53",",,S",,
"IR000407660","KERMANSHAH, IR","2025-03-06","0.51",",,S",,,"47","H,,S",,,"39",",,S"
"IR000407660","KERMANSHAH, IR","2025-03-07","0.33",",,S",,,"47","H,,S","55",",,S","37",",,S"
"IR000407660","KERMANSHAH, IR","2025-03-08","0.31",",,S",,,"48","H,,S","58",",,S",,
"IR000407660","KERMANSHAH, IR","2025-03-09","1.13",",,S",,,"44","H,,S","58",",,S","40",",,S"
"IR000407660","KERMANSHAH, IR","2025-03-10","0.69",",,S",,,"45","H,,S",,,,
"IR000407660","KERMANSHAH, IR","2025-03-11","0.00",",,S",,,"48","H,,S","58",",,S",,
"IR000407660","KERMANSHAH, IR","2025-03-12","0.00",",,S",,,"50","H,,S","63",",,S","37",",,S"
"IR000407660","KERMANSHAH, IR","2025-03-13","0.00",",,S",,,"52","H,,S",,,"35",",,S"
"IR000407660","KERMANSHAH, IR","2025-03-14","0.00",",,S",,,"55","H,,S","72",",,S","35",",,S"
"IR000407660","KERMANSHAH, IR","2025-03-15","0.00",",,S",,,"56","H,,S","73",",,S","37",",,S"
"IR000407660","KERMANSHAH, IR","2025-03-16","0.00",",,S",,,"59","H,,S",,,"39",",,S"
"IRM00040821","YAZD SHAHID SADOOGHI, IR","2025-01-01","0.26",",,S",,,"40","H,,S","49",",,S",,
"IRM00040821","YAZD SHAHID SADOOGHI, IR","2025-01-02","0.00",",,S",,,"37","H,,S","44",",,S",,
"IRM00040821","YAZD SHAHID SADOOGHI, IR","2025-01-03","0.00",",,S",,,"36","H,,S",,,,
"IRM00040821","YAZD SHAHID SADOOGHI, IR","2025-01-04","0.00",",,S",,,"40","H,,S","51",",,S",,
"IRM00040821","YAZD SHAHID SADOOGHI, IR","2025-01-05","0.00",",,S",,,"44","H,,S",,,,
"IRM00040821","YAZD SHAHID SADOOGHI, IR","2025-01-06","0.00",",,S",,,"48","H,,S",,,"38",",,S"
"IRM00040821","YAZD SHAHID SADOOGHI, IR","2025-01-07","0.00",",,S",,,"45","H,,S","52",",,S",,
"IRM00040821","YAZD SHAHID SADOOGHI, IR","2025-01-08","0.00",",,S",,,"42","H,,S",,,"35",",,S"
"IRM00040821","YAZD SHAHID SADOOGHI, IR","2025-01-09","0.00",",,S",,,"44","H,,S","52",",,S","36",",,S"
"IRM00040821","YAZD SHAHID SADOOGHI, IR","2025-01-10","0.00",",,S",,,"46","H,,S","59",",,S","33",",,S"
"IRM00040821","YAZD SHAHID SADOOGHI, IR","2025-01-11","0.00",",,S",,,"49","H,,S","65",",,S","37",",,S"
"IRM00040821","YAZD SHAHID SADOOGHI, IR","2025-01-12","0.00",",,S",,,"50","H,,S","62",",,S","37",",,S"
"IRM00040821","YAZD SHAHID SADOOGHI, IR","2025-01-13","0.00",",,S",,,"46","H,,S","56",",,S",,
"IRM00040821","YAZD SHAHID SADOOGHI, IR","2025-01-14","0.00",",,S",,,"45","H,,S","55",",,S","37",",,S"
"IRM00040821","YAZD SHAHID SADOOGHI, IR","2025-01-15","0.00",",,S",,,"49","H,,S",,,"35",",,S"
"IRM00040821","YAZD SHAHID SADOOGHI, IR","2025-01-16","0.00",",,S",,,"51","H,,S","65",",,S",,
"IRM00040821","YAZD SHAHID SADOOGHI, IR","2025-01-17","0.09",",,S",,,"42","H,,S","56",",,S",,
"IRM00040821","YAZD SHAHID SADOOGHI, IR","2025-01-18","0.00",",,S",,,"42","H,,S","51",",,S",,
"IRM00040821","YAZD SHAHID SADOOGHI, IR","2025-01-19","0.00",",,S",,,"45","H,,S","57",",,S",,
"IRM00040821","YAZD SHAHID SADOOGHI, IR","2025-01-20","0.00",",,S",,,"45","H,,S","57",",,S","33",",,S"
"IRM00040821","YAZD SHAHID SADOOGHI, IR","2025-01-21","0.00",",,S",,,"41","H,,S","49",",,S",,
"IRM00040821","YAZD SHAHID SADOOGHI, IR","2025-01-22","0.00",",,S",,,"41","H,,S","54",",,S",,
"IRM00040821","YAZD SHAHID SADOOGHI, IR","2025-01-23","0.00",",,S",,,"42","H,,S","55",",,S","31",",,S"
"IRM00040821","YAZD SHAHID SADOOGHI, IR","2025-01-24","0.00",",,S",,,"43","H,,S","58",",,S","30",",,S"
"IRM00040821","YAZD SHAHID SADOOGHI, IR","2025-01-25","0.00",",,S",,,"45","H,,S","58",",,S","32",",,S"
"IRM00040821","YAZD SHAHID SADOOGHI, IR","2025-01-26","0.00",",,S",,,"48","H,,S","63",",,S","33",",,S"
"IRM00040821","YAZD SHAHID SADOOGHI, IR","2025-01-27","0.01",",,S",,,"43","H,,S","53",",,S",,
"IRM00040821","YAZD SHAHID SADOOGHI, IR","2025-01-28","0.00",",,S",,,"40","H,,S",,,"37",",,S"
"IRM00040821","YAZD SHAHID SADOOGHI, IR","2025-01-29","0.00",",,S",,,"42","H,,S","52",",,S","34",",,S"
"IRM00040821","YAZD SHAHID SADOOGHI, IR","2025-01-30","0.00",",,S",,,"40","H,,S","49",",,S",,
"IRM00040821","YAZD SHAHID SADOOGHI, IR","2025-01-31","0.00",",,S",,,"41","H,,S",,,"30",",,S"
"IRM00040821","YAZD SHAHID SADOOGHI, IR","2025-02-01","0.00",",,S",,,"44","H,,S",,,,
"IRM00040821","YAZD SHAHID SADOOGHI, IR","2025-02-02","0.00",",,S",,,"43","H,,S",,,,
"IRM00040821","YAZD SHAHID SADOOGHI, IR","2025-02-03","0.00",",,S",,,"42","H,,S","56",",,S","29",",,S"
"IRM00040821","YAZD SHAHID SADOOGHI, IR","2025-02-04","0.00",",,S",,,"47","H,,S","62",",,S","35",",,S"
"IRM00040821","YAZD SHAHID SADOOGHI, IR","2025-02-05","0.00",",,S",,,"51","H,,S","67",",,S","35",",,S"
"IRM00040821","YAZD SHAHID SADOOGHI, IR","2025-02-06","0.00",",,S",,,"55","H,,S","66",",,S","40",",,S"
"IRM00040821","YAZD SHAHID SADOOGHI, IR","2025-02-07","0.03",",,S",,,"54","H,,S","68",",,S",,
"IRM00040821","YAZD SHAHID SADOOGHI, IR","2025-02-08","0.01",",,S",,,"41","H,,S","46",",,S",,
"IRM00040821","YAZD SHAHID SADOOGHI, IR","2025-02-09","0.00",",,S",,,"40","H,,S","53",",,S","34",",,S"
"IRM00040821","YAZD SHAHID SADOOGHI, IR","2025-02-10","0.00",",,S",,,"39","H,,S","48",",,S",,
"IRM00040821","YAZD SHAHID SADOOGHI, IR","2025-02-11","0.00",",,S",,,"41","H,,S","51",",,S","28",",,S"
"IRM00040821","YAZD SHAHID SADOOGHI, IR","2025-02-12","0.00",",,S",,,"41","H,,S","47",",,S","36",",,S"
"IRM00040821","YAZD SHAHID SADOOGHI, IR","2025-02-13","0.00",",,S",,,"43","H,,S","52",",,S","37",",,S"
"IRM00040821","YAZD SHAHID SADOOGHI, IR","2025-02-14","0.00",",,S",,,"48","H,,S","63",",,S",,
"IRM00040821","YAZD SHAHID SADOOGHI, IR","2025-02-15","0.00",",,S",,,"46","H,,S","58",",,S",,
"IRM00040821","YAZD SHAHID SADOOGHI, IR","2025-02-16","0.00",",,S",,,"49","H,,S","64",",,S","34",",,S"
"IRM00040821","YAZD SHAHID SADOOGHI, IR","2025-02-17","0.00",",,S",,,"55","H,,S","72",",,S","39",",,S"
"IRM00040821","YAZD SHAHID SADOOGHI, IR","2025-02-18","0.00",",,S",,,"49","H,,S","62",",,S",,
"IRM00040821","YAZD SHAHID SADOOGHI, IR","2025-02-19","0.00",",,S",,,"50","H,,S","62",",,S","35",",,S"
"IRM00040821","YAZD SHAHID SADOOGHI, IR","2025-02-20","0.00",",,S",,,"54","H,,S",,,"40",",,S"
"IRM00040821","YAZD SHAHID SADOOGHI, IR","2025-02-21","0.00",",,S",,,"59","H,,S","72",",,S","46",",,S"
"IRM00040821","YAZD SHAHID SADOOGHI, IR","2025-02-22","0.00",",,S",,,"63","H,,S","74",",,S","47",",,S"
"IRM00040821","YAZD SHAHID SADOOGHI, IR","2025-02-23","0.00",",,S",,,"64","H,,S","71",",,S",,
"IRM00040821","YAZD SHAHID SADOOGHI, IR","2025-02-24","0.00",",,S",,,"60","H,,S","69",",,S",,
"IRM00040821","YAZD SHAHID SADOOGHI, IR","2025-02-25","0.00",",,S",,,"37","H,,S","60",",,S",,
"IRM00040821","YAZD SHAHID SADOOGHI, IR","2025-02-26","0.00",",,S",,,"39","H,,S",,,,
"IRM00040821","YAZD SHAHID SADOOGHI, IR","2025-02-27","0.00",",,S",,,"44","H,,S","59",",,S","28",",,S"
"IRM00040821","YAZD SHAHID SADOOGHI, IR","2025-02-28","0.00",",,S",,,"39","H,,S",,,"32",",,S"
"IRM00040821","YAZD SHAHID SADOOGHI, IR","2025-03-01","0.00",",,S",,,"45","H,,S",,,,
"IRM00040821","YAZD SHAHID SADOOGHI, IR","2025-03-02","0.00",",,S",,,"44","H,,S",,,,
"IRM00040821","YAZD SHAHID SADOOGHI, IR","2025-03-03","0.00",",,S",,,"46","H,,S","57",",,S","31",",,S"
"IRM00040821","YAZD SHAHID SADOOGHI, IR","2025-03-04","0.00",",,S",,,"50","H,,S","61",",,S","33",",,S"
"IRM00040821","YAZD SHAHID SADOOGHI, IR","2025-03-05","0.00",",,S",,,"55","H,,S","65",",,S",,
"IRM00040821","YAZD SHAHID SADOOGHI, IR","2025-03-06","0.00",",,S",,,"58","H,,S","68",",,S","49",",,S"
"IRM00040821","YAZD SHAHID SADOOGHI, IR","2025-03-07","0.05",",,S",,,"58","H,,S","64",",,S","50",",,S"
"IRM00040821","YAZD SHAHID SADOOGHI, IR","2025-03-08","0.10",",,S",,,"56","H,,S","63",",,S","52",",,S"
"IRM00040821","YAZD SHAHID SADOOGHI, IR","2025-03-09","0.00",",,S",,,"58","H,,S","67",",,S","49",",,S"
"IRM00040821","YAZD SHAHID SADOOGHI, IR","2025-03-10","0.00",",,S",,,"60","H,,S","73",",,S","47",",,S"
"IRM00040821","YAZD SHAHID SADOOGHI, IR","2025-03-11","0.01",",,S",,,"61","H,,S","72",",,S","50",",,S"
"IRM00040821","YAZD SHAHID SADOOGHI, IR","2025-03-12","0.02",",,S",,,"57","H,,S","69",",,S",,
"IRM00040821","YAZD SHAHID SADOOGHI, IR","2025-03-13","0.00",",,S",,,"58","H,,S","67",",,S",,
"IRM00040821","YAZD SHAHID SADOOGHI, IR","2025-03-14","0.00",",,S",,,"59","H,,S","70",",,S","44",",,S"
"IRM00040821","YAZD SHAHID SADOOGHI, IR","2025-03-15","0.00",",,S",,,"60","H,,S","74",",,S","45",",,S"
"IRM00040821","YAZD SHAHID SADOOGHI, IR","2025-03-16","0.00",",,S",,,"63","H,,S","78",",,S","44",",,S"
"IRM00040785","KASHAN, IR","2025-01-01","1.71",",,S","1.2",",,S","34","H,,S",,,"31",",,S"
"IRM00040785","KASHAN, IR","2025-01-02","0.00",",,S",,,"38","H,,S","47",",,S","33",",,S"
"IRM00040785","KASHAN, IR","2025-01-03","0.00",",,S",,,"39","H,,S","51",",,S","29",",,S"
"IRM00040785","KASHAN, IR","2025-01-04","0.00",",,S",,,"39","H,,S","54",",,S","27",",,S"
"IRM00040785","KASHAN, IR","2025-01-05","0.00",",,S",,,"41","H,,S","57",",,S","27",",,S"
"IRM00040785","KASHAN, IR","2025-01-06","0.00",",,S",,,"42","H,,S","50",",,S","33",",,S"
"IRM00040785","KASHAN, IR","2025-01-07","0.00",",,S",,,"45","H,,S","49",",,S","38",",,S"
"IRM00040785","KASHAN, IR","2025-01-08","0.00",",,S",,,"46","H,,S","57",",,S","37",",,S"
"IRM00040785","KASHAN, IR","2025-01-09","0.00",",,S",,,"46","H,,S","58",",,S","36",",,S"
"IRM00040785","KASHAN, IR","2025-01-10","0.00",",,S",,,"46","H,,S","61",",,S","33",",,S"
"IRM00040785","KASHAN, IR","2025-01-11","0.00",",,S",,,"46","H,,S","58",",,S","37",",,S"
"IRM00040785","KASHAN, IR","2025-01-12","0.00",",,S",,,"47","H,,S","55",",,S","39",",,S"
"IRM00040785","KASHAN, IR","2025-01-13","0.00",",,S",,,"47","H,,S","59",",,S","35",",,S"
"IRM00040785","KASHAN, IR","2025-01-14","0.00",",,S",,,"45","H,,S","59",",,S","34",",,S"
"IRM00040785","KASHAN, IR","2025-01-15","0.00",",,S",,,"45","H,,S","60",",,S","31",",,S"
"IRM00040785","KASHAN, IR","2025-01-16","0.00",",,S",,,"49","H,,S","62",",,S","31",",,S"
"IRM00040785","KASHAN, IR","2025-01-17","0.00",",,S",,,"48","H,,S","57",",,S","40",",,S"
"IRM00040785","KASHAN, IR","2025-01-18","0.00",",,S",,,"45","H,,S","54",",,S","39",",,S"
"IRM00040785","KASHAN, IR","2025-01-19","0.00",",,S",,,"42","H,,S","53",",,S","35",",,S"
"IRM00040785","KASHAN, IR","2025-01-20","0.00",",,S",,,"43","H,,S","56",",,S","28",",,S"
"IRM00040785","KASHAN, IR","2025-01-21","0.00",",,S",,,"42","H,,S","52",",,S","31",",,S"
"IRM00040785","KASHAN, IR","2025-01-22","0.00",",,S",,,"42","H,,S",,,"29",",,S"
"IRM00040785","KASHAN, IR","2025-01-23","0.00",",,S",,,"41","H,,S","51",",,S","32",",,S"
"IRM00040785","KASHAN, IR","2025-01-24","0.00",",,S",,,"41","H,,S","52",",,S","31",",,S"
"IRM00040785","KASHAN, IR","2025-01-25","0.00",",,S",,,"45","H,,S","56",",,S","35",",,S"
"IRM00040785","KASHAN, IR","2025-01-26","0.00",",,S",,,"47","H,,S","58",",,S","38",",,S"
"IRM00040785","KASHAN, IR","2025-01-27","0.28",",,S",,,"43","H,,S","48",",,S",,
"IRM00040785","KASHAN, IR","2025-01-28","0.00",",,S",,,"42","H,,S","50",",,S","37",",,S"
"IRM00040785","KASHAN, IR","2025-01-29","0.00",",,S",,,"43","H,,S","47",",,S","38",",,S"
"IRM00040785","KASHAN, IR","2025-01-30","0.00",",,S",,,"43","H,,S","50",",,S",,
"IRM00040785","KASHAN, IR","2025-01-31","0.00",",,S",,,"43","H,,S","57",",,S","29",",,S"
"IRM00040785","KASHAN, IR","2025-02-03","0.00",",,S",,,"45","H,,S","62",",,S","29",",,S"
"IRM00040785","KASHAN, IR","2025-02-04","0.00",",,S",,,"46","H,,S","62",",,S","31",",,S"
"IRM00040785","KASHAN, IR","2025-02-05","0.00",",,S",,,"50","H,,S","63",",,S","33",",,S"
"IRM00040785","KASHAN, IR","2025-02-06","0.00",",,S",,,"48","H,,S","62",",,S","34",",,S"
"IRM00040785","KASHAN, IR","2025-02-07","0.26",",,S",,,"43","H,,S","53",",,S",,
"IRM00040785","KASHAN, IR","2025-02-08","0.00",",,S",,,"41","H,,S","48",",,S","32",",,S"
"IRM00040785","KASHAN, IR","2025-02-09","0.48",",,S","3.1",",,S","34","H,,S","44",",,S","32",",,S"
"IRM00040785","KASHAN, IR","2025-02-10","0.00",",,S",,,"38","H,,S","45",",,S","32",",,S"
"IRM00040785","KASHAN, IR","2025-02-11","0.00",",,S",,,"39","H,,S","49",",,S","28",",,S"
"IRM00040785","KASHAN, IR","2025-02-12","0.06",",,S",,,"41","H,,S","47",",,S","31",",,S"
"IRM00040785","KASHAN, IR","2025-02-13","0.10",",,S",,,"41","H,,S","46",",,S","36",",,S"
"IRM00040785","KASHAN, IR","2025-02-14","0.00",",,S",,,"43","H,,S","46",",,S",,
"IRM00040785","KASHAN, IR","2025-02-15","0.00",",,S",,,"44","H,,S","56",",,S","33",",,S"
"IRM00040785","KASHAN, IR","2025-02-16","0.00",",,S",,,"48","H,,S","61",",,S","35",",,S"
"IRM00040785","KASHAN, IR","2025-02-17","0.00",",,S",,,"48","H,,S","57",",,S","42",",,S"
"IRM00040785","KASHAN, IR","2025-02-18","0.00",",,S",,,"47","H,,S","62",",,S","35",",,S"
"IRM00040785","KASHAN, IR","2025-02-19","0.00",",,S",,,"49","H,,S","63",",,S","33",",,S"
"IRM00040785","KASHAN, IR","2025-02-20","0.00",",,S",,,"50","H,,S","63",",,S","36",",,S"
"IRM00040785","KASHAN, IR","2025-02-21","0.00",",,S",,,"54","H,,S","66",",,S","40",",,S"
"IRM00040785","KASHAN, IR","2025-02-22","0.00",",,S",,,"51","H,,S","59",",,S","40",",,S"
"IRM00040785","KASHAN, IR","2025-02-23","0.00",",,S",,,"44","H,,S","55",",,S","38",",,S"
"IRM00040785","KASHAN, IR","2025-02-24","0.00",",,S",,,"40","H,,S","53",",,S",,
"IRM00040785","KASHAN, IR","2025-02-25","0.00",",,S",,,"35","H,,S","53",",,S","27",",,S"
"IRM00040785","KASHAN, IR","2025-02-26","0.00",",,S",,,"37","H,,S","50",",,S","24",",,S"
"IRM00040785","KASHAN, IR","2025-02-27","0.00",",,S",,,"40","H,,S","52",",,S","29",",,S"
"IRM00040785","KASHAN, IR","2025-02-28","0.00",",,S",,,"37","H,,S","48",",,S","26",",,S"
"IRM00040785","KASHAN, IR","2025-03-01","0.00",",,S",,,"44","H,,S","56",",,S","28",",,S"
"IRM00040785","KASHAN, IR","2025-03-02","0.00",",,S",,,"42","H,,S","54",",,S","33",",,S"
"IRM00040785","KASHAN, IR","2025-03-03","0.00",",,S",,,"42","H,,S","55",",,S","27",",,S"
"IRM00040785","KASHAN, IR","2025-03-04","0.00",",,S",,,"47","H,,S","57",",,S","35",",,S"
"IRM00040785","KASHAN, IR","2025-03-05","0.00",",,S",,,"50","H,,S","60",",,S",,
"IRM00040785","KASHAN, IR","2025-03-06","0.00",",,S",,,"54","H,,S","64",",,S","39",",,S"
"IRM00040785","KASHAN, IR","2025-03-07","0.00",",,S",,,"56","H,,S","65",",,S","45",",,S"
"IRM00040785","KASHAN, IR","2025-03-08","0.13",",,S",,,"51","H,,S","60",",,S","32",",,S"
"IRM00040785","KASHAN, IR","2025-03-09","0.00",",,S",,,"56","H,,S","63",",,S","48",",,S"
"IRM00040785","KASHAN, IR","2025-03-10","0.00",",,S",,,"56","H,,S","65",",,S","50",",,S"
"IRM00040785","KASHAN, IR","2025-03-11","0.00",",,S",,,"60","H,,S","71",",,S","48",",,S"
"IRM00040785","KASHAN, IR","2025-03-12","0.00",",,S",,,"59","H,,S","69",",,S","50",",,S"
"IRM00040785","KASHAN, IR","2025-03-13","0.00",",,S",,,"57","H,,S","73",",,S",,
"IRM00040785","KASHAN, IR","2025-03-14","0.00",",,S",,,"60","H,,S","76",",,S","45",",,S"
"IRM00040785","KASHAN, IR","2025-03-15","0.00",",,S",,,"63","H,,S","78",",,S","48",",,S"
"IRM00040785","KASHAN, IR","2025-03-16","0.00",",,S",,,"64","H,,S","80",",,S","49",",,S"
"IRM00040879","IRAN SHAHR, IR","2025-01-01","0.00",",,S",,,"67","H,,S","75",",,S","57",",,S"
"IRM00040879","IRAN SHAHR, IR","2025-01-02","0.06",",,S",,,"59","H,,S","70",",,S",,
"IRM00040879","IRAN SHAHR, IR","2025-01-03","0.00",",,S",,,"52","H,,S","62",",,S","42",",,S"
"IRM00040879","IRAN SHAHR, IR","2025-01-04","0.00",",,S",,,"49","H,,S","60",",,S","36",",,S"
"IRM00040879","IRAN SHAHR, IR","2025-01-05","0.00",",,S",,,"52","H,,S","63",",,S","36",",,S"
"IRM00040879","IRAN SHAHR, IR","2025-01-06","0.00",",,S",,,"54","H,,S","68",",,S","37",",,S"
"IRM00040879","IRAN SHAHR, IR","2025-01-07","0.00",",,S",,,"61","H,,S","76",",,S","42",",,S"
"IRM00040879","IRAN SHAHR, IR","2025-01-08","0.00",",,S",,,"58","H,,S",,,"43",",,S"
"IRM00040879","IRAN SHAHR, IR","2025-01-09","0.00",",,S",,,"58","H,,S","69",",,S","43",",,S"
"IRM00040879","IRAN SHAHR, IR","2025-01-10","0.00",",,S",,,"57","H,,S","70",",,S","42",",,S"
"IRM00040879","IRAN SHAHR, IR","2025-01-11","0.00",",,S",,,"58","H,,S","73",",,S","41",",,S"
"IRM00040879","IRAN SHAHR, IR","2025-01-12","0.00",",,S",,,"62","H,,S","78",",,S","44",",,S"
"IRM00040879","IRAN SHAHR, IR","2025-01-13","0.00",",,S",,,"62","H,,S","75",",,S","48",",,S"
"IRM00040879","IRAN SHAHR, IR","2025-01-14","0.00",",,S",,,"61","H,,S","72",",,S","46",",,S"
"IRM00040879","IRAN SHAHR, IR","2025-01-15","0.00",",,S",,,"59","H,,S","71",",,S","44",",,S"
"IRM00040879","IRAN SHAHR, IR","2025-01-16","0.00",",,S",,,"60","H,,S","73",",,S","44",",,S"
"IRM00040879","IRAN SHAHR, IR","2025-01-17","0.00",",,S",,,"63","H,,S","73",",,S","51",",,S"
"IRM00040879","IRAN SHAHR, IR","2025-01-18","0.26",",,S",,,"60","H,,S","68",",,S",,
"IRM00040879","IRAN SHAHR, IR","2025-01-19","0.00",",,S",,,"57","H,,S","68",",,S","47",",,S"
"IRM00040879","IRAN SHAHR, IR","2025-01-20","0.00",",,S",,,"60","H,,S","69",",,S","50",",,S"
"IRM00040879","IRAN SHAHR, IR","2025-01-21","0.00",",,S",,,"58","H,,S","68",",,S",,
"IRM00040879","IRAN SHAHR, IR","2025-01-22","0.00",",,S",,,"59","H,,S","67",",,S","51",",,S"
"IRM00040879","IRAN SHAHR, IR","2025-01-23","0.00",",,S",,,"55","H,,S","68",",,S","43",",,S"
"IRM00040879","IRAN SHAHR, IR","2025-01-24","0.00",",,S",,,"56","H,,S","71",",,S",,
"IRM00040879","IRAN SHAHR, IR","2025-01-25","0.00",",,S",,,"59","H,,S",,,"40",",,S"
"IRM00040879","IRAN SHAHR, IR","2025-01-26","0.00",",,S",,,"61","H,,S","75",",,S","42",",,S"
"IRM00040879","IRAN SHAHR, IR","2025-01-27","0.00",",,S",,,"65","H,,S","81",",,S","46",",,S"
"IRM00040879","IRAN SHAHR, IR","2025-01-28","0.00",",,S",,,"69","H,,S","80",",,S","52",",,S"
"IRM00040879","IRAN SHAHR, IR","2025-01-29","0.00",",,S",,,"61","H,,S","72",",,S",,
"IRM00040879","IRAN SHAHR, IR","2025-01-30","0.00",",,S",,,"57","H,,S","69",",,S",,
"IRM00040879","IRAN SHAHR, IR","2025-01-31","0.00",",,S",,,"56","H,,S","67",",,S","40",",,S"
"IRM00040879","IRAN SHAHR, IR","2025-02-01","0.00",",,S",,,"56","H,,S",,,,
"IRM00040879","IRAN SHAHR, IR","2025-02-02","0.00",",,S",,,"61","H,,S",,,,
"IRM00040879","IRAN SHAHR, IR","2025-02-03","0.00",",,S",,,"57","H,,S","68",",,S","47",",,S"
"IRM00040879","IRAN SHAHR, IR","2025-02-04","0.00",",,S",,,"58","H,,S","71",",,S","42",",,S"
"IRM00040879","IRAN SHAHR, IR","2025-02-05","0.00",",,S",,,"61","H,,S","74",",,S","44",",,S"
"IRM00040879","IRAN SHAHR, IR","2025-02-06","0.00",",,S",,,"65","H,,S","79",",,S",,
"IRM00040879","IRAN SHAHR, IR","2025-02-07","0.00",",,S",,,"67","H,,S","78",",,S","52",",,S"
"IRM00040879","IRAN SHAHR, IR","2025-02-08","0.00",",,S",,,"68","H,,S","77",",,S",,
"IRM00040879","IRAN SHAHR, IR","2025-02-09","0.01",",,S",,,"64","H,,S","74",",,S","57",",,S"
"IRM00040879","IRAN SHAHR, IR","2025-02-10","0.00",",,S",,,"62","H,,S","71",",,S",,
"IRM00040879","IRAN SHAHR, IR","2025-02-11","0.00",",,S",,,"62","H,,S","74",",,S","47",",,S"
"IRM00040879","IRAN SHAHR, IR","2025-02-12","0.00",",,S",,,"69","H,,S","81",",,S","53",",,S"
"IRM00040879","IRAN SHAHR, IR","2025-02-13","0.00",",,S",,,"73","H,,S","84",",,S","59",",,S"
"IRM00040879","IRAN SHAHR, IR","2025-02-14","0.00",",,S",,,"72","H,,S","80",",,S","62",",,S"
"IRM00040879","IRAN SHAHR, IR","2025-02-15","0.00",",,S",,,"70","H,,S","80",",,S","55",",,S"
"IRM00040879","IRAN SHAHR, IR","2025-02-16","0.00",",,S",,,"69","H,,S","76",",,S",,
"IRM00040879","IRAN SHAHR, IR","2025-02-17","0.02",",,S",,,"71","H,,S","81",",,S","61",",,S"
"IRM00040879","IRAN SHAHR, IR","2025-02-18","0.00",",,S",,,"75","H,,S","84",",,S","60",",,S"
"IRM00040879","IRAN SHAHR, IR","2025-02-19","0.00",",,S",,,"70","H,,S","80",",,S",,
"IRM00040879","IRAN SHAHR, IR","2025-02-20","0.00",",,S",,,"74","H,,S","83",",,S","54",",,S"
"IRM00040879","IRAN SHAHR, IR","2025-02-21","0.00",",,S",,,"72","H,,S","84",",,S","62",",,S"
"IRM00040879","IRAN SHAHR, IR","2025-02-22","0.00",",,S",,,"73","H,,S","85",",,S","56",",,S"
"IRM00040879","IRAN SHAHR, IR","2025-02-23","0.00",",,S",,,"73","H,,S","83",",,S","58",",,S"
"IRM00040879","IRAN SHAHR, IR","2025-02-24","0.00",",,S",,,"76","H,,S","85",",,S","65",",,S"
"IRM00040879","IRAN SHAHR, IR","2025-02-25","0.31",",,S",,,"69","H,,S","79",",,S",,
"IRM00040879","IRAN SHAHR, IR","2025-02-26","0.00",",,S",,,"65","H,,S","74",",,S","56",",,S"
"IRM00040879","IRAN SHAHR, IR","2025-02-27","0.00",",,S",,,"64","H,,S","70",",,S",,
"IRM00040879","IRAN SHAHR, IR","2025-02-28","0.00",",,S",,,"63","H,,S",,,,
"IRM00040879","IRAN SHAHR, IR","2025-03-01","0.00",",,S",,,"65","H,,S","77",",,S","50",",,S"
"IRM00040879","IRAN SHAHR, IR","2025-03-02","0.00",",,S",,,"70","H,,S",,,"55",",,S"
"IRM00040879","IRAN SHAHR, IR","2025-03-03","0.00",",,S",,,"65","H,,S","76",",,S",,
"IRM00040879","IRAN SHAHR, IR","2025-03-04","0.00",",,S",,,"65","H,,S","80",",,S","45",",,S"
"IRM00040879","IRAN SHAHR, IR","2025-03-05","0.00",",,S",,,"71","H,,S","81",",,S","55",",,S"
"IRM00040879","IRAN SHAHR, IR","2025-03-06","0.00",",,S",,,"76","H,,S","90",",,S",,
"IRM00040879","IRAN SHAHR, IR","2025-03-07","0.00",",,S",,,"76","H,,S","89",",,S","60",",,S"
"IRM00040879","IRAN SHAHR, IR","2025-03-08","0.00",",,S",,,"80","H,,S","94",",,S","63",",,S"
"IRM00040879","IRAN SHAHR, IR","2025-03-09","0.00",",,S",,,"81","H,,S","92",",,S","67",",,S"
"IRM00040879","IRAN SHAHR, IR","2025-03-10","0.00",",,S",,,"80","H,,S","89",",,S",,
"IRM00040879","IRAN SHAHR, IR","2025-03-11","0.00",",,S",,,"77","H,,S","85",",,S",,
"IRM00040879","IRAN SHAHR, IR","2025-03-12","0.00",",,S",,,"78","H,,S","88",",,S","66",",,S"
"IRM00040879","IRAN SHAHR, IR","2025-03-13","0.00",",,S",,,"76","H,,S","87",",,S","61",",,S"
"IRM00040879","IRAN SHAHR, IR","2025-03-14","0.00",",,S",,,"73","H,,S","87",",,S","59",",,S"
"IRM00040879","IRAN SHAHR, IR","2025-03-15","0.00",",,S",,,"72","H,,S","84",",,S","54",",,S"
"IRM00040879","IRAN SHAHR, IR","2025-03-16","0.00",",,S",,,"74","H,,S","86",",,S","56",",,S"
"IR000040841","KERMAN, IR","2025-01-01","0.25",",,S",,,"38","H,,S","47",",,S",,
"IR000040841","KERMAN, IR","2025-01-02","0.19",",,S","4.3",",,S","30","H,,S","37",",,S",,
"IR000040841","KERMAN, IR","2025-01-03","0.01",",,S",,,"27","H,,S","35",",,S",,
"IR000040841","KERMAN, IR","2025-01-04","0.00",",,S",,,"29","H,,S","42",",,S","17",",,S"
"IR000040841","KERMAN, IR","2025-01-05","0.00",",,S",,,"34","H,,S","51",",,S","19",",,S"
"IR000040841","KERMAN, IR","2025-01-06","0.00",",,S",,,"42","H,,S","64",",,S","22",",,S"
"IR000040841","KERMAN, IR","2025-01-07","0.00",",,S",,,"42","H,,S","59",",,S","31",",,S"
"IR000040841","KERMAN, IR","2025-01-08","0.00",",,S",,,"37","H,,S","49",",,S",,
"IR000040841","KERMAN, IR","2025-01-09","0.00",",,S",,,"35","H,,S","44",",,S","25",",,S"
"IR000040841","KERMAN, IR","2025-01-10","0.00",",,S",,,"37","H,,S","52",",,S","24",",,S"
"IR000040841","KERMAN, IR","2025-01-11","0.00",",,S",,,"40","H,,S","62",",,S","24",",,S"
"IR000040841","KERMAN, IR","2025-01-12","0.00",",,S",,,"42","H,,S","60",",,S","26",",,S"
"IR000040841","KERMAN, IR","2025-01-13","0.00",",,S",,,"40","H,,S","53",",,S","30",",,S"
"IR000040841","KERMAN, IR","2025-01-14","0.00",",,S",,,"38","H,,S","51",",,S","25",",,S"
"IR000040841","KERMAN, IR","2025-01-15","0.00",",,S",,,"38","H,,S","56",",,S","24",",,S"
"IR000040841","KERMAN, IR","2025-01-16","0.00",",,S",,,"46","H,,S","62",",,S",,
"IR000040841","KERMAN, IR","2025-01-17","0.12",",,S",,,"44","H,,S","56",",,S",,
"IR000040841","KERMAN, IR","2025-01-18","0.11",",,S","2.0",",,S","34","H,,S","42",",,S",,
"IR000040841","KERMAN, IR","2025-01-19","0.00",",,S",,,"35","H,,S","50",",,S","24",",,S"
"IR000040841","KERMAN, IR","2025-01-20","0.00",",,S",,,"38","H,,S","54",",,S","25",",,S"
"IR000040841","KERMAN, IR","2025-01-21","0.00",",,S",,,"38","H,,S","49",",,S","23",",,S"
"IR000040841","KERMAN, IR","2025-01-22","0.00",",,S",,,"35","H,,S","46",",,S",,
"IR000040841","KERMAN, IR","2025-01-23","0.00",",,S",,,"37","H,,S","52",",,S","20",",,S"
"IR000040841","KERMAN, IR","2025-01-24","0.00",",,S",,,"39","H,,S","61",",,S","22",",,S"
"IR000040841","KERMAN, IR","2025-01-25","0.00",",,S",,,"42","H,,S","64",",,S","22",",,S"
"IR000040841","KERMAN, IR","2025-01-26","0.00",",,S",,,"43","H,,S","63",",,S","23",",,S"
"IR000040841","KERMAN, IR","2025-01-27","0.00",",,S",,,"47","H,,S","62",",,S","30",",,S"
"IR000040841","KERMAN, IR","2025-01-28","0.00",",,S",,,"39","H,,S","53",",,S","31",",,S"
"IR000040841","KERMAN, IR","2025-01-29","0.00",",,S",,,"38","H,,S","47",",,S",,
"IR000040841","KERMAN, IR","2025-01-30","0.00",",,S",,,"36","H,,S","47",",,S","23",",,S"
"IR000040841","KERMAN, IR","2025-01-31","0.00",",,S",,,"35","H,,S","47",",,S",,
"IR000040841","KERMAN, IR","2025-02-01","0.00",",,S",,,"36","H,,S",,,,
"IR000040841","KERMAN, IR","2025-02-02","0.00",",,S",,,"35","H,,S",,,,
"IR000040841","KERMAN, IR","2025-02-03","0.00",",,S",,,"35","H,,S",,,"20",",,S"
"IR000040841","KERMAN, IR","2025-02-04","0.00",",,S",,,"39","H,,S","58",",,S","19",",,S"
"IR000040841","KERMAN, IR","2025-02-05","0.00",",,S",,,"44","H,,S",,,"24",",,S"
"IR000040841","KERMAN, IR","2025-02-06","0.00",",,S",,,"47","H,,S","62",",,S","32",",,S"
"IR000040841","KERMAN, IR","2025-02-07","0.00",",,S",,,"51","H,,S","60",",,S","42",",,S"
"IR000040841","KERMAN, IR","2025-02-08","0.00",",,S",,,"50","H,,S","63",",,S",,
"IR000040841","KERMAN, IR","2025-02-09","0.00",",,S",,,"48","H,,S","60",",,S",,
"IR000040841","KERMAN, IR","2025-02-10","0.00",",,S",,,"36","H,,S","50",",,S","21",",,S"
"IR000040841","KERMAN, IR","2025-02-11","0.00",",,S",,,"46","H,,S","61",",,S","21",",,S"
"IR000040841","KERMAN, IR","2025-02-12","0.36",",,S",,,"47","H,,S","59",",,S","43",",,S"
"IR000040841","KERMAN, IR","2025-02-13","0.46",",,S",,,"47","H,,S",,,"42",",,S"
"IR000040841","KERMAN, IR","2025-02-14","0.11",",,S",,,"49","H,,S","59",",,S",,
"IR000040841","KERMAN, IR","2025-02-15","0.00",",,S",,,"48","H,,S","60",",,S","34",",,S"
"IR000040841","KERMAN, IR","2025-02-16","0.00",",,S",,,"49","H,,S","64",",,S","36",",,S"
"IR000040841","KERMAN, IR","2025-02-17","0.00",",,S",,,"54","H,,S","66",",,S","44",",,S"
"IR000040841","KERMAN, IR","2025-02-18","0.00",",,S",,,"53","H,,S","65",",,S",,
"IR000040841","KERMAN, IR","2025-02-19","0.00",",,S",,,"46","H,,S","60",",,S","35",",,S"
"IR000040841","KERMAN, IR","2025-02-20","0.07",",,S",,,"45","H,,S","58",",,S","32",",,S"
"IR000040841","KERMAN, IR","2025-02-21","0.00",",,S",,,"53","H,,S","65",",,S","42",",,S"
"IR000040841","KERMAN, IR","2025-02-22","0.00",",,S",,,"54","H,,S","71",",,S","32",",,S"
"IR000040841","KERMAN, IR","2025-02-23","0.00",",,S",,,"55","H,,S","65",",,S","41",",,S"
"IR000040841","KERMAN, IR","2025-02-24","0.00",",,S",,,"52","H,,S","58",",,S",,
"IR000040841","KERMAN, IR","2025-02-25","0.00",",,S",,,"47","H,,S","61",",,S",,
"IR000040841","KERMAN, IR","2025-02-26","0.00",",,S",,,"43","H,,S",,,"25",",,S"
"IR000040841","KERMAN, IR","2025-02-27","0.00",",,S",,,"47","H,,S","56",",,S",,
"IR000040841","KERMAN, IR","2025-02-28","0.00",",,S",,,"40","H,,S",,,,
"IR000040841","KERMAN, IR","2025-03-01","0.00",",,S",,,"49","H,,S",,,"24",",,S"
"IR000040841","KERMAN, IR","2025-03-02","0.00",",,S",,,"46","H,,S","58",",,S",,
"IR000040841","KERMAN, IR","2025-03-03","0.00",",,S",,,"40","H,,S","56",",,S",,
"IR000040841","KERMAN, IR","2025-03-04","0.00",",,S",,,"48","H,,S","69",",,S","23",",,S"
"IR000040841","KERMAN, IR","2025-03-05","0.19",",,S",,,"50","H,,S","61",",,S","42",",,S"
"IR000040841","KERMAN, IR","2025-03-06","0.07",",,S",,,"51","H,,S","61",",,S",,
"IR000040841","KERMAN, IR","2025-03-07","0.15",",,S",,,"53","H,,S","65",",,S","44",",,S"
"IR000040841","KERMAN, IR","2025-03-08","0.00",",,S",,,"54","H,,S","63",",,S","42",",,S"
"IR000040841","KERMAN, IR","2025-03-09","0.00",",,S",,,"58","H,,S","69",",,S",,
"IR000040841","KERMAN, IR","2025-03-10","0.00",",,S",,,"57","H,,S","69",",,S","42",",,S"
"IR000040841","KERMAN, IR","2025-03-11","0.00",",,S",,,"58","H,,S","72",",,S","43",",,S"
"IR000040841","KERMAN, IR","2025-03-12","0.09",",,S",,,"56","H,,S","68",",,S","44",",,S"
"IR000040841","KERMAN, IR","2025-03-13","0.22",",,S",,,"45","H,,S","59",",,S",,
"IR000040841","KERMAN, IR","2025-03-14","0.00",",,S",,,"49","H,,S","61",",,S","34",",,S"
"IR000040841","KERMAN, IR","2025-03-15","0.00",",,S",,,"51","H,,S","67",",,S","33",",,S"
"IR000040841","KERMAN, IR","2025-03-16","0.00",",,S",,,"54","H,,S","70",",,S","33",",,S"
"IRM00040858","BUSHEHR, IR","2025-01-01","0.00",",,S",,,"62","H,,S","67",",,S",,
"IRM00040858","BUSHEHR, IR","2025-01-02","0.00",",,S",,,"58","H,,S",,,"48",",,S"
"IRM00040858","BUSHEHR, IR","2025-01-03","0.00",",,S",,,"59","H,,S",,,"47",",,S"
"IRM00040858","BUSHEHR, IR","2025-01-04","0.00",",,S",,,"59","H,,S","65",",,S",,
"IRM00040858","BUSHEHR, IR","2025-01-05","0.00",",,S",,,"58","H,,S","65",",,S",,
"IRM00040858","BUSHEHR, IR","2025-01-06","0.00",",,S",,,"61","H,,S",,,"44",",,S"
"IRM00040858","BUSHEHR, IR","2025-01-07","0.00",",,S",,,"65","H,,S",,,"58",",,S"
"IRM00040858","BUSHEHR, IR","2025-01-08","0.00",",,S",,,"64","H,,S",,,"60",",,S"
"IRM00040858","BUSHEHR, IR","2025-01-09","0.00",",,S",,,"62","H,,S","67",",,S","57",",,S"
"IRM00040858","BUSHEHR, IR","2025-01-10","0.00",",,S",,,"61","H,,S","68",",,S","51",",,S"
"IRM00040858","BUSHEHR, IR","2025-01-11","0.00",",,S",,,"61","H,,S","69",",,S","46",",,S"
"IRM00040858","BUSHEHR, IR","2025-01-12","0.00",",,S",,,"65","H,,S","72",",,S",,
"IRM00040858","BUSHEHR, IR","2025-01-13","0.00",",,S",,,"62","H,,S","67",",,S","56",",,S"
"IRM00040858","BUSHEHR, IR","2025-01-14","0.00",",,S",,,"60","H,,S",,,,
"IRM00040858","BUSHEHR, IR","2025-01-15","0.00",",,S",,,"60","H,,S",,,,
"IRM00040858","BUSHEHR, IR","2025-01-16","0.00",",,S",,,"60","H,,S","68",",,S","50",",,S"
"IRM00040858","BUSHEHR, IR","2025-01-17","0.00",",,S",,,"66","H,,S","74",",,S","57",",,S"
"IRM00040858","BUSHEHR, IR","2025-01-18","0.00",",,S",,,"60","H,,S","66",",,S",,
"IRM00040858","BUSHEHR, IR","2025-01-19","0.00",",,S",,,"60","H,,S","67",",,S","49",",,S"
"IRM00040858","BUSHEHR, IR","2025-01-20","0.00",",,S",,,"59","H,,S","66",",,S","48",",,S"
"IRM00040858","BUSHEHR, IR","2025-01-21","0.00",",,S",,,"60","H,,S","66",",,S","46",",,S"
"IRM00040858","BUSHEHR, IR","2025-01-22","0.00",",,S",,,"60","H,,S","69",",,S",,
"IRM00040858","BUSHEHR, IR","2025-01-23","0.00",",,S",,,"60","H,,S","71",",,S","45",",,S"
"IRM00040858","BUSHEHR, IR","2025-01-24","0.00",",,S",,,"60","H,,S","69",",,S","47",",,S"
"IRM00040858","BUSHEHR, IR","2025-01-25","0.00",",,S",,,"61","H,,S","70",",,S","48",",,S"
"IRM00040858","BUSHEHR, IR","2025-01-26","0.05",",,S",,,"63","H,,S","71",",,S",,
"IRM00040858","BUSHEHR, IR","2025-01-27","0.04",",,S",,,"62","H,,S","67",",,S","58",",,S"
"IRM00040858","BUSHEHR, IR","2025-01-28","0.00",",,S",,,"63","H,,S","67",",,S","57",",,S"
"IRM00040858","BUSHEHR, IR","2025-01-29","0.00",",,S",,,"62","H,,S","68",",,S","55",",,S"
"IRM00040858","BUSHEHR, IR","2025-01-30","0.00",",,S",,,"63","H,,S","65",",,S",,
"IRM00040858","BUSHEHR, IR","2025-01-31","0.00",",,S",,,"60","H,,S","68",",,S","48",",,S"
"IRM00040858","BUSHEHR, IR","2025-02-01","0.00",",,S",,,"59","H,,S",,,,
"IRM00040858","BUSHEHR, IR","2025-02-02","0.00",",,S",,,"59","H,,S",,,,
"IRM00040858","BUSHEHR, IR","2025-02-03","0.00",",,S",,,"59","H,,S","67",",,S","48",",,S"
"IRM00040858","BUSHEHR, IR","2025-02-04","0.00",",,S",,,"58","H,,S","68",",,S","44",",,S"
"IRM00040858","BUSHEHR, IR","2025-02-05","0.00",",,S",,,"64","H,,S",,,"50",",,S"
"IRM00040858","BUSHEHR, IR","2025-02-06","0.01",",,S",,,"70","H,,S",,,"64",",,S"
"IRM00040858","BUSHEHR, IR","2025-02-07","0.00",",,S",,,"64","H,,S","72",",,S",,
"IRM00040858","BUSHEHR, IR","2025-02-08","0.00",",,S",,,"60","H,,S","65",",,S",,
"IRM00040858","BUSHEHR, IR","2025-02-09","0.00",",,S",,,"58","H,,S","65",",,S","49",",,S"
"IRM00040858","BUSHEHR, IR","2025-02-10","0.00",",,S",,,"58","H,,S","63",",,S","51",",,S"
"IRM00040858","BUSHEHR, IR","2025-02-11","0.00",",,S",,,"62","H,,S","68",",,S","54",",,S"
"IRM00040858","BUSHEHR, IR","2025-02-12","0.21",",,S",,,"63","H,,S","68",",,S",,
"IRM00040858","BUSHEHR, IR","2025-02-13","0.37",",,S",,,"64","H,,S",,,,
"IRM00040858","BUSHEHR, IR","2025-02-14","0.61",",,S",,,"64","H,,S","68",",,S",,
"IRM00040858","BUSHEHR, IR","2025-02-15","0.00",",,S",,,"62","H,,S","64",",,S",,
"IRM00040858","BUSHEHR, IR","2025-02-16","0.04",",,S",,,"60","H,,S","65",",,S","52",",,S"
"IRM00040858","BUSHEHR, IR","2025-02-17","0.00",",,S",,,"63","H,,S","68",",,S","57",",,S"
"IRM00040858","BUSHEHR, IR","2025-02-18","0.00",",,S",,,"63","H,,S",,,"59",",,S"
"IRM00040858","BUSHEHR, IR","2025-02-19","0.00",",,S",,,"62","H,,S","68",",,S","56",",,S"
"IRM00040858","BUSHEHR, IR","2025-02-20","0.07",",,S",,,"63","H,,S","67",",,S","55",",,S"
"IRM00040858","BUSHEHR, IR","2025-02-21","0.00",",,S",,,"64","H,,S",,,"57",",,S"
"IRM00040858","BUSHEHR, IR","2025-02-22","0.00",",,S",,,"67","H,,S",,,"57",",,S"
"IRM00040858","BUSHEHR, IR","2025-02-23","0.00",",,S",,,"65","H,,S",,,,
"IRM00040858","BUSHEHR, IR","2025-02-24","0.00",",,S",,,"60","H,,S","66",",,S",,
"IRM00040858","BUSHEHR, IR","2025-02-25","0.00",",,S",,,"53","H,,S","62",",,S","50",",,S"
"IRM00040858","BUSHEHR, IR","2025-02-26","0.00",",,S",,,"54","H,,S",,,"46",",,S"
"IRM00040858","BUSHEHR, IR","2025-02-27","0.00",",,S",,,"57","H,,S",,,,
"IRM00040858","BUSHEHR, IR","2025-02-28","0.00",",,S",,,"56","H,,S",,,,
"IRM00040858","BUSHEHR, IR","2025-03-01","0.00",",,S",,,"58","H,,S","64",",,S","48",",,S"
"IRM00040858","BUSHEHR, IR","2025-03-02","0.00",",,S",,,"62","H,,S",,,"55",",,S"
"IRM00040858","BUSHEHR, IR","2025-03-03","0.00",",,S",,,"58","H,,S","66",",,S",,
"IRM00040858","BUSHEHR, IR","2025-03-04","0.09",",,S",,,"61","H,,S",,,"46",",,S"
"IRM00040858","BUSHEHR, IR","2025-03-05","0.84",",,S",,,"66","H,,S","75",",,S","59",",,S"
"IRM00040858","BUSHEHR, IR","2025-03-06","0.33",",,S",,,"66","H,,S","70",",,S","63",",,S"
"IRM00040858","BUSHEHR, IR","2025-03-07","1.26",",,S",,,"66","H,,S","68",",,S","64",",,S"
"IRM00040858","BUSHEHR, IR","2025-03-08","0.04",",,S",,,"68","H,,S",,,,
"IRM00040858","BUSHEHR, IR","2025-03-09","0.00",",,S",,,"65","H,,S",,,,
"IRM00040858","BUSHEHR, IR","2025-03-10","0.13",",,S",,,"64","H,,S","71",",,S","57",",,S"
"IRM00040858","BUSHEHR, IR","2025-03-11","0.00",",,S",,,"66","H,,S",,,"61",",,S"
"IRM00040858","BUSHEHR, IR","2025-03-12","0.00",",,S",,,"66","H,,S","70",",,S",,
"IRM00040858","BUSHEHR, IR","2025-03-13","0.00",",,S",,,"65","H,,S","71",",,S","58",",,S"
"IRM00040858","BUSHEHR, IR","2025-03-14","0.00",",,S",,,"67","H,,S",,,"60",",,S"
"IRM00040858","BUSHEHR, IR","2025-03-15","0.00",",,S",,,"69","H,,S","74",",,S","60",",,S"
"IRM00040858","BUSHEHR, IR","2025-03-16","0.00",",,S",,,"69","H,,S","75",",,S","61",",,S"
"IRM00040712","UROMIYEH, IR","2025-01-01","0.00",",,S",,,"32","H,,S",,,,
"IRM00040712","UROMIYEH, IR","2025-01-02","0.00",",,S",,,"31","H,,S","43",",,S","22",",,S"
"IRM00040712","UROMIYEH, IR","2025-01-03","0.00",",,S",,,"29","H,,S","43",",,S","18",",,S"
"IRM00040712","UROMIYEH, IR","2025-01-04","0.00",",,S",,,"28","H,,S","42",",,S","17",",,S"
"IRM00040712","UROMIYEH, IR","2025-01-05","0.00",",,S",,,"30","H,,S","43",",,S","18",",,S"
"IRM00040712","UROMIYEH, IR","2025-01-06","0.00",",,S",,,"33","H,,S","45",",,S","27",",,S"
"IRM00040712","UROMIYEH, IR","2025-01-07","0.00",",,S",,,"34","H,,S","45",",,S","27",",,S"
"IRM00040712","UROMIYEH, IR","2025-01-08","0.00",",,S",,,"31","H,,S","36",",,S","21",",,S"
"IRM00040712","UROMIYEH, IR","2025-01-09","0.00",",,S",,,"32","H,,S",,,"30",",,S"
"IRM00040712","UROMIYEH, IR","2025-01-10","0.00",",,S",,,"30","H,,S","32",",,S","28",",,S"
"IRM00040712","UROMIYEH, IR","2025-01-11","0.04",",,S",,,"30","H,,S","32",",,S",,
"IRM00040712","UROMIYEH, IR","2025-01-12","0.04",",,S","0.4",",,S","32","H,,S",,,"26",",,S"
"IRM00040712","UROMIYEH, IR","2025-01-13","0.00",",,S",,,"33","H,,S",,,,
"IRM00040712","UROMIYEH, IR","2025-01-14","0.00",",,S",,,"31","H,,S",,,"27",",,S"
"IRM00040712","UROMIYEH, IR","2025-01-15","0.00",",,S",,,"30","H,,S","33",",,S","27",",,S"
"IRM00040712","UROMIYEH, IR","2025-01-16","0.00",",,S",,,"30","H,,S","36",",,S",,
"IRM00040712","UROMIYEH, IR","2025-01-17","0.00",",,S",,,"32","H,,S","45",",,S",,
"IRM00040712","UROMIYEH, IR","2025-01-18","0.00",",,S",,,"32","H,,S","42",",,S","22",",,S"
"IRM00040712","UROMIYEH, IR","2025-01-19","0.00",",,S",,,"33","H,,S","46",",,S","21",",,S"
"IRM00040712","UROMIYEH, IR","2025-01-20","0.21",",,S","1.6",",,S","31","H,,S","37",",,S",,
"IRM00040712","UROMIYEH, IR","2025-01-21","0.00",",,S","1.2",",,S","26","H,,S","40",",,S","18",",,S"
"IRM00040712","UROMIYEH, IR","2025-01-22","0.00",",,S","0.8",",,S","27","H,,S","40",",,S","17",",,S"
"IRM00040712","UROMIYEH, IR","2025-01-23","0.00",",,S",,,"29","H,,S","38",",,S",,
"IRM00040712","UROMIYEH, IR","2025-01-24","0.00",",,S",,,"31","H,,S","43",",,S","21",",,S"
"IRM00040712","UROMIYEH, IR","2025-01-25","0.00",",,S",,,"33","H,,S","46",",,S","21",",,S"
"IRM00040712","UROMIYEH, IR","2025-01-26","0.00",",,S",,,"33","H,,S","45",",,S","25",",,S"
"IRM00040712","UROMIYEH, IR","2025-01-27","0.00",",,S",,,"36","H,,S",,,,
"IRM00040712","UROMIYEH, IR","2025-01-28","0.00",",,S",,,"32","H,,S","43",",,S","23",",,S"
"IRM00040712","UROMIYEH, IR","2025-01-29","0.00",",,S",,,"31","H,,S","45",",,S","22",",,S"
"IRM00040712","UROMIYEH, IR","2025-01-30","0.00",",,S",,,"31","H,,S",,,"20",",,S"
"IRM00040712","UROMIYEH, IR","2025-01-31","0.00",",,S",,,"31","H,,S","45",",,S","19",",,S"
"IRM00040712","UROMIYEH, IR","2025-02-01","0.00",",,S",,,"34","H,,S",,,,
"IRM00040712","UROMIYEH, IR","2025-02-02","0.00",",,S",,,"33","H,,S",,,,
"IRM00040712","UROMIYEH, IR","2025-02-03","0.00",",,S",,,"33","H,,S","47",",,S","23",",,S"
"IRM00040712","UROMIYEH, IR","2025-02-04","0.00",",,S",,,"34","H,,S","49",",,S","21",",,S"
"IRM00040712","UROMIYEH, IR","2025-02-05","0.06",",,S",,,"34","H,,S","46",",,S",,
"IRM00040712","UROMIYEH, IR","2025-02-06","1.49",",,S","3.9",",,S","32","H,,S",,,,
"IRM00040712","UROMIYEH, IR","2025-02-07","0.51",",,S","14.2",",,S","31","H,,S",,,"28",",,S"
"IRM00040712","UROMIYEH, IR","2025-02-08","0.04",",,S","9.8",",,S","28","H,,S","32",",,S",,
"IRM00040712","UROMIYEH, IR","2025-02-09","0.00",",,S","9.4",",,S","22","H,,S","31",",,S",,
"IRM00040712","UROMIYEH, IR","2025-02-10","0.00",",,S","8.7",",,S","19","H,,S","31",",,S","11",",,S"
"IRM00040712","UROMIYEH, IR","2025-02-11","0.00",",,S","7.9",",,S","19","H,,S","33",",,S","10",",,S"
"IRM00040712","UROMIYEH, IR","2025-02-12","0.00",",,S","7.5",",,S","21","H,,S","35",",,S",,
"IRM00040712","UROMIYEH, IR","2025-02-13","0.00",",,S","7.1",",,S","26","H,,S","35",",,S",,
"IRM00040712","UROMIYEH, IR","2025-02-14","0.08",",,S","8.7",",,S","31","H,,S",,,,
"IRM00040712","UROMIYEH, IR","2025-02-15","0.00",",,S","7.5",",,S","27","H,,S","38",",,S","18",",,S"
"IRM00040712","UROMIYEH, IR","2025-02-16","0.00",",,S","5.5",",,S","26","H,,S","41",",,S","15",",,S"
"IRM00040712","UROMIYEH, IR","2025-02-17","0.00",",,S","5.5",",,S","33","H,,S","45",",,S","23",",,S"
"IRM00040712","UROMIYEH, IR","2025-02-18","0.00",",,S","5.5",",,S","33","H,,S","43",",,S","23",",,S"
"IRM00040712","UROMIYEH, IR","2025-02-19","0.00",",,S","3.9",",,S","35","H,,S","45",",,S",,
"IRM00040712","UROMIYEH, IR","2025-02-20","0.00",",,S",,,"37","H,,S","47",",,S","28",",,S"
"IRM00040712","UROMIYEH, IR","2025-02-21","0.00",",,S","2.8",",,S","32","H,,S","42",",,S",,
"IRM00040712","UROMIYEH, IR","2025-02-22","0.00",",,S","2.0",",,S","26","H,,S","36",",,S",,
"IRM00040712","UROMIYEH, IR","2025-02-23","0.02",",,S","2.0",",,S","21","H,,S","30",",,S",,
"IRM00040712","UROMIYEH, IR","2025-02-24","0.00",",,S",,,"19","H,,S","27",",,S","11",",,S"
"IRM00040712","UROMIYEH, IR","2025-02-25","0.00",",,S","2.4",",,S","22","H,,S","33",",,S",,
"IRM00040712","UROMIYEH, IR","2025-02-26","0.00",",,S","2.4",",,S","24","H,,S","34",",,S","12",",,S"
"IRM00040712","UROMIYEH, IR","2025-02-27","0.00",",,S","2.4",",,S","26","H,,S","37",",,S","18",",,S"
"IRM00040712","UROMIYEH, IR","2025-02-28","0.00",",,S","2.0",",,S","27","H,,S",,,,
"IRM00040712","UROMIYEH, IR","2025-03-01","0.00",",,S",,,"31","H,,S","44",",,S","19",",,S"
"IRM00040712","UROMIYEH, IR","2025-03-02","0.00",",,S",,,"30","H,,S","42",",,S","18",",,S"
"IRM00040712","UROMIYEH, IR","2025-03-03","0.00",",,S",,,"33","H,,S","46",",,S",,
"IRM00040712","UROMIYEH, IR","2025-03-04","0.00",",,S",,,"38","H,,S",,,"25",",,S"
"IRM00040712","UROMIYEH, IR","2025-03-05","0.00",",,S",,,"41","H,,S","56",",,S","29",",,S"
"IRM00040712","UROMIYEH, IR","2025-03-06","0.00",",,S",,,"42","H,,S","58",",,S","30",",,S"
"IRM00040712","UROMIYEH, IR","2025-03-07","0.00",",,S",,,"43","H,,S","56",",,S","30",",,S"
"IRM00040712","UROMIYEH, IR","2025-03-08","0.24",",,S",,,"41","H,,S","48",",,S","38",",,S"
"IRM00040712","UROMIYEH, IR","2025-03-09","0.06",",,S",,,"42","H,,S","45",",,S","38",",,S"
"IRM00040712","UROMIYEH, IR","2025-03-10","0.00",",,S",,,"45","H,,S","54",",,S","37",",,S"
"IRM00040712","UROMIYEH, IR","2025-03-11","0.02",",,S",,,"45","H,,S","58",",,S","36",",,S"
"IRM00040712","UROMIYEH, IR","2025-03-12","0.00",",,S",,,"48","H,,S",,,"35",",,S"
"IRM00040712","UROMIYEH, IR","2025-03-13","0.00",",,S","7.1",",,S","50","H,,S","65",",,S",,
"IRM00040712","UROMIYEH, IR","2025-03-14","0.00",",,S",,,"51","H,,S",,,,
"IRM00040712","UROMIYEH, IR","2025-03-15","0.00",",,S",,,"53","H,,S","68",",,S","39",",,S"
"IRM00040712","UROMIYEH, IR","2025-03-16","0.00",",,S",,,"55","H,,S",,,"40",",,S"
"IRM00040811","AHWAZ, IR","2025-01-01","0.00",",,S",,,"55","H,,S","67",",,S",,
"IRM00040811","AHWAZ, IR","2025-01-02","0.00",",,S",,,"56","H,,S","70",",,S","45",",,S"
"IRM00040811","AHWAZ, IR","2025-01-03","0.00",",,S",,,"54","H,,S","70",",,S","42",",,S"
"IRM00040811","AHWAZ, IR","2025-01-04","0.00",",,S",,,"53","H,,S","67",",,S",,
"IRM00040811","AHWAZ, IR","2025-01-05","0.00",",,S",,,"52","H,,S","68",",,S","41",",,S"
"IRM00040811","AHWAZ, IR","2025-01-06","0.02",",,S",,,"56","H,,S","67",",,S",,
"IRM00040811","AHWAZ, IR","2025-01-07","0.04",",,S",,,"57","H,,S","63",",,S","55",",,S"
"IRM00040811","AHWAZ, IR","2025-01-08","0.06",",,S",,,"60","H,,S","70",",,S",,
"IRM00040811","AHWAZ, IR","2025-01-09","0.00",",,S",,,"61","H,,S",,,,
"IRM00040811","AHWAZ, IR","2025-01-10","0.00",",,S",,,"58","H,,S","74",",,S",,
"IRM00040811","AHWAZ, IR","2025-01-11","0.00",",,S",,,"61","H,,S","76",",,S","46",",,S"
"IRM00040811","AHWAZ, IR","2025-01-12","0.05",",,S",,,"63","H,,S","75",",,S",,
"IRM00040811","AHWAZ, IR","2025-01-13","0.00",",,S",,,"56","H,,S","67",",,S","47",",,S"
"IRM00040811","AHWAZ, IR","2025-01-14","0.00",",,S",,,"58","H,,S","70",",,S","47",",,S"
"IRM00040811","AHWAZ, IR","2025-01-15","0.00",",,S",,,"57","H,,S","74",",,S",,
"IRM00040811","AHWAZ, IR","2025-01-16","0.00",",,S",,,"58","H,,S",,,"43",",,S"
"IRM00040811","AHWAZ, IR","2025-01-17","0.00",",,S",,,"60","H,,S","72",",,S","48",",,S"
"IRM00040811","AHWAZ, IR","2025-01-18","0.00",",,S",,,"58","H,,S",,,"48",",,S"
"IRM00040811","AHWAZ, IR","2025-01-19","0.00",",,S",,,"53","H,,S","68",",,S","44",",,S"
"IRM00040811","AHWAZ, IR","2025-01-20","0.00",",,S",,,"54","H,,S","70",",,S","40",",,S"
"IRM00040811","AHWAZ, IR","2025-01-21","0.00",",,S",,,"59","H,,S","70",",,S","49",",,S"
"IRM00040811","AHWAZ, IR","2025-01-22","0.00",",,S",,,"59","H,,S","72",",,S",,
"IRM00040811","AHWAZ, IR","2025-01-23","0.00",",,S",,,"58","H,,S",,,,
"IRM00040811","AHWAZ, IR","2025-01-24","0.00",",,S",,,"57","H,,S","69",",,S","44",",,S"
"IRM00040811","AHWAZ, IR","2025-01-25","0.00",",,S",,,"60","H,,S","74",",,S","48",",,S"
"IRM00040811","AHWAZ, IR","2025-01-26","0.00",",,S",,,"62","H,,S","73",",,S",,
"IRM00040811","AHWAZ, IR","2025-01-27","0.14",",,S",,,"57","H,,S","67",",,S",,
"IRM00040811","AHWAZ, IR","2025-01-28","0.00",",,S",,,"58","H,,S",,,,
"IRM00040811","AHWAZ, IR","2025-01-29","0.00",",,S",,,"60","H,,S","74",",,S",,
"IRM00040811","AHWAZ, IR","2025-01-30","0.00",",,S",,,"59","H,,S","71",",,S",,
"IRM00040811","AHWAZ, IR","2025-01-31","0.00",",,S",,,"59","H,,S","76",",,S","45",",,S"
"IRM00040811","AHWAZ, IR","2025-02-01","0.00",",,S",,,"58","H,,S",,,,
"IRM00040811","AHWAZ, IR","2025-02-02","0.00",",,S",,,"59","H,,S",,,,
"IRM00040811","AHWAZ, IR","2025-02-03","0.00",",,S",,,"58","H,,S","72",",,S",,
"IRM00040811","AHWAZ, IR","2025-02-04","0.00",",,S",,,"56","H,,S",,,"42",",,S"
"IRM00040811","AHWAZ, IR","2025-02-05","0.00",",,S",,,"62","H,,S","76",",,S","46",",,S"
"IRM00040811","AHWAZ, IR","2025-02-06","0.09",",,S",,,"65","H,,S",,,"55",",,S"
"IRM00040811","AHWAZ, IR","2025-02-07","0.00",",,S",,,"59","H,,S","67",",,S",,
"IRM00040811","AHWAZ, IR","2025-02-08","0.00",",,S",,,"57","H,,S","68",",,S","44",",,S"
"IRM00040811","AHWAZ, IR","2025-02-09","0.00",",,S",,,"52","H,,S","63",",,S","42",",,S"
"IRM00040811","AHWAZ, IR","2025-02-10","0.00",",,S",,,"54","H,,S","66",",,S","40",",,S"
"IRM00040811","AHWAZ, IR","2025-02-11","0.00",",,S",,,"58","H,,S",,,"44",",,S"
"IRM00040811","AHWAZ, IR","2025-02-12","0.03",",,S",,,"57","H,,S",,,"51",",,S"
"IRM00040811","AHWAZ, IR","2025-02-13","0.00",",,S",,,"63","H,,S","73",",,S","55",",,S"
"IRM00040811","AHWAZ, IR","2025-02-14","0.00",",,S",,,"62","H,,S","72",",,S",,
"IRM00040811","AHWAZ, IR","2025-02-15","0.00",",,S",,,"58","H,,S","71",",,S",,
"IRM00040811","AHWAZ, IR","2025-02-16","0.00",",,S",,,"58","H,,S","73",",,S","42",",,S"
"IRM00040811","AHWAZ, IR","2025-02-17","0.00",",,S",,,"61","H,,S",,,"55",",,S"
"IRM00040811","AHWAZ, IR","2025-02-18","0.00",",,S",,,"60","H,,S","72",",,S",,
"IRM00040811","AHWAZ, IR","2025-02-19","0.00",",,S",,,"60","H,,S","76",",,S","47",",,S"
"IRM00040811","AHWAZ, IR","2025-02-20","0.06",",,S",,,"60","H,,S","72",",,S",,
"IRM00040811","AHWAZ, IR","2025-02-21","0.00",",,S",,,"65","H,,S","79",",,S","52",",,S"
"IRM00040811","AHWAZ, IR","2025-02-22","0.00",",,S",,,"67","H,,S","81",",,S","55",",,S"
"IRM00040811","AHWAZ, IR","2025-02-23","0.00",",,S",,,"59","H,,S","77",",,S",,
"IRM00040811","AHWAZ, IR","2025-02-24","0.00",",,S",,,"51","H,,S","63",",,S",,
"IRM00040811","AHWAZ, IR","2025-02-25","0.00",",,S",,,"47","H,,S","56",",,S","37",",,S"
"IRM00040811","AHWAZ, IR","2025-02-26","0.00",",,S",,,"51","H,,S","63",",,S","41",",,S"
"IRM00040811","AHWAZ, IR","2025-02-27","0.00",",,S",,,"53","H,,S",,,"37",",,S"
"IRM00040811","AHWAZ, IR","2025-02-28","0.00",",,S",,,"50","H,,S",,,,
"IRM00040811","AHWAZ, IR","2025-03-01","0.00",",,S",,,"55","H,,S","70",",,S","38",",,S"
"IRM00040811","AHWAZ, IR","2025-03-02","0.00",",,S",,,"59","H,,S",,,"46",",,S"
"IRM00040811","AHWAZ, IR","2025-03-03","0.00",",,S",,,"59","H,,S","76",",,S","44",",,S"
"IRM00040811","AHWAZ, IR","2025-03-04","0.00",",,S",,,"62","H,,S","78",",,S","42",",,S"
"IRM00040811","AHWAZ, IR","2025-03-05","0.00",",,S",,,"67","H,,S","78",",,S","56",",,S"
"IRM00040811","AHWAZ, IR","2025-03-06","0.00",",,S",,,"68","H,,S","76",",,S",,
"IRM00040811","AHWAZ, IR","2025-03-07","0.05",",,S",,,"66","H,,S","72",",,S","62",",,S"
"IRM00040811","AHWAZ, IR","2025-03-08","0.12",",,S",,,"62","H,,S","71",",,S",,
"IRM00040811","AHWAZ, IR","2025-03-09","0.00",",,S",,,"67","H,,S","81",",,S","53",",,S"
"IRM00040811","AHWAZ, IR","2025-03-10","0.00",",,S",,,"68","H,,S","81",",,S",,
"IRM00040811","AHWAZ, IR","2025-03-11","0.00",",,S",,,"66","H,,S",,,,
"IRM00040811","AHWAZ, IR","2025-03-12","0.00",",,S",,,"70","H,,S",,,"60",",,S"
"IRM00040811","AHWAZ, IR","2025-03-13","0.00",",,S",,,"72","H,,S","86",",,S",,
"IRM00040811","AHWAZ, IR","2025-03-14","0.00",",,S",,,"74","H,,S",,,"59",",,S"
"IRM00040811","AHWAZ, IR","2025-03-15","0.00",",,S",,,"75","H,,S","90",",,S","60",",,S"
"IRM00040811","AHWAZ, IR","2025-03-16","0.00",",,S",,,"77","H,,S",,,"62",",,S"
"IR000040745","MASHHAD, IR","2025-01-01","0.00",",,S",,,"38","H,,S",,,,
"IR000040745","MASHHAD, IR","2025-01-02","0.00",",,S",,,"36","H,,S",,,,
"IR000040745","MASHHAD, IR","2025-01-03","0.00",",,S",,,"36","H,,S","42",",,S","33",",,S"
"IR000040745","MASHHAD, IR","2025-01-04","0.00",",,S",,,"39","H,,S",,,,
"IR000040745","MASHHAD, IR","2025-01-05","0.00",",,S",,,"42","H,,S","54",",,S",,
"IR000040745","MASHHAD, IR","2025-01-06","0.00",",,S",,,"42","H,,S","53",",,S","28",",,S"
"IR000040745","MASHHAD, IR","2025-01-07","0.00",",,S",,,"38","H,,S","48",",,S",,
"IR000040745","MASHHAD, IR","2025-01-08","0.00",",,S",,,"35","H,,S","38",",,S",,
"IR000040745","MASHHAD, IR","2025-01-09","0.00",",,S",,,"37","H,,S","51",",,S",,
"IR000040745","MASHHAD, IR","2025-01-10","0.00",",,S",,,"37","H,,S","51",",,S","26",",,S"
"IR000040745","MASHHAD, IR","2025-01-11","0.00",",,S",,,"39","H,,S","58",",,S","25",",,S"
"IR000040745","MASHHAD, IR","2025-01-12","0.00",",,S",,,"45","H,,S","64",",,S","27",",,S"
"IR000040745","MASHHAD, IR","2025-01-13","0.00",",,S",,,"47","H,,S",,,"34",",,S"
"IR000040745","MASHHAD, IR","2025-01-14","0.00",",,S",,,"44","H,,S","52",",,S",,
"IR000040745","MASHHAD, IR","2025-01-15","0.00",",,S",,,"45","H,,S","56",",,S",,
"IR000040745","MASHHAD, IR","2025-01-16","0.00",",,S",,,"43","H,,S","55",",,S","35",",,S"
"IR000040745","MASHHAD, IR","2025-01-17","0.04",",,S",,,"37","H,,S","46",",,S",,
"IR000040745","MASHHAD, IR","2025-01-18","0.00",",,S",,,"36","H,,S",,,,
"IR000040745","MASHHAD, IR","2025-01-19","0.00",",,S",,,"39","H,,S","49",",,S","28",",,S"
"IR000040745","MASHHAD, IR","2025-01-20","0.00",",,S",,,"43","H,,S","52",",,S",,
"IR000040745","MASHHAD, IR","2025-01-21","0.01",",,S",,,"39","H,,S","47",",,S",,
"IR000040745","MASHHAD, IR","2025-01-22","0.00",",,S",,,"36","H,,S","47",",,S","25",",,S"
"IR000040745","MASHHAD, IR","2025-01-23","0.00",",,S",,,"36","H,,S","43",",,S","32",",,S"
"IR000040745","MASHHAD, IR","2025-01-24","0.00",",,S",,,"40","H,,S","56",",,S","31",",,S"
"IR000040745","MASHHAD, IR","2025-01-25","0.00",",,S",,,"45","H,,S",,,"28",",,S"
"IR000040745","MASHHAD, IR","2025-01-26","0.00",",,S",,,"41","H,,S","52",",,S",,
"IR000040745","MASHHAD, IR","2025-01-27","0.00",",,S",,,"37","H,,S",,,"31",",,S"
"IR000040745","MASHHAD, IR","2025-01-28","0.04",",,S",,,"33","H,,S","40",",,S",,
"IR000040745","MASHHAD, IR","2025-01-29","0.01",",,S",,,"35","H,,S","43",",,S",,
"IR000040745","MASHHAD, IR","2025-01-30","0.00",",,S",,,"34","H,,S","43",",,S","25",",,S"
"IR000040745","MASHHAD, IR","2025-01-31","0.00",",,S",,,"36","H,,S","49",",,S",,
"IR000040745","MASHHAD, IR","2025-02-01","0.00",",,S",,,"37","H,,S",,,,
"IR000040745","MASHHAD, IR","2025-02-02","0.00",",,S",,,"37","H,,S",,,,
"IR000040745","MASHHAD, IR","2025-02-03","0.00",",,S",,,"36","H,,S","47",",,S","26",",,S"
"IR000040745","MASHHAD, IR","2025-02-04","0.00",",,S",,,"39","H,,S","53",",,S",,
"IR000040745","MASHHAD, IR","2025-02-05","0.00",",,S",,,"43","H,,S","56",",,S",,
"IR000040745","MASHHAD, IR","2025-02-06","0.00",",,S",,,"45","H,,S","57",",,S",,
"IR000040745","MASHHAD, IR","2025-02-07","0.00",",,S",,,"47","H,,S","62",",,S",,
"IR000040745","MASHHAD, IR","2025-02-08","0.24",",,S",,,"37","H,,S","49",",,S",,
"IR000040745","MASHHAD, IR","2025-02-09","0.38",",,S","0.4",",,S","28","H,,S","39",",,S",,
"IR000040745","MASHHAD, IR","2025-02-10","0.09",",,S","5.1",",,S","25","H,,S",,,,
"IR000040745","MASHHAD, IR","2025-02-11","0.00",",,S","3.1",",,S","28","H,,S","40",",,S","15",",,S"
"IR000040745","MASHHAD, IR","2025-02-12","0.00",",,S","2.0",",,S","33","H,,S","46",",,S","21",",,S"
"IR000040745","MASHHAD, IR","2025-02-13","0.00",",,S","1.2",",,S","36","H,,S","45",",,S","26",",,S"
"IR000040745","MASHHAD, IR","2025-02-14","0.00",",,S","0.4",",,S","39","H,,S","50",",,S","28",",,S"
"IR000040745","MASHHAD, IR","2025-02-15","0.05",",,S",,,"40","H,,S",,,,
"IR000040745","MASHHAD, IR","2025-02-16","0.00",",,S",,,"40","H,,S","50",",,S",,
"IR000040745","MASHHAD, IR","2025-02-17","0.17",",,S",,,"44","H,,S",,,"37",",,S"
"IR000040745","MASHHAD, IR","2025-02-18","0.00",",,S",,,"42","H,,S","51",",,S",,
"IR000040745","MASHHAD, IR","2025-02-19","0.09",",,S",,,"44","H,,S","54",",,S","36",",,S"
"IR000040745","MASHHAD, IR","2025-02-20","0.00",",,S",,,"47","H,,S","60",",,S","35",",,S"
"IR000040745","MASHHAD, IR","2025-02-21","0.00",",,S",,,"51","H,,S","64",",,S","37",",,S"
"IR000040745","MASHHAD, IR","2025-02-22","0.00",",,S",,,"44","H,,S","58",",,S",,
"IR000040745","MASHHAD, IR","2025-02-23","0.04",",,S",,,"39","H,,S","50",",,S",,
"IR000040745","MASHHAD, IR","2025-02-24","0.03",",,S",,,"35","H,,S",,,,
"IR000040745","MASHHAD, IR","2025-02-25","0.27",",,S","0.8",",,S","29","H,,S","35",",,S",,
"IR000040745","MASHHAD, IR","2025-02-26","0.00",",,S","3.1",",,S","29","H,,S","38",",,S","17",",,S"
"IR000040745","MASHHAD, IR","2025-02-27","0.00",",,S",,,"35","H,,S","44",",,S",,
"IR000040745","MASHHAD, IR","2025-02-28","0.00",",,S",,,"35","H,,S",,,,
"IR000040745","MASHHAD, IR","2025-03-01","0.00",",,S",,,"37","H,,S","50",",,S",,
"IR000040745","MASHHAD, IR","2025-03-02","0.10",",,S",,,"26","H,,S","38",",,S",,
"IR000040745","MASHHAD, IR","2025-03-03","0.00",",,S","1.6",",,S","29","H,,S","38",",,S","18",",,S"
"IR000040745","MASHHAD, IR","2025-03-04","0.00",",,S",,,"40","H,,S",,,,
"IR000040745","MASHHAD, IR","2025-03-05","0.00",",,S",,,"46","H,,S","58",",,S","33",",,S"
"IR000040745","MASHHAD, IR","2025-03-06","0.00",",,S",,,"50","H,,S",,,,
"IR000040745","MASHHAD, IR","2025-03-07","0.00",",,S",,,"53","H,,S",,,"38",",,S"
"IR000040745","MASHHAD, IR","2025-03-08","0.00",",,S",,,"53","H,,S","64",",,S","41",",,S"
"IR000040745","MASHHAD, IR","2025-03-09","0.53",",,S",,,"46","H,,S","56",",,S",,
"IR000040745","MASHHAD, IR","2025-03-10","0.03",",,S",,,"47","H,,S",,,"42",",,S"
"IR000040745","MASHHAD, IR","2025-03-11","0.13",",,S",,,"51","H,,S","54",",,S",,
"IR000040745","MASHHAD, IR","2025-03-12","0.00",",,S",,,"51","H,,S","54",",,S",,
"IR000040745","MASHHAD, IR","2025-03-13","0.00",",,S",,,"52","H,,S","62",",,S",,
"IR000040745","MASHHAD, IR","2025-03-14","0.00",",,S",,,"53","H,,S",,,,
"IR000040745","MASHHAD, IR","2025-03-15","0.00",",,S",,,"56","H,,S","72",",,S",,
"IR000040745","MASHHAD, IR","2025-03-16","0.00",",,S",,,"59","H,,S","74",",,S","43",",,S"
"IRM00040757","SEMNAN, IR","2025-01-04","0.00",",,S",,,"38","H,,S","49",",,S",,
"IRM00040757","SEMNAN, IR","2025-01-05","0.00",",,S",,,"38","H,,S","49",",,S","30",",,S"
"IRM00040757","SEMNAN, IR","2025-01-06","0.00",",,S",,,"39","H,,S",,,"29",",,S"
"IRM00040757","SEMNAN, IR","2025-01-20","0.00",",,S",,,"42","H,,S","49",",,S","31",",,S"
"IRM00040757","SEMNAN, IR","2025-02-07","0.04",",,S",,,"44","H,,S","47",",,S",,
"IRM00040757","SEMNAN, IR","2025-02-08","0.00",",,S",,,"42","H,,S","50",",,S","37",",,S"
"IRM00040757","SEMNAN, IR","2025-02-09","0.00",",,S",,,"36","H,,S","42",",,S",,
"IRM00040757","SEMNAN, IR","2025-02-10","0.00",",,S",,,"30","H,,S",,,"23",",,S"
"IRM00040757","SEMNAN, IR","2025-02-11","0.00",",,S",,,"38","H,,S","43",",,S","30",",,S"
"IRM00040757","SEMNAN, IR","2025-02-14","0.00",",,S",,,"41","H,,S","47",",,S",,
"IRM00040757","SEMNAN, IR","2025-02-19","0.00",",,S",,,"51","H,,S","56",",,S","36",",,S"
"IRM00040757","SEMNAN, IR","2025-02-23","0.00",",,S",,,"49","H,,S","61",",,S",,
"IRM00040757","SEMNAN, IR","2025-02-27","0.00",",,S",,,"35","H,,S","50",",,S","25",",,S"
"IRM00040757","SEMNAN, IR","2025-03-03","0.00",",,S",,,"38","H,,S","44",",,S","24",",,S"
"IRM00040757","SEMNAN, IR","2025-03-07","0.00",",,S",,,"60","H,,S","65",",,S","43",",,S"
"IRM00040738","GORGAN, IR","2025-01-01","0.00",",,S",,,"44","H,,S","51",",,S",,
"IRM00040738","GORGAN, IR","2025-01-02","0.00",",,S",,,"42","H,,S","56",",,S","29",",,S"
"IRM00040738","GORGAN, IR","2025-01-03","0.00",",,S",,,"43","H,,S",,,"27",",,S"
"IRM00040738","GORGAN, IR","2025-01-04","0.00",",,S",,,"42","H,,S","63",",,S","30",",,S"
"IRM00040738","GORGAN, IR","2025-01-05","0.00",",,S",,,"44","H,,S","66",",,S","27",",,S"
"IRM00040738","GORGAN, IR","2025-01-06","0.00",",,S",,,"43","H,,S",,,"28",",,S"
"IRM00040738","GORGAN, IR","2025-01-07","0.00",",,S",,,"46","H,,S","58",",,S","35",",,S"
"IRM00040738","GORGAN, IR","2025-01-08","0.00",",,S",,,"43","H,,S","57",",,S","32",",,S"
"IRM00040738","GORGAN, IR","2025-01-09","0.00",",,S",,,"44","H,,S","59",",,S",,
"IRM00040738","GORGAN, IR","2025-01-10","0.00",",,S",,,"43","H,,S","59",",,S","31",",,S"
"IRM00040738","GORGAN, IR","2025-01-11","0.00",",,S",,,"44","H,,S","62",",,S","29",",,S"
"IRM00040738","GORGAN, IR","2025-01-12","0.00",",,S",,,"47","H,,S","62",",,S","31",",,S"
"IRM00040738","GORGAN, IR","2025-01-13","0.00",",,S",,,"50","H,,S","60",",,S",,
"IRM00040738","GORGAN, IR","2025-01-14","0.00",",,S",,,"47","H,,S","65",",,S","32",",,S"
"IRM00040738","GORGAN, IR","2025-01-15","0.00",",,S",,,"47","H,,S","53",",,S","36",",,S"
"IRM00040738","GORGAN, IR","2025-01-16","0.00",",,S",,,"45","H,,S","54",",,S","33",",,S"
"IRM00040738","GORGAN, IR","2025-01-17","0.39",",,S",,,"45","H,,S","50",",,S",,
"IRM00040738","GORGAN, IR","2025-01-18","0.00",",,S",,,"46","H,,S","59",",,S","36",",,S"
"IRM00040738","GORGAN, IR","2025-01-19","0.00",",,S",,,"46","H,,S","57",",,S",,
"IRM00040738","GORGAN, IR","2025-01-20","0.00",",,S",,,"47","H,,S",,,"29",",,S"
"IRM00040738","GORGAN, IR","2025-01-21","0.09",",,S",,,"45","H,,S","56",",,S",,
"IRM00040738","GORGAN, IR","2025-01-22","0.00",",,S",,,"42","H,,S","56",",,S","30",",,S"
"IRM00040738","GORGAN, IR","2025-01-23","0.00",",,S",,,"40","H,,S","54",",,S",,
"IRM00040738","GORGAN, IR","2025-01-24","0.00",",,S",,,"44","H,,S","58",",,S","31",",,S"
"IRM00040738","GORGAN, IR","2025-01-25","0.00",",,S",,,"45","H,,S",,,"32",",,S"
"IRM00040738","GORGAN, IR","2025-01-26","0.00",",,S",,,"46","H,,S",,,"37",",,S"
"IRM00040738","GORGAN, IR","2025-01-27","0.09",",,S",,,"47","H,,S","54",",,S","41",",,S"
"IRM00040738","GORGAN, IR","2025-01-28","0.24",",,S",,,"44","H,,S","50",",,S",,
"IRM00040738","GORGAN, IR","2025-01-29","0.00",",,S",,,"41","H,,S","55",",,S","31",",,S"
"IRM00040738","GORGAN, IR","2025-01-30","0.00",",,S",,,"41","H,,S","55",",,S",,
"IRM00040738","GORGAN, IR","2025-01-31","0.00",",,S",,,"42","H,,S",,,"28",",,S"
"IRM00040738","GORGAN, IR","2025-02-01","0.00",",,S",,,"46","H,,S",,,,
"IRM00040738","GORGAN, IR","2025-02-02","0.00",",,S",,,"46","H,,S",,,,
"IRM00040738","GORGAN, IR","2025-02-03","0.00",",,S",,,"42","H,,S","57",",,S","29",",,S"
"IRM00040738","GORGAN, IR","2025-02-04","0.00",",,S",,,"43","H,,S","60",",,S","29",",,S"
"IRM00040738","GORGAN, IR","2025-02-05","0.00",",,S",,,"43","H,,S","59",",,S",,
"IRM00040738","GORGAN, IR","2025-02-06","0.02",",,S",,,"47","H,,S","56",",,S","34",",,S"
"IRM00040738","GORGAN, IR","2025-02-07","0.00",",,S",,,"47","H,,S","52",",,S",,
"IRM00040738","GORGAN, IR","2025-02-08","0.15",",,S",,,"41","H,,S","47",",,S",,
"IRM00040738","GORGAN, IR","2025-02-09","0.18",",,S",,,"36","H,,S","41",",,S",,
"IRM00040738","GORGAN, IR","2025-02-10","0.00",",,S",,,"40","H,,S","48",",,S","32",",,S"
"IRM00040738","GORGAN, IR","2025-02-11","0.02",",,S",,,"41","H,,S","52",",,S","30",",,S"
"IRM00040738","GORGAN, IR","2025-02-12","0.00",",,S",,,"40","H,,S","54",",,S","28",",,S"
"IRM00040738","GORGAN, IR","2025-02-13","0.00",",,S",,,"40","H,,S","54",",,S","30",",,S"
"IRM00040738","GORGAN, IR","2025-02-14","0.06",",,S",,,"47","H,,S",,,"27",",,S"
"IRM00040738","GORGAN, IR","2025-02-15","0.09",",,S",,,"47","H,,S","58",",,S",,
"IRM00040738","GORGAN, IR","2025-02-16","0.00",",,S",,,"45","H,,S","63",",,S","31",",,S"
"IRM00040738","GORGAN, IR","2025-02-17","0.00",",,S",,,"46","H,,S","54",",,S","32",",,S"
"IRM00040738","GORGAN, IR","2025-02-18","0.00",",,S",,,"47","H,,S","59",",,S",,
"IRM00040738","GORGAN, IR","2025-02-19","0.00",",,S",,,"48","H,,S","65",",,S","31",",,S"
"IRM00040738","GORGAN, IR","2025-02-20","0.00",",,S",,,"52","H,,S","61",",,S","39",",,S"
"IRM00040738","GORGAN, IR","2025-02-21","0.11",",,S",,,"48","H,,S","53",",,S",,
"IRM00040738","GORGAN, IR","2025-02-22","0.07",",,S",,,"42","H,,S","46",",,S",,
"IRM00040738","GORGAN, IR","2025-02-23","0.13",",,S",,,"42","H,,S","45",",,S",,
"IRM00040738","GORGAN, IR","2025-02-24","0.09",",,S",,,"41","H,,S","49",",,S",,
"IRM00040738","GORGAN, IR","2025-02-25","0.00",",,S",,,"37","H,,S","47",",,S",,
"IRM00040738","GORGAN, IR","2025-02-26","0.00",",,S",,,"38","H,,S","54",",,S","22",",,S"
"IRM00040738","GORGAN, IR","2025-02-27","0.00",",,S",,,"40","H,,S","55",",,S",,
"IRM00040738","GORGAN, IR","2025-02-28","0.00",",,S",,,"39","H,,S",,,"26",",,S"
"IRM00040738","GORGAN, IR","2025-03-01","0.09",",,S",,,"38","H,,S","50",",,S","26",",,S"
"IRM00040738","GORGAN, IR","2025-03-02","0.03",",,S",,,"36","H,,S","46",",,S",,
"IRM00040738","GORGAN, IR","2025-03-03","0.00",",,S",,,"41","H,,S","58",",,S",,
"IRM00040738","GORGAN, IR","2025-03-04","0.00",",,S",,,"49","H,,S","65",",,S","31",",,S"
"IRM00040738","GORGAN, IR","2025-03-05","0.00",",,S",,,"48","H,,S","61",",,S",,
"IRM00040738","GORGAN, IR","2025-03-06","0.00",",,S",,,"47","H,,S","63",",,S",,
"IRM00040738","GORGAN, IR","2025-03-07","0.00",",,S",,,"51","H,,S","67",",,S","32",",,S"
"IRM00040738","GORGAN, IR","2025-03-08","0.03",",,S",,,"53","H,,S","62",",,S","44",",,S"
"IRM00040738","GORGAN, IR","2025-03-09","0.57",",,S",,,"50","H,,S","61",",,S",,
"IRM00040738","GORGAN, IR","2025-03-10","0.00",",,S",,,"51","H,,S","66",",,S","37",",,S"
"IRM00040738","GORGAN, IR","2025-03-11","0.00",",,S",,,"54","H,,S","69",",,S","39",",,S"
"IRM00040738","GORGAN, IR","2025-03-12","0.00",",,S",,,"56","H,,S","72",",,S",,
"IRM00040738","GORGAN, IR","2025-03-13","0.00",",,S",,,"58","H,,S","78",",,S","41",",,S"
"IRM00040738","GORGAN, IR","2025-03-14","0.00",",,S",,,"60","H,,S","82",",,S","40",",,S"
"IRM00040738","GORGAN, IR","2025-03-15","0.00",",,S",,,"59","H,,S",,,"40",",,S"
"IRM00040738","GORGAN, IR","2025-03-16","0.00",",,S",,,"63","H,,S","83",",,S","38",",,S"
"IR000040848","SHIRAZ, IR","2025-01-01","0.27",",,S",,,"46","H,,S","55",",,S",,
"IR000040848","SHIRAZ, IR","2025-01-02","0.00",",,S",,,"39","H,,S","47",",,S",,
"IR000040848","SHIRAZ, IR","2025-01-03","0.00",",,S",,,"34","H,,S",,,,
"IR000040848","SHIRAZ, IR","2025-01-04","0.00",",,S",,,"35","H,,S","50",",,S","23",",,S"
"IR000040848","SHIRAZ, IR","2025-01-05","0.00",",,S",,,"37","H,,S","54",",,S","23",",,S"
"IR000040848","SHIRAZ, IR","2025-01-06","0.00",",,S",,,"42","H,,S","58",",,S","28",",,S"
"IR000040848","SHIRAZ, IR","2025-01-07","0.00",",,S",,,"45","H,,S","58",",,S","35",",,S"
"IR000040848","SHIRAZ, IR","2025-01-08","0.00",",,S",,,"47","H,,S","59",",,S","35",",,S"
"IR000040848","SHIRAZ, IR","2025-01-09","0.00",",,S",,,"44","H,,S",,,"32",",,S"
"IR000040848","SHIRAZ, IR","2025-01-10","0.00",",,S",,,"44","H,,S","60",",,S","31",",,S"
"IR000040848","SHIRAZ, IR","2025-01-11","0.00",",,S",,,"45","H,,S",,,"29",",,S"
"IR000040848","SHIRAZ, IR","2025-01-12","0.00",",,S",,,"45","H,,S","58",",,S","33",",,S"
"IR000040848","SHIRAZ, IR","2025-01-13","0.00",",,S",,,"46","H,,S",,,"31",",,S"
"IR000040848","SHIRAZ, IR","2025-01-14","0.00",",,S",,,"44","H,,S","59",",,S","29",",,S"
"IR000040848","SHIRAZ, IR","2025-01-15","0.00",",,S",,,"45","H,,S",,,"27",",,S"
"IR000040848","SHIRAZ, IR","2025-01-16","0.00",",,S",,,"47","H,,S","64",",,S","29",",,S"
"IR000040848","SHIRAZ, IR","2025-01-17","0.00",",,S",,,"48","H,,S","60",",,S","38",",,S"
"IR000040848","SHIRAZ, IR","2025-01-18","0.00",",,S",,,"44","H,,S","55",",,S",,
"IR000040848","SHIRAZ, IR","2025-01-19","0.00",",,S",,,"41","H,,S",,,"26",",,S"
"IR000040848","SHIRAZ, IR","2025-01-20","0.00",",,S",,,"43","H,,S","56",",,S","32",",,S"
"IR000040848","SHIRAZ, IR","2025-01-21","0.00",",,S",,,"43","H,,S","54",",,S",,
"IR000040848","SHIRAZ, IR","2025-01-22","0.00",",,S",,,"39","H,,S","54",",,S","25",",,S"
"IR000040848","SHIRAZ, IR","2025-01-23","0.00",",,S",,,"41","H,,S","56",",,S",,
"IR000040848","SHIRAZ, IR","2025-01-24","0.00",",,S",,,"43","H,,S","59",",,S","26",",,S"
"IR000040848","SHIRAZ, IR","2025-01-25","0.00",",,S",,,"45","H,,S",,,"25",",,S"
"IR000040848","SHIRAZ, IR","2025-01-26","0.00",",,S",,,"48","H,,S",,,"30",",,S"
"IR000040848","SHIRAZ, IR","2025-01-27","0.25",",,S",,,"47","H,,S","58",",,S",,
"IR000040848","SHIRAZ, IR","2025-01-28","0.00",",,S",,,"46","H,,S","59",",,S","33",",,S"
"IR000040848","SHIRAZ, IR","2025-01-29","0.00",",,S",,,"44","H,,S","56",",,S","32",",,S"
"IR000040848","SHIRAZ, IR","2025-01-30","0.06",",,S",,,"47","H,,S","59",",,S","36",",,S"
"IR000040848","SHIRAZ, IR","2025-01-31","0.07",",,S",,,"43","H,,S","54",",,S",,
"IR000040848","SHIRAZ, IR","2025-02-01","0.00",",,S",,,"43","H,,S",,,,
"IR000040848","SHIRAZ, IR","2025-02-02","0.00",",,S",,,"43","H,,S",,,,
"IR000040848","SHIRAZ, IR","2025-02-03","0.00",",,S",,,"44","H,,S","55",",,S",,
"IR000040848","SHIRAZ, IR","2025-02-04","0.00",",,S",,,"46","H,,S","61",",,S","29",",,S"
"IR000040848","SHIRAZ, IR","2025-02-05","0.00",",,S",,,"47","H,,S","65",",,S","28",",,S"
"IR000040848","SHIRAZ, IR","2025-02-06","0.00",",,S",,,"49","H,,S","56",",,S","40",",,S"
"IR000040848","SHIRAZ, IR","2025-02-07","0.06",",,S",,,"51","H,,S","62",",,S",,
"IR000040848","SHIRAZ, IR","2025-02-08","0.00",",,S",,,"51","H,,S","62",",,S","42",",,S"
"IR000040848","SHIRAZ, IR","2025-02-09","0.00",",,S",,,"44","H,,S","62",",,S",,
"IR000040848","SHIRAZ, IR","2025-02-10","0.00",",,S",,,"43","H,,S","57",",,S","23",",,S"
"IR000040848","SHIRAZ, IR","2025-02-11","0.16",",,S",,,"42","H,,S","52",",,S",,
"IR000040848","SHIRAZ, IR","2025-02-12","1.07",",,S",,,"44","H,,S",,,,
"IR000040848","SHIRAZ, IR","2025-02-13","2.16",",,S",,,"46","H,,S","48",",,S","42",",,S"
"IR000040848","SHIRAZ, IR","2025-02-14","0.13",",,S",,,"50","H,,S",,,,
"IR000040848","SHIRAZ, IR","2025-02-15","0.00",",,S",,,"47","H,,S","58",",,S","36",",,S"
"IR000040848","SHIRAZ, IR","2025-02-16","0.10",",,S",,,"49","H,,S","59",",,S","35",",,S"
"IR000040848","SHIRAZ, IR","2025-02-17","0.06",",,S",,,"51","H,,S","60",",,S",,
"IR000040848","SHIRAZ, IR","2025-02-18","0.00",",,S",,,"48","H,,S","63",",,S",,
"IR000040848","SHIRAZ, IR","2025-02-19","0.00",",,S",,,"45","H,,S","58",",,S","32",",,S"
"IR000040848","SHIRAZ, IR","2025-02-20","0.10",",,S",,,"42","H,,S","49",",,S",,
"IR000040848","SHIRAZ, IR","2025-02-21","0.02",",,S",,,"47","H,,S","63",",,S","33",",,S"
"IR000040848","SHIRAZ, IR","2025-02-22","0.00",",,S",,,"50","H,,S","66",",,S","33",",,S"
"IR000040848","SHIRAZ, IR","2025-02-23","0.30",",,S",,,"49","H,,S","56",",,S","46",",,S"
"IR000040848","SHIRAZ, IR","2025-02-24","0.00",",,S",,,"49","H,,S","57",",,S",,
"IR000040848","SHIRAZ, IR","2025-02-25","0.00",",,S",,,"43","H,,S","50",",,S",,
"IR000040848","SHIRAZ, IR","2025-02-26","0.00",",,S",,,"43","H,,S","56",",,S","26",",,S"
"IR000040848","SHIRAZ, IR","2025-02-27","0.00",",,S",,,"47","H,,S","58",",,S",,
"IR000040848","SHIRAZ, IR","2025-02-28","0.00",",,S",,,"42","H,,S",,,"29",",,S"
"IR000040848","SHIRAZ, IR","2025-03-01","0.00",",,S",,,"47","H,,S",,,"26",",,S"
"IR000040848","SHIRAZ, IR","2025-03-02","0.00",",,S",,,"46","H,,S","55",",,S",,
"IR000040848","SHIRAZ, IR","2025-03-03","0.00",",,S",,,"45","H,,S","60",",,S",,
"IR000040848","SHIRAZ, IR","2025-03-04","0.46",",,S",,,"46","H,,S","62",",,S","28",",,S"
"IR000040848","SHIRAZ, IR","2025-03-05","0.79",",,S",,,"45","H,,S","49",",,S",,
"IR000040848","SHIRAZ, IR","2025-03-06","0.89",",,S",,,"48","H,,S",,,,
"IR000040848","SHIRAZ, IR","2025-03-07","1.44",",,S",,,"49","H,,S","51",",,S",,
"IR000040848","SHIRAZ, IR","2025-03-08","0.22",",,S",,,"51","H,,S","58",",,S",,
"IR000040848","SHIRAZ, IR","2025-03-09","0.05",",,S",,,"56","H,,S","69",",,S",,
"IR000040848","SHIRAZ, IR","2025-03-10","0.03",",,S",,,"53","H,,S","65",",,S","42",",,S"
"IR000040848","SHIRAZ, IR","2025-03-11","0.01",",,S",,,"54","H,,S",,,"41",",,S"
"IR000040848","SHIRAZ, IR","2025-03-12","0.00",",,S",,,"55","H,,S","66",",,S","40",",,S"
"IR000040848","SHIRAZ, IR","2025-03-13","0.00",",,S",,,"56","H,,S","67",",,S",,
"IR000040848","SHIRAZ, IR","2025-03-14","0.00",",,S",,,"54","H,,S","67",",,S",,
"IR000040848","SHIRAZ, IR","2025-03-15","0.00",",,S",,,"56","H,,S","69",",,S","41",",,S"
"IR000040848","SHIRAZ, IR","2025-03-16","0.00",",,S",,,"58","H,,S","71",",,S","40",",,S"
"IR000040706","TABRIZ, IR","2025-01-01","0.00",",,S",,,"32","H,,S","43",",,S","22",",,S"
"IR000040706","TABRIZ, IR","2025-01-02","0.00",",,S",,,"31","H,,S","43",",,S","22",",,S"
"IR000040706","TABRIZ, IR","2025-01-03","0.00",",,S",,,"29","H,,S","40",",,S",,
"IR000040706","TABRIZ, IR","2025-01-04","0.00",",,S",,,"29","H,,S",,,"17",",,S"
"IR000040706","TABRIZ, IR","2025-01-05","0.00",",,S",,,"32","H,,S","43",",,S","19",",,S"
"IR000040706","TABRIZ, IR","2025-01-06","0.02",",,S","0.4",",,S","36","H,,S","45",",,S",,
"IR000040706","TABRIZ, IR","2025-01-07","0.00",",,S",,,"32","H,,S","45",",,S","23",",,S"
"IR000040706","TABRIZ, IR","2025-01-08","0.00",",,S",,,"29","H,,S","39",",,S","19",",,S"
"IR000040706","TABRIZ, IR","2025-01-09","0.00",",,S",,,"32","H,,S","35",",,S","22",",,S"
"IR000040706","TABRIZ, IR","2025-01-10","0.00",",,S",,,"30","H,,S","33",",,S","27",",,S"
"IR000040706","TABRIZ, IR","2025-01-11","0.00",",,S",,,"32","H,,S","35",",,S","29",",,S"
"IR000040706","TABRIZ, IR","2025-01-12","0.08",",,S","0.8",",,S","32","H,,S","35",",,S",,
"IR000040706","TABRIZ, IR","2025-01-13","0.00",",,S",,,"33","H,,S",,,,
"IR000040706","TABRIZ, IR","2025-01-14","0.00",",,S",,,"31","H,,S","34",",,S","28",",,S"
"IR000040706","TABRIZ, IR","2025-01-15","0.00",",,S",,,"32","H,,S","35",",,S",,
"IR000040706","TABRIZ, IR","2025-01-16","0.00",",,S",,,"31","H,,S",,,,
"IR000040706","TABRIZ, IR","2025-01-17","0.00",",,S",,,"33","H,,S","43",",,S","26",",,S"
"IR000040706","TABRIZ, IR","2025-01-18","0.00",",,S",,,"31","H,,S","39",",,S","20",",,S"
"IR000040706","TABRIZ, IR","2025-01-19","0.00",",,S",,,"32","H,,S","42",",,S","20",",,S"
"IR000040706","TABRIZ, IR","2025-01-20","0.02",",,S","0.4",",,S","31","H,,S","40",",,S",,
"IR000040706","TABRIZ, IR","2025-01-21","0.00",",,S",,,"27","H,,S","38",",,S","17",",,S"
"IR000040706","TABRIZ, IR","2025-01-22","0.00",",,S",,,"28","H,,S","41",",,S","18",",,S"
"IR000040706","TABRIZ, IR","2025-01-23","0.00",",,S",,,"31","H,,S","42",",,S","18",",,S"
"IR000040706","TABRIZ, IR","2025-01-24","0.00",",,S",,,"35","H,,S","45",",,S",,
"IR000040706","TABRIZ, IR","2025-01-25","0.00",",,S",,,"34","H,,S","45",",,S","25",",,S"
"IR000040706","TABRIZ, IR","2025-01-26","0.00",",,S",,,"37","H,,S","47",",,S","24",",,S"
"IR000040706","TABRIZ, IR","2025-01-27","0.00",",,S",,,"37","H,,S","45",",,S",,
"IR000040706","TABRIZ, IR","2025-01-28","0.00",",,S",,,"34","H,,S","43",",,S",,
"IR000040706","TABRIZ, IR","2025-01-29","0.00",",,S",,,"32","H,,S",,,,
"IR000040706","TABRIZ, IR","2025-01-30","0.00",",,S",,,"32","H,,S","45",",,S",,
"IR000040706","TABRIZ, IR","2025-01-31","0.00",",,S",,,"32","H,,S",,,,
"IR000040706","TABRIZ, IR","2025-02-01","0.00",",,S",,,"34","H,,S",,,,
"IR000040706","TABRIZ, IR","2025-02-02","0.00",",,S",,,"34","H,,S",,,,
"IR000040706","TABRIZ, IR","2025-02-03","0.00",",,S",,,"34","H,,S","47",",,S",,
"IR000040706","TABRIZ, IR","2025-02-04","0.00",",,S",,,"35","H,,S","47",",,S","24",",,S"
"IR000040706","TABRIZ, IR","2025-02-05","0.01",",,S",,,"38","H,,S","49",",,S",,
"IR000040706","TABRIZ, IR","2025-02-06","0.00",",,S",,,"37","H,,S","44",",,S",,
"IR000040706","TABRIZ, IR","2025-02-07","0.00",",,S",,,"31","H,,S","36",",,S",,
"IR000040706","TABRIZ, IR","2025-02-08","0.00",",,S",,,"27","H,,S","34",",,S",,
"IR000040706","TABRIZ, IR","2025-02-09","0.00",",,S",,,"25","H,,S","33",",,S",,
"IR000040706","TABRIZ, IR","2025-02-10","0.00",",,S",,,"23","H,,S","34",",,S","15",",,S"
"IR000040706","TABRIZ, IR","2025-02-11","0.00",",,S",,,"24","H,,S","36",",,S","16",",,S"
"IR000040706","TABRIZ, IR","2025-02-12","0.00",",,S",,,"27","H,,S","40",",,S","16",",,S"
"IR000040706","TABRIZ, IR","2025-02-13","0.00",",,S",,,"31","H,,S",,,,
"IR000040706","TABRIZ, IR","2025-02-14","0.08",",,S",,,"33","H,,S","41",",,S",,
"IR000040706","TABRIZ, IR","2025-02-15","0.00",",,S",,,"29","H,,S","41",",,S","17",",,S"
"IR000040706","TABRIZ, IR","2025-02-16","0.00",",,S",,,"31","H,,S","44",",,S","20",",,S"
"IR000040706","TABRIZ, IR","2025-02-17","0.00",",,S",,,"35","H,,S","47",",,S","25",",,S"
"IR000040706","TABRIZ, IR","2025-02-18","0.00",",,S",,,"35","H,,S","49",",,S","19",",,S"
"IR000040706","TABRIZ, IR","2025-02-19","0.00",",,S",,,"40","H,,S","51",",,S","27",",,S"
"IR000040706","TABRIZ, IR","2025-02-20","0.03",",,S",,,"39","H,,S","45",",,S",,
"IR000040706","TABRIZ, IR","2025-02-21","0.17",",,S",,,"30","H,,S","38",",,S",,
"IR000040706","TABRIZ, IR","2025-02-22","0.00",",,S","0.4",",,S","27","H,,S","40",",,S","15",",,S"
"IR000040706","TABRIZ, IR","2025-02-23","0.06",",,S",,,"20","H,,S","33",",,S",,
"IR000040706","TABRIZ, IR","2025-02-24","0.00",",,S","0.8",",,S","15","H,,S","24",",,S",,
"IR000040706","TABRIZ, IR","2025-02-25","0.00",",,S","0.4",",,S","20","H,,S","31",",,S","4",",,S"
"IR000040706","TABRIZ, IR","2025-02-26","0.00",",,S",,,"25","H,,S","34",",,S","13",",,S"
"IR000040706","TABRIZ, IR","2025-02-27","0.00",",,S",,,"25","H,,S","35",",,S",,
"IR000040706","TABRIZ, IR","2025-02-28","0.00",",,S",,,"25","H,,S",,,"13",",,S"
"IR000040706","TABRIZ, IR","2025-03-01","0.00",",,S",,,"30","H,,S","41",",,S",,
"IR000040706","TABRIZ, IR","2025-03-02","0.00",",,S",,,"29","H,,S","40",",,S","19",",,S"
"IR000040706","TABRIZ, IR","2025-03-03","0.00",",,S",,,"33","H,,S",,,,
"IR000040706","TABRIZ, IR","2025-03-04","0.00",",,S",,,"39","H,,S","52",",,S","26",",,S"
"IR000040706","TABRIZ, IR","2025-03-05","0.00",",,S",,,"41","H,,S","54",",,S","30",",,S"
"IR000040706","TABRIZ, IR","2025-03-06","0.00",",,S",,,"42","H,,S","56",",,S","29",",,S"
"IR000040706","TABRIZ, IR","2025-03-07","0.00",",,S",,,"47","H,,S","60",",,S","30",",,S"
"IR000040706","TABRIZ, IR","2025-03-08","0.11",",,S",,,"46","H,,S",,,,
"IR000040706","TABRIZ, IR","2025-03-09","0.00",",,S",,,"45","H,,S","53",",,S",,
"IR000040706","TABRIZ, IR","2025-03-10","0.04",",,S",,,"47","H,,S","56",",,S","38",",,S"
"IR000040706","TABRIZ, IR","2025-03-11","0.00",",,S",,,"47","H,,S","59",",,S",,
"IR000040706","TABRIZ, IR","2025-03-12","0.00",",,S",,,"49","H,,S","62",",,S","36",",,S"
"IR000040706","TABRIZ, IR","2025-03-13","0.00",",,S",,,"50","H,,S","65",",,S","37",",,S"
"IR000040706","TABRIZ, IR","2025-03-14","0.00",",,S",,,"52","H,,S","68",",,S","37",",,S"
"IR000040706","TABRIZ, IR","2025-03-15","0.00",",,S",,,"54","H,,S","70",",,S","40",",,S"
"IR000040706","TABRIZ, IR","2025-03-16","0.00",",,S",,,"56","H,,S","70",",,S","41",",,S"
"IR000408560","ZAHEDAN, IR","2025-01-01","0.01",",,S",,,"45","H,,S",,,"39",",,S"
"IR000408560","ZAHEDAN, IR","2025-01-02","0.06",",,S",,,"37","H,,S","44",",,S",,
"IR000408560","ZAHEDAN, IR","2025-01-03","0.00",",,S",,,"35","H,,S","46",",,S",,
"IR000408560","ZAHEDAN, IR","2025-01-04","0.00",",,S",,,"34","H,,S",,,"21",",,S"
"IR000408560","ZAHEDAN, IR","2025-01-05","0.00",",,S",,,"36","H,,S",,,,
"IR000408560","ZAHEDAN, IR","2025-01-06","0.00",",,S",,,"37","H,,S","55",",,S","20",",,S"
"IR000408560","ZAHEDAN, IR","2025-01-07","0.00",",,S",,,"38","H,,S","54",",,S","23",",,S"
"IR000408560","ZAHEDAN, IR","2025-01-08","0.00",",,S",,,"41","H,,S",,,"24",",,S"
"IR000408560","ZAHEDAN, IR","2025-01-09","0.00",",,S",,,"42","H,,S","54",",,S",,
"IR000408560","ZAHEDAN, IR","2025-01-10","0.00",",,S",,,"41","H,,S","56",",,S","26",",,S"
"IR000408560","ZAHEDAN, IR","2025-01-11","0.00",",,S",,,"44","H,,S","63",",,S","26",",,S"
"IR000408560","ZAHEDAN, IR","2025-01-12","0.00",",,S",,,"46","H,,S",,,,
"IR000408560","ZAHEDAN, IR","2025-01-13","0.00",",,S",,,"48","H,,S","62",",,S","34",",,S"
"IR000408560","ZAHEDAN, IR","2025-01-14","0.00",",,S",,,"46","H,,S","59",",,S","31",",,S"
"IR000408560","ZAHEDAN, IR","2025-01-15","0.00",",,S",,,"42","H,,S","58",",,S",,
"IR000408560","ZAHEDAN, IR","2025-01-16","0.00",",,S",,,"46","H,,S","61",",,S","26",",,S"
"IR000408560","ZAHEDAN, IR","2025-01-17","0.01",",,S",,,"51","H,,S","62",",,S",,
"IR000408560","ZAHEDAN, IR","2025-01-18","0.47",",,S",,,"39","H,,S","54",",,S","34",",,S"
"IR000408560","ZAHEDAN, IR","2025-01-19","0.00",",,S",,,"41","H,,S","48",",,S","35",",,S"
"IR000408560","ZAHEDAN, IR","2025-01-20","0.00",",,S",,,"44","H,,S","58",",,S",,
"IR000408560","ZAHEDAN, IR","2025-01-21","0.02",",,S",,,"45","H,,S","57",",,S","35",",,S"
"IR000408560","ZAHEDAN, IR","2025-01-22","0.04",",,S",,,"41","H,,S","49",",,S",,
"IR000408560","ZAHEDAN, IR","2025-01-23","0.00",",,S",,,"38","H,,S","51",",,S",,
"IR000408560","ZAHEDAN, IR","2025-01-24","0.00",",,S",,,"39","H,,S",,,"24",",,S"
"IR000408560","ZAHEDAN, IR","2025-01-25","0.00",",,S",,,"43","H,,S",,,"24",",,S"
"IR000408560","ZAHEDAN, IR","2025-01-26","0.00",",,S",,,"46","H,,S","62",",,S","27",",,S"
"IR000408560","ZAHEDAN, IR","2025-01-27","0.00",",,S",,,"46","H,,S","62",",,S","28",",,S"
"IR000408560","ZAHEDAN, IR","2025-01-28","0.00",",,S",,,"54","H,,S","67",",,S","39",",,S"
"IR000408560","ZAHEDAN, IR","2025-01-29","0.00",",,S",,,"44","H,,S","54",",,S",,
"IR000408560","ZAHEDAN, IR","2025-01-30","0.00",",,S",,,"40","H,,S","53",",,S","26",",,S"
"IR000408560","ZAHEDAN, IR","2025-01-31","0.00",",,S",,,"38","H,,S","48",",,S",,
"IR000408560","ZAHEDAN, IR","2025-02-01","0.00",",,S",,,"40","H,,S",,,,
"IR000408560","ZAHEDAN, IR","2025-02-02","0.00",",,S",,,"40","H,,S",,,,
"IR000408560","ZAHEDAN, IR","2025-02-03","0.00",",,S",,,"43","H,,S","57",",,S","28",",,S"
"IR000408560","ZAHEDAN, IR","2025-02-04","0.00",",,S",,,"43","H,,S","61",",,S",,
"IR000408560","ZAHEDAN, IR","2025-02-05","0.00",",,S",,,"47","H,,S","63",",,S","29",",,S"
"IR000408560","ZAHEDAN, IR","2025-02-06","0.00",",,S",,,"49","H,,S","60",",,S","31",",,S"
"IR000408560","ZAHEDAN, IR","2025-02-07","0.00",",,S",,,"58","H,,S","63",",,S","49",",,S"
"IR000408560","ZAHEDAN, IR","2025-02-08","0.00",",,S",,,"56","H,,S","67",",,S",,
"IR000408560","ZAHEDAN, IR","2025-02-09","0.04",",,S",,,"56","H,,S","65",",,S","43",",,S"
"IR000408560","ZAHEDAN, IR","2025-02-10","0.00",",,S",,,"49","H,,S",,,,
"IR000408560","ZAHEDAN, IR","2025-02-11","0.00",",,S",,,"47","H,,S","62",",,S","33",",,S"
"IR000408560","ZAHEDAN, IR","2025-02-12","0.00",",,S",,,"51","H,,S","62",",,S","40",",,S"
"IR000408560","ZAHEDAN, IR","2025-02-13","0.02",",,S",,,"59","H,,S","68",",,S","47",",,S"
"IR000408560","ZAHEDAN, IR","2025-02-14","0.00",",,S",,,"53","H,,S","67",",,S",,
"IR000408560","ZAHEDAN, IR","2025-02-15","0.00",",,S",,,"57","H,,S","71",",,S","38",",,S"
"IR000408560","ZAHEDAN, IR","2025-02-16","0.00",",,S",,,"53","H,,S","66",",,S",,
"IR000408560","ZAHEDAN, IR","2025-02-17","0.00",",,S",,,"59","H,,S","71",",,S","44",",,S"
"IR000408560","ZAHEDAN, IR","2025-02-18","0.00",",,S",,,"62","H,,S","72",",,S",,
"IR000408560","ZAHEDAN, IR","2025-02-19","0.00",",,S",,,"54","H,,S","66",",,S",,
"IR000408560","ZAHEDAN, IR","2025-02-20","0.00",",,S",,,"52","H,,S","63",",,S","35",",,S"
"IR000408560","ZAHEDAN, IR","2025-02-21","0.00",",,S",,,"61","H,,S","70",",,S","50",",,S"
"IR000408560","ZAHEDAN, IR","2025-02-22","0.00",",,S",,,"65","H,,S","76",",,S","47",",,S"
"IR000408560","ZAHEDAN, IR","2025-02-23","0.00",",,S",,,"66","H,,S","74",",,S",,
"IR000408560","ZAHEDAN, IR","2025-02-24","0.06",",,S",,,"63","H,,S","71",",,S",,
"IR000408560","ZAHEDAN, IR","2025-02-25","0.14",",,S",,,"60","H,,S","66",",,S",,
"IR000408560","ZAHEDAN, IR","2025-02-26","0.00",",,S",,,"49","H,,S","61",",,S",,
"IR000408560","ZAHEDAN, IR","2025-02-27","0.00",",,S",,,"54","H,,S","60",",,S",,
"IR000408560","ZAHEDAN, IR","2025-02-28","0.00",",,S",,,"49","H,,S",,,,
"IR000408560","ZAHEDAN, IR","2025-03-01","0.00",",,S",,,"56","H,,S",,,"35",",,S"
"IR000408560","ZAHEDAN, IR","2025-03-02","0.00",",,S",,,"56","H,,S","67",",,S",,
"IR000408560","ZAHEDAN, IR","2025-03-03","0.00",",,S",,,"46","H,,S","60",",,S",,
"IR000408560","ZAHEDAN, IR","2025-03-04","0.00",",,S",,,"48","H,,S","62",",,S","28",",,S"
"IR000408560","ZAHEDAN, IR","2025-03-05","0.00",",,S",,,"54","H,,S","67",",,S",,
"IR000408560","ZAHEDAN, IR","2025-03-06","0.00",",,S",,,"61","H,,S","78",",,S",,
"IR000408560","ZAHEDAN, IR","2025-03-07","0.00",",,S",,,"61","H,,S",,,"50",",,S"
"IR000408560","ZAHEDAN, IR","2025-03-08","0.00",",,S",,,"60","H,,S",,,"47",",,S"
"IR000408560","ZAHEDAN, IR","2025-03-09","0.00",",,S",,,"66","H,,S","78",",,S","50",",,S"
"IR000408560","ZAHEDAN, IR","2025-03-10","0.00",",,S",,,"66","H,,S","76",",,S",,
"IR000408560","ZAHEDAN, IR","2025-03-11","0.00",",,S",,,"69","H,,S",,,,
"IR000408560","ZAHEDAN, IR","2025-03-12","0.00",",,S",,,"64","H,,S","76",",,S",,
"IR000408560","ZAHEDAN, IR","2025-03-13","0.08",",,S",,,"56","H,,S","67",",,S",,
"IR000408560","ZAHEDAN, IR","2025-03-14","0.00",",,S",,,"56","H,,S",,,,
"IR000408560","ZAHEDAN, IR","2025-03-15","0.00",",,S",,,"56","H,,S","69",",,S","39",",,S"
"IR000408560","ZAHEDAN, IR","2025-03-16","0.00",",,S",,,"58","H,,S",,,"37",",,S"
"IRM00040798","SHAHRE KORD, IR","2025-01-01","0.02",",,S",,,"29","H,,S","38",",,S","19",",,S"
"IRM00040798","SHAHRE KORD, IR","2025-01-02","0.00",",,S","0.4",",,S","26","H,,S","35",",,S",,
"IRM00040798","SHAHRE KORD, IR","2025-01-03","0.00","D,,S","0.4",",,S","23","H,,S","36",",,S","10",",,S"
"IRM00040798","SHAHRE KORD, IR","2025-01-04","0.00",",,S",,,"25","H,,S","46",",,S","10",",,S"
"IRM00040798","SHAHRE KORD, IR","2025-01-05","0.00",",,S",,,"28","H,,S","49",",,S",,
"IRM00040798","SHAHRE KORD, IR","2025-01-06","0.00",",,S",,,"38","H,,S","56",",,S","12",",,S"
"IRM00040798","SHAHRE KORD, IR","2025-01-07","0.00",",,S",,,"38","H,,S","46",",,S",,
"IRM00040798","SHAHRE KORD, IR","2025-01-08","0.00",",,S",,,"33","H,,S",,,,
"IRM00040798","SHAHRE KORD, IR","2025-01-09","0.00",",,S",,,"31","H,,S","49",",,S","15",",,S"
"IRM00040798","SHAHRE KORD, IR","2025-01-10","0.00",",,S",,,"31","H,,S","53",",,S","14",",,S"
"IRM00040798","SHAHRE KORD, IR","2025-01-11","0.00",",,S",,,"34","H,,S","54",",,S","11",",,S"
"IRM00040798","SHAHRE KORD, IR","2025-01-12","0.00",",,S",,,"39","H,,S","50",",,S","25",",,S"
"IRM00040798","SHAHRE KORD, IR","2025-01-13","0.00",",,S",,,"32","H,,S","50",",,S",,
"IRM00040798","SHAHRE KORD, IR","2025-01-14","0.00",",,S",,,"29","H,,S","49",",,S","13",",,S"
"IRM00040798","SHAHRE KORD, IR","2025-01-15","0.00",",,S",,,"33","H,,S","57",",,S","8",",,S"
"IRM00040798","SHAHRE KORD, IR","2025-01-16","0.00",",,S",,,"36","H,,S","52",",,S","11",",,S"
"IRM00040798","SHAHRE KORD, IR","2025-01-17","0.02",",,S",,,"34","H,,S","46",",,S","24",",,S"
"IRM00040798","SHAHRE KORD, IR","2025-01-18","0.04",",,S",,,"28","H,,S",,,,
"IRM00040798","SHAHRE KORD, IR","2025-01-19","0.00",",,S",,,"28","H,,S","44",",,S","9",",,S"
"IRM00040798","SHAHRE KORD, IR","2025-01-20","0.00",",,S",,,"32","H,,S","45",",,S","13",",,S"
"IRM00040798","SHAHRE KORD, IR","2025-01-21","0.00",",,S",,,"30","H,,S","45",",,S","15",",,S"
"IRM00040798","SHAHRE KORD, IR","2025-01-22","0.00",",,S",,,"28","H,,S",,,"6",",,S"
"IRM00040798","SHAHRE KORD, IR","2025-01-23","0.00",",,S",,,"28","H,,S","47",",,S",,
"IRM00040798","SHAHRE KORD, IR","2025-01-24","0.00",",,S",,,"32","H,,S",,,"7",",,S"
"IRM00040798","SHAHRE KORD, IR","2025-01-25","0.00",",,S",,,"35","H,,S","52",",,S","13",",,S"
"IRM00040798","SHAHRE KORD, IR","2025-01-26","0.00",",,S",,,"37","H,,S","54",",,S","21",",,S"
"IRM00040798","SHAHRE KORD, IR","2025-01-27","0.26",",,S","1.2",",,S","34","H,,S","42",",,S",,
"IRM00040798","SHAHRE KORD, IR","2025-01-28","0.00",",,S",,,"33","H,,S","42",",,S","25",",,S"
"IRM00040798","SHAHRE KORD, IR","2025-01-29","0.00",",,S",,,"34","H,,S","44",",,S",,
"IRM00040798","SHAHRE KORD, IR","2025-01-30","0.00",",,S",,,"32","H,,S","39",",,S","26",",,S"
"IRM00040798","SHAHRE KORD, IR","2025-01-31","0.00",",,S",,,"30","H,,S","47",",,S",,
"IRM00040798","SHAHRE KORD, IR","2025-02-01","0.00",",,S",,,"33","H,,S",,,,
"IRM00040798","SHAHRE KORD, IR","2025-02-02","0.00",",,S",,,"32","H,,S",,,,
"IRM00040798","SHAHRE KORD, IR","2025-02-03","0.00",",,S",,,"31","H,,S",,,"12",",,S"
"IRM00040798","SHAHRE KORD, IR","2025-02-04","0.00",",,S",,,"34","H,,S","54",",,S","15",",,S"
"IRM00040798","SHAHRE KORD, IR","2025-02-05","0.00",",,S",,,"39","H,,S","56",",,S","15",",,S"
"IRM00040798","SHAHRE KORD, IR","2025-02-06","0.01",",,S",,,"37","H,,S","45",",,S","31",",,S"
"IRM00040798","SHAHRE KORD, IR","2025-02-07","0.09",",,S",,,"37","H,,S","44",",,S","33",",,S"
"IRM00040798","SHAHRE KORD, IR","2025-02-08","0.00",",,S",,,"37","H,,S","49",",,S","25",",,S"
"IRM00040798","SHAHRE KORD, IR","2025-02-09","0.00",",,S",,,"29","H,,S","40",",,S",,
"IRM00040798","SHAHRE KORD, IR","2025-02-10","0.00",",,S",,,"29","H,,S","43",",,S","10",",,S"
"IRM00040798","SHAHRE KORD, IR","2025-02-11","0.00",",,S",,,"36","H,,S","48",",,S",,
"IRM00040798","SHAHRE KORD, IR","2025-02-12","0.12",",,S",,,"36","H,,S","47",",,S","18",",,S"
"IRM00040798","SHAHRE KORD, IR","2025-02-13","0.17",",,S",,,"42","H,,S","51",",,S","33",",,S"
"IRM00040798","SHAHRE KORD, IR","2025-02-14","0.00",",,S",,,"43","H,,S","52",",,S","35",",,S"
"IRM00040798","SHAHRE KORD, IR","2025-02-15","0.00",",,S",,,"35","H,,S","52",",,S",,
"IRM00040798","SHAHRE KORD, IR","2025-02-16","0.00",",,S",,,"36","H,,S","55",",,S","10",",,S"
"IRM00040798","SHAHRE KORD, IR","2025-02-17","0.08",",,S",,,"37","H,,S","47",",,S",,
"IRM00040798","SHAHRE KORD, IR","2025-02-18","0.00",",,S",,,"31","H,,S","49",",,S",,
"IRM00040798","SHAHRE KORD, IR","2025-02-19","0.00",",,S",,,"31","H,,S","53",",,S","9",",,S"
"IRM00040798","SHAHRE KORD, IR","2025-02-20","0.00",",,S",,,"40","H,,S","54",",,S","17",",,S"
"IRM00040798","SHAHRE KORD, IR","2025-02-21","0.00",",,S",,,"44","H,,S",,,"33",",,S"
"IRM00040798","SHAHRE KORD, IR","2025-02-22","0.00",",,S",,,"44","H,,S","50",",,S","38",",,S"
"IRM00040798","SHAHRE KORD, IR","2025-02-23","0.00",",,S",,,"43","H,,S","53",",,S",,
"IRM00040798","SHAHRE KORD, IR","2025-02-24","0.00",",,S",,,"35","H,,S",,,,
"IRM00040798","SHAHRE KORD, IR","2025-02-25","0.00",",,S",,,"24","H,,S",,,,
"IRM00040798","SHAHRE KORD, IR","2025-02-26","0.00",",,S",,,"28","H,,S","43",",,S","5",",,S"
"IRM00040798","SHAHRE KORD, IR","2025-02-27","0.00",",,S",,,"29","H,,S","47",",,S",,
"IRM00040798","SHAHRE KORD, IR","2025-02-28","0.00",",,S",,,"29","H,,S",,,"9",",,S"
"IRM00040798","SHAHRE KORD, IR","2025-03-01","0.00",",,S",,,"36","H,,S","50",",,S","18",",,S"
"IRM00040798","SHAHRE KORD, IR","2025-03-02","0.00",",,S",,,"29","H,,S","44",",,S","10",",,S"
"IRM00040798","SHAHRE KORD, IR","2025-03-03","0.00",",,S",,,"33","H,,S","54",",,S","5",",,S"
"IRM00040798","SHAHRE KORD, IR","2025-03-04","0.00",",,S",,,"39","H,,S","57",",,S","10",",,S"
"IRM00040798","SHAHRE KORD, IR","2025-03-05","0.19",",,S",,,"40","H,,S","49",",,S","32",",,S"
"IRM00040798","SHAHRE KORD, IR","2025-03-06","0.04",",,S",,,"44","H,,S","56",",,S",,
"IRM00040798","SHAHRE KORD, IR","2025-03-07","0.19",",,S",,,"40","H,,S",,,"28",",,S"
"IRM00040798","SHAHRE KORD, IR","2025-03-08","0.80",",,S",,,"43","H,,S","50",",,S",,
"IRM00040798","SHAHRE KORD, IR","2025-03-09","0.00",",,S",,,"49","H,,S","59",",,S","40",",,S"
"IRM00040798","SHAHRE KORD, IR","2025-03-10","0.00",",,S",,,"47","H,,S","58",",,S",,
"IRM00040798","SHAHRE KORD, IR","2025-03-11","0.04",",,S",,,"43","H,,S","56",",,S","32",",,S"
"IRM00040798","SHAHRE KORD, IR","2025-03-12","0.00",",,S",,,"41","H,,S","56",",,S","26",",,S"
"IRM00040798","SHAHRE KORD, IR","2025-03-13","0.00",",,S",,,"45","H,,S","61",",,S","27",",,S"
"IRM00040798","SHAHRE KORD, IR","2025-03-14","0.00",",,S",,,"45","H,,S","63",",,S","26",",,S"
"IRM00040798","SHAHRE KORD, IR","2025-03-15","0.00",",,S",,,"46","H,,S","65",",,S","24",",,S"
"IRM00040798","SHAHRE KORD, IR","2025-03-16","0.00",",,S",,,"49","H,,S","66",",,S","25",",,S"
"IRM00040831","ABADAN, IR","2025-01-01","0.00",",,S",,,"54","H,,S","68",",,S",,
"IRM00040831","ABADAN, IR","2025-01-02","0.00",",,S",,,"53","H,,S","66",",,S","42",",,S"
"IRM00040831","ABADAN, IR","2025-01-03","0.00",",,S",,,"52","H,,S","67",",,S",,
"IRM00040831","ABADAN, IR","2025-01-04","0.00",",,S",,,"51","H,,S",,,,
"IRM00040831","ABADAN, IR","2025-01-05","0.00",",,S",,,"52","H,,S",,,"38",",,S"
"IRM00040831","ABADAN, IR","2025-01-06","0.00",",,S",,,"59","H,,S","66",",,S","43",",,S"
"IRM00040831","ABADAN, IR","2025-01-07","0.19",",,S",,,"59","H,,S","66",",,S","55",",,S"
"IRM00040831","ABADAN, IR","2025-01-08","0.00",",,S",,,"58","H,,S","65",",,S",,
"IRM00040831","ABADAN, IR","2025-01-09","0.00",",,S",,,"58","H,,S","71",",,S","47",",,S"
"IRM00040831","ABADAN, IR","2025-01-10","0.00",",,S",,,"58","H,,S",,,"46",",,S"
"IRM00040831","ABADAN, IR","2025-01-11","0.01",",,S",,,"61","H,,S","74",",,S","46",",,S"
"IRM00040831","ABADAN, IR","2025-01-12","0.00",",,S",,,"63","H,,S",,,,
"IRM00040831","ABADAN, IR","2025-01-13","0.00",",,S",,,"55","H,,S",,,,
"IRM00040831","ABADAN, IR","2025-01-14","0.00",",,S",,,"56","H,,S","69",",,S","45",",,S"
"IRM00040831","ABADAN, IR","2025-01-15","0.00",",,S",,,"57","H,,S","71",",,S","44",",,S"
"IRM00040831","ABADAN, IR","2025-01-16","0.00",",,S",,,"60","H,,S","70",",,S","46",",,S"
"IRM00040831","ABADAN, IR","2025-01-17","0.00",",,S",,,"59","H,,S","71",",,S",,
"IRM00040831","ABADAN, IR","2025-01-18","0.00",",,S",,,"57","H,,S",,,,
"IRM00040831","ABADAN, IR","2025-01-19","0.00",",,S",,,"55","H,,S",,,"43",",,S"
"IRM00040831","ABADAN, IR","2025-01-20","0.00",",,S",,,"56","H,,S","70",",,S","44",",,S"
"IRM00040831","ABADAN, IR","2025-01-21","0.00",",,S",,,"57","H,,S",,,,
"IRM00040831","ABADAN, IR","2025-01-22","0.00",",,S",,,"58","H,,S",,,,
"IRM00040831","ABADAN, IR","2025-01-23","0.00",",,S",,,"59","H,,S","72",",,S",,
"IRM00040831","ABADAN, IR","2025-01-24","0.00",",,S",,,"58","H,,S","69",",,S","47",",,S"
"IRM00040831","ABADAN, IR","2025-01-25","0.00",",,S",,,"61","H,,S","72",",,S","50",",,S"
"IRM00040831","ABADAN, IR","2025-01-26","0.00",",,S",,,"62","H,,S","72",",,S",,
"IRM00040831","ABADAN, IR","2025-01-27","0.00",",,S",,,"60","H,,S",,,,
"IRM00040831","ABADAN, IR","2025-01-28","0.00",",,S",,,"58","H,,S","70",",,S","46",",,S"
"IRM00040831","ABADAN, IR","2025-01-29","0.00",",,S",,,"58","H,,S","72",",,S",,
"IRM00040831","ABADAN, IR","2025-01-30","0.00",",,S",,,"57","H,,S","71",",,S","44",",,S"
"IRM00040831","ABADAN, IR","2025-01-31","0.00",",,S",,,"57","H,,S","74",",,S","44",",,S"
"IRM00040831","ABADAN, IR","2025-02-01","0.00",",,S",,,"56","H,,S",,,,
"IRM00040831","ABADAN, IR","2025-02-02","0.00",",,S",,,"56","H,,S",,,,
"IRM00040831","ABADAN, IR","2025-02-03","0.00",",,S",,,"56","H,,S","70",",,S","42",",,S"
"IRM00040831","ABADAN, IR","2025-02-04","0.00",",,S",,,"60","H,,S",,,"43",",,S"
"IRM00040831","ABADAN, IR","2025-02-05","0.00",",,S",,,"64","H,,S","72",",,S","55",",,S"
"IRM00040831","ABADAN, IR","2025-02-06","0.23",",,S",,,"65","H,,S","74",",,S",,
"IRM00040831","ABADAN, IR","2025-02-07","0.00",",,S",,,"59","H,,S",,,,
"IRM00040831","ABADAN, IR","2025-02-08","0.00",",,S",,,"56","H,,S","67",",,S",,
"IRM00040831","ABADAN, IR","2025-02-09","0.00",",,S",,,"53","H,,S","62",",,S","42",",,S"
"IRM00040831","ABADAN, IR","2025-02-10","0.00",",,S",,,"55","H,,S","68",",,S",,
"IRM00040831","ABADAN, IR","2025-02-11","0.00",",,S",,,"57","H,,S","65",",,S","48",",,S"
"IRM00040831","ABADAN, IR","2025-02-12","0.17",",,S",,,"57","H,,S","62",",,S",,
"IRM00040831","ABADAN, IR","2025-02-13","0.00",",,S",,,"60","H,,S",,,"54",",,S"
"IRM00040831","ABADAN, IR","2025-02-14","0.00",",,S",,,"61","H,,S","74",",,S",,
"IRM00040831","ABADAN, IR","2025-02-15","0.00",",,S",,,"58","H,,S","69",",,S",,
"IRM00040831","ABADAN, IR","2025-02-16","0.00",",,S",,,"57","H,,S","68",",,S",,
"IRM00040831","ABADAN, IR","2025-02-17","0.00",",,S",,,"60","H,,S",,,,
"IRM00040831","ABADAN, IR","2025-02-18","0.00",",,S",,,"59","H,,S",,,"49",",,S"
"IRM00040831","ABADAN, IR","2025-02-19","0.00",",,S",,,"61","H,,S","76",",,S",,
"IRM00040831","ABADAN, IR","2025-02-20","0.00",",,S",,,"62","H,,S",,,"54",",,S"
"IRM00040831","ABADAN, IR","2025-02-21","0.00",",,S",,,"65","H,,S",,,,
"IRM00040831","ABADAN, IR","2025-02-22","0.00",",,S",,,"66","H,,S","79",",,S",,
"IRM00040831","ABADAN, IR","2025-02-23","0.00",",,S",,,"58","H,,S","69",",,S",,
"IRM00040831","ABADAN, IR","2025-02-24","0.00",",,S",,,"52","H,,S","63",",,S",,
"IRM00040831","ABADAN, IR","2025-02-25","0.00",",,S",,,"47","H,,S","55",",,S","35",",,S"
"IRM00040831","ABADAN, IR","2025-02-26","0.00",",,S",,,"51","H,,S","61",",,S","39",",,S"
"IRM00040831","ABADAN, IR","2025-02-27","0.00",",,S",,,"53","H,,S","63",",,S",,
"IRM00040831","ABADAN, IR","2025-02-28","0.00",",,S",,,"50","H,,S",,,,
"IRM00040831","ABADAN, IR","2025-03-01","0.00",",,S",,,"56","H,,S",,,"39",",,S"
"IRM00040831","ABADAN, IR","2025-03-02","0.00",",,S",,,"59","H,,S","71",",,S","48",",,S"
"IRM00040831","ABADAN, IR","2025-03-03","0.00",",,S",,,"58","H,,S","73",",,S","43",",,S"
"IRM00040831","ABADAN, IR","2025-03-04","0.01",",,S",,,"58","H,,S","72",",,S","43",",,S"
"IRM00040831","ABADAN, IR","2025-03-05","0.00",",,S",,,"66","H,,S","76",",,S","55",",,S"
"IRM00040831","ABADAN, IR","2025-03-06","0.00",",,S",,,"66","H,,S","70",",,S",,
"IRM00040831","ABADAN, IR","2025-03-07","0.28",",,S",,,"64","H,,S",,,,
"IRM00040831","ABADAN, IR","2025-03-08","0.07",",,S",,,"64","H,,S",,,,
"IRM00040831","ABADAN, IR","2025-03-09","0.00",",,S",,,"67","H,,S","80",",,S",,
"IRM00040831","ABADAN, IR","2025-03-10","0.00",",,S",,,"69","H,,S","81",",,S",,
"IRM00040831","ABADAN, IR","2025-03-11","0.00",",,S",,,"68","H,,S","78",",,S",,
"IRM00040831","ABADAN, IR","2025-03-12","0.00",",,S",,,"68","H,,S",,,,
"IRM00040831","ABADAN, IR","2025-03-13","0.00",",,S",,,"71","H,,S","86",",,S","57",",,S"
"IRM00040831","ABADAN, IR","2025-03-14","0.00",",,S",,,"73","H,,S","88",",,S","57",",,S"
"IRM00040831","ABADAN, IR","2025-03-15","0.00",",,S",,,"74","H,,S",,,,
"IRM00040831","ABADAN, IR","2025-03-16","0.00",",,S",,,"73","H,,S","84",",,S",,
"IRM00040875","BANDAR ABBASS INTERNATIONAL, IR","2025-01-01","0.00",",,S",,,"71","H,,S","78",",,S","63",",,S"
"IRM00040875","BANDAR ABBASS INTERNATIONAL, IR","2025-01-02","0.00",",,S",,,"65","H,,S","75",",,S","51",",,S"
"IRM00040875","BANDAR ABBASS INTERNATIONAL, IR","2025-01-03","0.00",",,S",,,"62","H,,S","74",",,S",,
"IRM00040875","BANDAR ABBASS INTERNATIONAL, IR","2025-01-04","0.00",",,S",,,"57","H,,S","70",",,S",,
"IRM00040875","BANDAR ABBASS INTERNATIONAL, IR","2025-01-05","0.00",",,S",,,"57","H,,S","74",",,S","42",",,S"
"IRM00040875","BANDAR ABBASS INTERNATIONAL, IR","2025-01-06","0.00",",,S",,,"60","H,,S",,,"43",",,S"
"IRM00040875","BANDAR ABBASS INTERNATIONAL, IR","2025-01-07","0.00",",,S",,,"60","H,,S","79",",,S","44",",,S"
"IRM00040875","BANDAR ABBASS INTERNATIONAL, IR","2025-01-08","0.00",",,S",,,"62","H,,S","79",",,S","47",",,S"
"IRM00040875","BANDAR ABBASS INTERNATIONAL, IR","2025-01-09","0.00",",,S",,,"62","H,,S","81",",,S","49",",,S"
"IRM00040875","BANDAR ABBASS INTERNATIONAL, IR","2025-01-10","0.00",",,S",,,"62","H,,S","80",",,S","46",",,S"
"IRM00040875","BANDAR ABBASS INTERNATIONAL, IR","2025-01-11","0.00",",,S",,,"64","H,,S","82",",,S",,
"IRM00040875","BANDAR ABBASS INTERNATIONAL, IR","2025-01-12","0.00",",,S",,,"66","H,,S","80",",,S","55",",,S"
"IRM00040875","BANDAR ABBASS INTERNATIONAL, IR","2025-01-13","0.00",",,S",,,"68","H,,S","80",",,S","55",",,S"
"IRM00040875","BANDAR ABBASS INTERNATIONAL, IR","2025-01-14","0.00",",,S",,,"66","H,,S","78",",,S","54",",,S"
"IRM00040875","BANDAR ABBASS INTERNATIONAL, IR","2025-01-15","0.00",",,S",,,"66","H,,S",,,"52",",,S"
"IRM00040875","BANDAR ABBASS INTERNATIONAL, IR","2025-01-16","0.00",",,S",,,"67","H,,S","78",",,S","50",",,S"
"IRM00040875","BANDAR ABBASS INTERNATIONAL, IR","2025-01-17","0.00",",,S",,,"69","H,,S","76",",,S","60",",,S"
"IRM00040875","BANDAR ABBASS INTERNATIONAL, IR","2025-01-18","0.00",",,S",,,"67","H,,S","76",",,S","57",",,S"
"IRM00040875","BANDAR ABBASS INTERNATIONAL, IR","2025-01-19","0.00",",,S",,,"65","H,,S","76",",,S",,
"IRM00040875","BANDAR ABBASS INTERNATIONAL, IR","2025-01-20","0.00",",,S",,,"63","H,,S","74",",,S",,
"IRM00040875","BANDAR ABBASS INTERNATIONAL, IR","2025-01-21","0.00",",,S",,,"61","H,,S","73",",,S","47",",,S"
"IRM00040875","BANDAR ABBASS INTERNATIONAL, IR","2025-01-22","0.00",",,S",,,"64","H,,S",,,"49",",,S"
"IRM00040875","BANDAR ABBASS INTERNATIONAL, IR","2025-01-23","0.00",",,S",,,"63","H,,S","76",",,S",,
"IRM00040875","BANDAR ABBASS INTERNATIONAL, IR","2025-01-24","0.00",",,S",,,"60","H,,S","78",",,S","43",",,S"
"IRM00040875","BANDAR ABBASS INTERNATIONAL, IR","2025-01-25","0.00",",,S",,,"60","H,,S","77",",,S","40",",,S"
"IRM00040875","BANDAR ABBASS INTERNATIONAL, IR","2025-01-26","0.00",",,S",,,"62","H,,S",,,"44",",,S"
"IRM00040875","BANDAR ABBASS INTERNATIONAL, IR","2025-01-27","0.00",",,S",,,"68","H,,S","81",",,S","46",",,S"
"IRM00040875","BANDAR ABBASS INTERNATIONAL, IR","2025-01-28","0.00",",,S",,,"69","H,,S","79",",,S","60",",,S"
"IRM00040875","BANDAR ABBASS INTERNATIONAL, IR","2025-01-29","0.00",",,S",,,"68","H,,S","79",",,S","56",",,S"
"IRM00040875","BANDAR ABBASS INTERNATIONAL, IR","2025-01-30","0.00",",,S",,,"65","H,,S","78",",,S",,
"IRM00040875","BANDAR ABBASS INTERNATIONAL, IR","2025-01-31","0.00",",,S",,,"65","H,,S","77",",,S","53",",,S"
"IRM00040875","BANDAR ABBASS INTERNATIONAL, IR","2025-02-01","0.00",",,S",,,"64","H,,S",,,,
"IRM00040875","BANDAR ABBASS INTERNATIONAL, IR","2025-02-02","0.14",",,S",,,"58","H,,S",,,,
"IRM00040875","BANDAR ABBASS INTERNATIONAL, IR","2025-02-03","0.00",",,S",,,"61","H,,S","72",",,S","47",",,S"
"IRM00040875","BANDAR ABBASS INTERNATIONAL, IR","2025-02-04","0.00",",,S",,,"65","H,,S","76",",,S","50",",,S"
"IRM00040875","BANDAR ABBASS INTERNATIONAL, IR","2025-02-05","0.00",",,S",,,"64","H,,S","74",",,S","50",",,S"
"IRM00040875","BANDAR ABBASS INTERNATIONAL, IR","2025-02-06","0.00",",,S",,,"68","H,,S","76",",,S","56",",,S"
"IRM00040875","BANDAR ABBASS INTERNATIONAL, IR","2025-02-07","0.01",",,S",,,"70","H,,S",,,"58",",,S"
"IRM00040875","BANDAR ABBASS INTERNATIONAL, IR","2025-02-08","0.00",",,S",,,"71","H,,S","76",",,S","65",",,S"
"IRM00040875","BANDAR ABBASS INTERNATIONAL, IR","2025-02-09","0.00","D,,S",,,"69","H,,S",,,,
"IRM00040875","BANDAR ABBASS INTERNATIONAL, IR","2025-02-10","0.00",",,S",,,"65","H,,S","76",",,S","52",",,S"
"IRM00040875","BANDAR ABBASS INTERNATIONAL, IR","2025-02-11","0.00",",,S",,,"67","H,,S","79",",,S","54",",,S"
"IRM00040875","BANDAR ABBASS INTERNATIONAL, IR","2025-02-12","0.00",",,S",,,"72","H,,S","85",",,S","55",",,S"
"IRM00040875","BANDAR ABBASS INTERNATIONAL, IR","2025-02-13","0.00",",,S",,,"73","H,,S","84",",,S","60",",,S"
"IRM00040875","BANDAR ABBASS INTERNATIONAL, IR","2025-02-14","0.00",",,S",,,"74","H,,S","83",",,S",,
"IRM00040875","BANDAR ABBASS INTERNATIONAL, IR","2025-02-15","0.00",",,S",,,"70","H,,S","76",",,S","61",",,S"
"IRM00040875","BANDAR ABBASS INTERNATIONAL, IR","2025-02-16","0.01",",,S",,,"71","H,,S","79",",,S","64",",,S"
"IRM00040875","BANDAR ABBASS INTERNATIONAL, IR","2025-02-17","0.02",",,S",,,"70","H,,S","78",",,S",,
"IRM00040875","BANDAR ABBASS INTERNATIONAL, IR","2025-02-18","0.00",",,S",,,"72","H,,S",,,"58",",,S"
"IRM00040875","BANDAR ABBASS INTERNATIONAL, IR","2025-02-19","0.00",",,S",,,"71","H,,S","82",",,S",,
"IRM00040875","BANDAR ABBASS INTERNATIONAL, IR","2025-02-20","0.02",",,S",,,"70","H,,S","83",",,S","55",",,S"
"IRM00040875","BANDAR ABBASS INTERNATIONAL, IR","2025-02-21","0.01",",,S",,,"73","H,,S","83",",,S",,
"IRM00040875","BANDAR ABBASS INTERNATIONAL, IR","2025-02-22","0.00",",,S",,,"70","H,,S","83",",,S","57",",,S"
"IRM00040875","BANDAR ABBASS INTERNATIONAL, IR","2025-02-23","0.00",",,S",,,"74","H,,S","85",",,S","58",",,S"
"IRM00040875","BANDAR ABBASS INTERNATIONAL, IR","2025-02-24","0.00",",,S",,,"74","H,,S","80",",,S",,
"IRM00040875","BANDAR ABBASS INTERNATIONAL, IR","2025-02-25","0.00",",,S",,,"74","H,,S",,,"68",",,S"
"IRM00040875","BANDAR ABBASS INTERNATIONAL, IR","2025-02-26","0.00",",,S",,,"68","H,,S","75",",,S","58",",,S"
"IRM00040875","BANDAR ABBASS INTERNATIONAL, IR","2025-02-27","0.00",",,S",,,"69","H,,S","72",",,S",,
"IRM00040875","BANDAR ABBASS INTERNATIONAL, IR","2025-02-28","0.00",",,S",,,"66","H,,S",,,,
"IRM00040875","BANDAR ABBASS INTERNATIONAL, IR","2025-03-01","0.00",",,S",,,"66","H,,S","77",",,S","52",",,S"
"IRM00040875","BANDAR ABBASS INTERNATIONAL, IR","2025-03-02","0.00",",,S",,,"68","H,,S","79",",,S",,
"IRM00040875","BANDAR ABBASS INTERNATIONAL, IR","2025-03-03","0.00",",,S",,,"68","H,,S",,,,
"IRM00040875","BANDAR ABBASS INTERNATIONAL, IR","2025-03-04","0.00",",,S",,,"70","H,,S","82",",,S","55",",,S"
"IRM00040875","BANDAR ABBASS INTERNATIONAL, IR","2025-03-05","0.00",",,S",,,"70","H,,S","84",",,S",,
"IRM00040875","BANDAR ABBASS INTERNATIONAL, IR","2025-03-06","0.00",",,S",,,"73","H,,S","85",",,S",,
"IRM00040875","BANDAR ABBASS INTERNATIONAL, IR","2025-03-07","0.00",",,S",,,"80","H,,S","92",",,S","67",",,S"
"IRM00040875","BANDAR ABBASS INTERNATIONAL, IR","2025-03-08","0.00",",,S",,,"80","H,,S","94",",,S",,
"IRM00040875","BANDAR ABBASS INTERNATIONAL, IR","2025-03-09","0.01",",,S",,,"78","H,,S",,,,
"IRM00040875","BANDAR ABBASS INTERNATIONAL, IR","2025-03-10","0.00",",,S",,,"80","H,,S",,,,
"IRM00040875","BANDAR ABBASS INTERNATIONAL, IR","2025-03-11","0.00",",,S",,,"80","H,,S","93",",,S","67",",,S"
"IRM00040875","BANDAR ABBASS INTERNATIONAL, IR","2025-03-12","0.00",",,S",,,"78","H,,S","90",",,S","66",",,S"
"IRM00040875","BANDAR ABBASS INTERNATIONAL, IR","2025-03-13","0.00",",,S",,,"75","H,,S","86",",,S",,
"IRM00040875","BANDAR ABBASS INTERNATIONAL, IR","2025-03-14","0.00",",,S",,,"78","H,,S","88",",,S","65",",,S"
"IRM00040875","BANDAR ABBASS INTERNATIONAL, IR","2025-03-15","0.00",",,S",,,"77","H,,S","90",",,S","60",",,S"
"IRM00040875","BANDAR ABBASS INTERNATIONAL, IR","2025-03-16","0.00",",,S",,,"79","H,,S","90",",,S","60",",,S"
"IRM00040731","GHAZVIN, IR","2025-01-01","0.00",",,S",,,"33","H,,S","47",",,S",,
"IRM00040731","GHAZVIN, IR","2025-01-02","0.00",",,S",,,"32","H,,S","46",",,S","23",",,S"
"IRM00040731","GHAZVIN, IR","2025-01-03","0.00",",,S",,,"33","H,,S","47",",,S","22",",,S"
"IRM00040731","GHAZVIN, IR","2025-01-04","0.00",",,S",,,"35","H,,S","54",",,S","23",",,S"
"IRM00040731","GHAZVIN, IR","2025-01-05","0.00",",,S",,,"39","H,,S",,,"24",",,S"
"IRM00040731","GHAZVIN, IR","2025-01-06","0.02",",,S",,,"38","H,,S","45",",,S","30",",,S"
"IRM00040731","GHAZVIN, IR","2025-01-07","0.00",",,S",,,"36","H,,S","47",",,S","27",",,S"
"IRM00040731","GHAZVIN, IR","2025-01-08","0.00",",,S",,,"39","H,,S","52",",,S","30",",,S"
"IRM00040731","GHAZVIN, IR","2025-01-09","0.00",",,S",,,"40","H,,S","54",",,S","28",",,S"
"IRM00040731","GHAZVIN, IR","2025-01-10","0.00",",,S",,,"40","H,,S","54",",,S","27",",,S"
"IRM00040731","GHAZVIN, IR","2025-01-11","0.00",",,S",,,"42","H,,S","55",",,S","30",",,S"
"IRM00040731","GHAZVIN, IR","2025-01-12","0.00",",,S",,,"42","H,,S","53",",,S",,
"IRM00040731","GHAZVIN, IR","2025-01-13","0.00",",,S",,,"40","H,,S","55",",,S","28",",,S"
"IRM00040731","GHAZVIN, IR","2025-01-14","0.00",",,S",,,"38","H,,S","53",",,S","26",",,S"
"IRM00040731","GHAZVIN, IR","2025-01-15","0.00",",,S",,,"41","H,,S","53",",,S","28",",,S"
"IRM00040731","GHAZVIN, IR","2025-01-16","0.00",",,S",,,"42","H,,S","56",",,S","28",",,S"
"IRM00040731","GHAZVIN, IR","2025-01-17","0.00",",,S",,,"40","H,,S","52",",,S",,
"IRM00040731","GHAZVIN, IR","2025-01-18","0.00",",,S",,,"37","H,,S","47",",,S","24",",,S"
"IRM00040731","GHAZVIN, IR","2025-01-19","0.00",",,S",,,"37","H,,S","45",",,S",,
"IRM00040731","GHAZVIN, IR","2025-01-20","0.00",",,S",,,"33","H,,S","40",",,S",,
"IRM00040731","GHAZVIN, IR","2025-01-21","0.00",",,S",,,"33","H,,S",,,"20",",,S"
"IRM00040731","GHAZVIN, IR","2025-01-22","0.00",",,S",,,"35","H,,S","47",",,S",,
"IRM00040731","GHAZVIN, IR","2025-01-23","0.00",",,S",,,"37","H,,S","46",",,S","31",",,S"
"IRM00040731","GHAZVIN, IR","2025-01-24","0.00",",,S",,,"39","H,,S",,,"30",",,S"
"IRM00040731","GHAZVIN, IR","2025-01-25","0.00",",,S",,,"41","H,,S","49",",,S","33",",,S"
"IRM00040731","GHAZVIN, IR","2025-01-26","0.00",",,S",,,"40","H,,S","51",",,S","32",",,S"
"IRM00040731","GHAZVIN, IR","2025-01-27","0.12",",,S",,,"36","H,,S","40",",,S",,
"IRM00040731","GHAZVIN, IR","2025-01-28","0.00",",,S",,,"34","H,,S","45",",,S",,
"IRM00040731","GHAZVIN, IR","2025-01-29","0.00",",,S",,,"35","H,,S","45",",,S","23",",,S"
"IRM00040731","GHAZVIN, IR","2025-01-30","0.00",",,S",,,"36","H,,S","52",",,S","25",",,S"
"IRM00040731","GHAZVIN, IR","2025-01-31","0.00",",,S",,,"37","H,,S","51",",,S","23",",,S"
"IRM00040731","GHAZVIN, IR","2025-02-01","0.00",",,S",,,"38","H,,S",,,,
"IRM00040731","GHAZVIN, IR","2025-02-02","0.00",",,S",,,"37","H,,S",,,,
"IRM00040731","GHAZVIN, IR","2025-02-03","0.00",",,S",,,"37","H,,S","54",",,S","24",",,S"
"IRM00040731","GHAZVIN, IR","2025-02-04","0.00",",,S",,,"39","H,,S","54",",,S",,
"IRM00040731","GHAZVIN, IR","2025-02-05","0.00",",,S",,,"42","H,,S","52",",,S","28",",,S"
"IRM00040731","GHAZVIN, IR","2025-02-06","0.21",",,S",,,"40","H,,S","50",",,S",,
"IRM00040731","GHAZVIN, IR","2025-02-07","0.29",",,S","1.2",",,S","34","H,,S","39",",,S",,
"IRM00040731","GHAZVIN, IR","2025-02-08","0.00",",,S",,,"33","H,,S","44",",,S","23",",,S"
"IRM00040731","GHAZVIN, IR","2025-02-09","0.02",",,S","0.4",",,S","29","H,,S","38",",,S",,
"IRM00040731","GHAZVIN, IR","2025-02-10","0.00",",,S",,,"26","H,,S","36",",,S","17",",,S"
"IRM00040731","GHAZVIN, IR","2025-02-11","0.00",",,S",,,"31","H,,S","41",",,S",,
"IRM00040731","GHAZVIN, IR","2025-02-12","0.00",",,S",,,"34","H,,S","45",",,S","19",",,S"
"IRM00040731","GHAZVIN, IR","2025-02-13","0.00",",,S",,,"35","H,,S","42",",,S","28",",,S"
"IRM00040731","GHAZVIN, IR","2025-02-14","0.07",",,S",,,"35","H,,S","43",",,S",,
"IRM00040731","GHAZVIN, IR","2025-02-15","0.00",",,S",,,"35","H,,S","48",",,S","24",",,S"
"IRM00040731","GHAZVIN, IR","2025-02-16","0.00",",,S",,,"39","H,,S",,,"23",",,S"
"IRM00040731","GHAZVIN, IR","2025-02-17","0.13",",,S",,,"35","H,,S","44",",,S",,
"IRM00040731","GHAZVIN, IR","2025-02-18","0.00",",,S",,,"38","H,,S","52",",,S","24",",,S"
"IRM00040731","GHAZVIN, IR","2025-02-19","0.00",",,S",,,"40","H,,S","54",",,S","24",",,S"
"IRM00040731","GHAZVIN, IR","2025-02-20","0.00",",,S",,,"45","H,,S","56",",,S",,
"IRM00040731","GHAZVIN, IR","2025-02-21","0.00",",,S",,,"42","H,,S","50",",,S",,
"IRM00040731","GHAZVIN, IR","2025-02-22","0.19",",,S",,,"35","H,,S","47",",,S","27",",,S"
"IRM00040731","GHAZVIN, IR","2025-02-23","0.01",",,S","1.6",",,S","33","H,,S","42",",,S","24",",,S"
"IRM00040731","GHAZVIN, IR","2025-02-24","0.00",",,S",,,"27","H,,S","35",",,S",,
"IRM00040731","GHAZVIN, IR","2025-02-25","0.00",",,S",,,"24","H,,S","35",",,S","16",",,S"
"IRM00040731","GHAZVIN, IR","2025-02-26","0.00",",,S",,,"27","H,,S",,,"15",",,S"
"IRM00040731","GHAZVIN, IR","2025-02-27","0.00",",,S",,,"29","H,,S","42",",,S","17",",,S"
"IRM00040731","GHAZVIN, IR","2025-02-28","0.00",",,S",,,"29","H,,S",,,"15",",,S"
"IRM00040731","GHAZVIN, IR","2025-03-01","0.00",",,S",,,"33","H,,S","45",",,S","22",",,S"
"IRM00040731","GHAZVIN, IR","2025-03-02","0.00",",,S",,,"30","H,,S","41",",,S",,
"IRM00040731","GHAZVIN, IR","2025-03-03","0.00",",,S",,,"35","H,,S","46",",,S","18",",,S"
"IRM00040731","GHAZVIN, IR","2025-03-04","0.00",",,S",,,"42","H,,S","55",",,S","31",",,S"
"IRM00040731","GHAZVIN, IR","2025-03-05","0.00",",,S",,,"45","H,,S","55",",,S","35",",,S"
"IRM00040731","GHAZVIN, IR","2025-03-06","0.00",",,S",,,"47","H,,S","60",",,S",,
"IRM00040731","GHAZVIN, IR","2025-03-07","0.00",",,S",,,"49","H,,S","63",",,S","31",",,S"
"IRM00040731","GHAZVIN, IR","2025-03-08","0.50",",,S",,,"47","H,,S","54",",,S",,
"IRM00040731","GHAZVIN, IR","2025-03-09","0.17",",,S",,,"45","H,,S","52",",,S",,
"IRM00040731","GHAZVIN, IR","2025-03-10","0.00",",,S",,,"47","H,,S","57",",,S","38",",,S"
"IRM00040731","GHAZVIN, IR","2025-03-11","0.00",",,S",,,"49","H,,S","62",",,S",,
"IRM00040731","GHAZVIN, IR","2025-03-12","0.00",",,S",,,"51","H,,S","65",",,S","37",",,S"
"IRM00040731","GHAZVIN, IR","2025-03-13","0.00",",,S",,,"53","H,,S","69",",,S","38",",,S"
"IRM00040731","GHAZVIN, IR","2025-03-14","0.00",",,S",,,"55","H,,S","69",",,S","38",",,S"
"IRM00040731","GHAZVIN, IR","2025-03-15","0.00",",,S",,,"56","H,,S","69",",,S","42",",,S"
"IRM00040731","GHAZVIN, IR","2025-03-16","0.00",",,S",,,"57","H,,S","72",",,S","42",",,S"
